[-2878585ms] [INFO] This page uses Chrome's Built-In AI features (LanguageDetector)! We're always improving our models; please submit your feedback here: https://issues.chromium.org/issues/new?component=1583316 @ chrome-extension://bpoadfkcbjbfhfodiogcnhhhpibjhbnh/content_main.js:4846
[-2878894ms] [INFO] %c bili-fe-mirror %c v2.1.0  padding: 2px 6px; border-radius: 3px 0 0 3px; color: #fff; background: #FF6699; font-weight: bold; padding: 2px 6px; border-radius: 0 3px 3px 0; color: #fff; background: #FF9999; font-weight: bold; @ https://s1.hdslb.com/bfs/seed/jinkela/short/b-mirror/biliMirror.umd.mini.js:1
[-2878893ms] [LOG] 白屏检测是否正常 Object @ https://www.bilibili.com/?spm_id_from=333.1007.0.0:159
[-2876463ms] [INFO] %c%s line-height: 30px; color: #FF6699 bili-fe-fp: 1.1.4 @ https://s1.hdslb.com/bfs/seed/jinkela/short/user-fingerprint/bili-user-fingerprint.min.js:0
[ 1769960ms] [ERROR] Failed to load resource: net::ERR_CONNECTION_CLOSED @ https://hm.baidu.com/hm.js?98beee57fd2ef70ccdd5ca52b9740c49:0
[ 1770217ms] [LOG] %c知乎 ฅ՞•ﻌ•՞ฅ color:#1772F6;font-weight:bold;font-size:6em;padding:10px 30px;text-shadow:0.7px -1px 0 rgb(255 255 255 / 100%),1.4px -2px 0 rgb(255 255 255 / 96%),2.0999999999999996px -3px 0 rgb(255 255 255 / 92%),2.8px -4px 0 rgb(255 255 255 / 88%),-1px 1px 2px rgb(0 0 0 / 70%),-2px 2px 4px rgb(0 0 0 / 70%),-3px 3px 6px rgb(0 0 0 / 70%);background: linear-gradient(to right top,oklab(58.2% -0.04 -0.21),oklab(58.2% -0.376 -0.21)); @ https://unpkg.zhimg.com/@cfe/sentry-script@1.3.1/dist/init.js:0
[ 1770218ms] [LOG] 加入知乎 https://s.zhihu.com/BDXoD @ https://unpkg.zhimg.com/@cfe/sentry-script@1.3.1/dist/init.js:0
[ 1770299ms] [ERROR] Failed to load resource: net::ERR_BLOCKED_BY_CLIENT @ https://www.zhihu.com/commercial_api/banners_v3/home_up:0
[ 1770299ms] [ERROR] TypeError: Failed to fetch
    at https://unpkg.zhimg.com/@cfe/sentry-script@1.3.1/dist/init.js:1:28507
    at eD (https://static.zhihu.com/heifetz/479.app.d33be5c23176c6688c1f.js:76:145926)
    at eo.loadBannerRequest (https://static.zhihu.com/heifetz/479.app.d33be5c23176c6688c1f.js:76:59199)
    at eo.load (https://static.zhihu.com/heifetz/479.app.d33be5c23176c6688c1f.js:76:60337)
    at eo.value (https://static.zhihu.com/heifetz/479.app.d33be5c23176c6688c1f.js:76:62197)
    at Bj (https://static.zhihu.com/event/react-dom@17.0.2/umd/react-dom.production.min.js:144:273)
    at Qj (https://static.zhihu.com/event/react-dom@17.0.2/umd/react-dom.production.min.js:176:361)
    at unstable_runWithPriority (https://static.zhihu.com/event/react@17.0.2/umd/react.production.min.js:24:26)
    at Za (https://static.zhihu.com/event/react-dom@17.0.2/umd/react-dom.production.min.js:73:8)
    at eb (https://static.zhihu.com/event/react-dom@17.0.2/umd/react-dom.production.min.js:170:163)
    at gf (https://static.zhihu.com/event/react-dom@17.0.2/umd/react-dom.production.min.js:162:317)
    at https://static.zhihu.com/event/react-dom@17.0.2/umd/react-dom.production.min.js:73:230
    at unstable_runWithPriority (https://static.zhihu.com/event/react@17.0.2/umd/react.production.min.js:24:26)
    at Za (https://static.zhihu.com/event/react-dom@17.0.2/umd/react-dom.production.min.js:73:8)
    at $g (https://static.zhihu.com/event/react-dom@17.0.2/umd/react-dom.production.min.js:73:176)
    at ja (https://static.zhihu.com/event/react-dom@17.0.2/umd/react-dom.production.min.js:73:111)
    at Pa (https://static.zhihu.com/event/react-dom@17.0.2/umd/react-dom.production.min.js:157:212)
    at Object.enqueueSetState (https://static.zhihu.com/event/react-dom@17.0.2/umd/react-dom.production.min.js:218:344)
    at v.setState (https://static.zhihu.com/event/react@17.0.2/umd/react.production.min.js:19:126)
    at https://static.zhihu.com/heifetz/vendor.34378963658eb961e183.js:24:28642
    at https://static.zhihu.com/heifetz/vendor.34378963658eb961e183.js:24:23351
    at https://static.zhihu.com/heifetz/vendor.34378963658eb961e183.js:24:20144
    at n (https://static.zhihu.com/heifetz/vendor.34378963658eb961e183.js:24:16533)
    at https://static.zhihu.com/heifetz/vendor.34378963658eb961e183.js:24:16645
    at https://static.zhihu.com/heifetz/vendor.34378963658eb961e183.js:24:16731
    at https://static.zhihu.com/heifetz/vendor.34378963658eb961e183.js:24:16891
    at https://static.zhihu.com/heifetz/vendor.34378963658eb961e183.js:24:16625
    at Array.forEach (<anonymous>)
    at https://static.zhihu.com/heifetz/vendor.34378963658eb961e183.js:24:16603
    at T (https://static.zhihu.com/heifetz/vendor.34378963658eb961e183.js:24:16658)
    at u (https://static.zhihu.com/heifetz/vendor.34378963658eb961e183.js:24:20119)
    at c (https://static.zhihu.com/heifetz/vendor.34378963658eb961e183.js:24:15748)
    at _ (https://static.zhihu.com/heifetz/vendor.34378963658eb961e183.js:24:15754)
    at n (https://static.zhihu.com/heifetz/vendor.34378963658eb961e183.js:24:21162)
    at runEnterHooks (https://static.zhihu.com/heifetz/vendor.34378963658eb961e183.js:24:21368)
    at https://static.zhihu.com/heifetz/vendor.34378963658eb961e183.js:24:20327
    at n (https://static.zhihu.com/heifetz/vendor.34378963658eb961e183.js:24:21120)
    at runChangeHooks (https://static.zhihu.com/heifetz/vendor.34378963658eb961e183.js:24:21611)
    at s (https://static.zhihu.com/heifetz/vendor.34378963658eb961e183.js:24:20283)
    at https://static.zhihu.com/heifetz/vendor.34378963658eb961e183.js:24:19970
    at n (https://static.zhihu.com/heifetz/vendor.34378963658eb961e183.js:24:15569)
    at https://static.zhihu.com/heifetz/vendor.34378963658eb961e183.js:24:19595
    at https://static.zhihu.com/heifetz/vendor.34378963658eb961e183.js:24:19489
    at n (https://static.zhihu.com/heifetz/vendor.34378963658eb961e183.js:24:15569)
    at https://static.zhihu.com/heifetz/vendor.34378963658eb961e183.js:24:19595
    at https://static.zhihu.com/heifetz/vendor.34378963658eb961e183.js:24:19489
    at n (https://static.zhihu.com/heifetz/vendor.34378963658eb961e183.js:24:15569)
    at https://static.zhihu.com/heifetz/vendor.34378963658eb961e183.js:24:19595
    at https://static.zhihu.com/heifetz/vendor.34378963658eb961e183.js:24:19489
    at c (https://static.zhihu.com/heifetz/vendor.34378963658eb961e183.js:24:15712) @ chrome-extension://fmkadmapgofadopljbjfkapdkoienihi/build/installHook.js:0
[ 1770300ms] [ERROR] Failed to load resource: net::ERR_BLOCKED_BY_CLIENT @ https://www.zhihu.com/commercial_api/banners_v3/pc_top_banner?:0
[ 1770300ms] [ERROR] TypeError: Failed to fetch
    at https://unpkg.zhimg.com/@cfe/sentry-script@1.3.1/dist/init.js:1:28507
    at eM (https://static.zhihu.com/heifetz/479.app.d33be5c23176c6688c1f.js:76:146181)
    at https://static.zhihu.com/heifetz/479.app.d33be5c23176c6688c1f.js:76:82140
    at https://static.zhihu.com/heifetz/479.app.d33be5c23176c6688c1f.js:76:82252
    at Tj (https://static.zhihu.com/event/react-dom@17.0.2/umd/react-dom.production.min.js:179:399)
    at unstable_runWithPriority (https://static.zhihu.com/event/react@17.0.2/umd/react.production.min.js:24:26)
    at Za (https://static.zhihu.com/event/react-dom@17.0.2/umd/react-dom.production.min.js:73:8)
    at Ra (https://static.zhihu.com/event/react-dom@17.0.2/umd/react-dom.production.min.js:178:368)
    at gf (https://static.zhihu.com/event/react-dom@17.0.2/umd/react-dom.production.min.js:161:497)
    at https://static.zhihu.com/event/react-dom@17.0.2/umd/react-dom.production.min.js:73:230
    at unstable_runWithPriority (https://static.zhihu.com/event/react@17.0.2/umd/react.production.min.js:24:26)
    at Za (https://static.zhihu.com/event/react-dom@17.0.2/umd/react-dom.production.min.js:73:8)
    at $g (https://static.zhihu.com/event/react-dom@17.0.2/umd/react-dom.production.min.js:73:176)
    at ja (https://static.zhihu.com/event/react-dom@17.0.2/umd/react-dom.production.min.js:73:111)
    at Pa (https://static.zhihu.com/event/react-dom@17.0.2/umd/react-dom.production.min.js:157:212)
    at Object.enqueueSetState (https://static.zhihu.com/event/react-dom@17.0.2/umd/react-dom.production.min.js:218:344)
    at v.setState (https://static.zhihu.com/event/react@17.0.2/umd/react.production.min.js:19:126)
    at https://static.zhihu.com/heifetz/vendor.34378963658eb961e183.js:24:28642
    at https://static.zhihu.com/heifetz/vendor.34378963658eb961e183.js:24:23351
    at https://static.zhihu.com/heifetz/vendor.34378963658eb961e183.js:24:20144
    at n (https://static.zhihu.com/heifetz/vendor.34378963658eb961e183.js:24:16533)
    at https://static.zhihu.com/heifetz/vendor.34378963658eb961e183.js:24:16645
    at https://static.zhihu.com/heifetz/vendor.34378963658eb961e183.js:24:16731
    at https://static.zhihu.com/heifetz/vendor.34378963658eb961e183.js:24:16891
    at https://static.zhihu.com/heifetz/vendor.34378963658eb961e183.js:24:16625
    at Array.forEach (<anonymous>)
    at https://static.zhihu.com/heifetz/vendor.34378963658eb961e183.js:24:16603
    at T (https://static.zhihu.com/heifetz/vendor.34378963658eb961e183.js:24:16658)
    at u (https://static.zhihu.com/heifetz/vendor.34378963658eb961e183.js:24:20119)
    at c (https://static.zhihu.com/heifetz/vendor.34378963658eb961e183.js:24:15748)
    at _ (https://static.zhihu.com/heifetz/vendor.34378963658eb961e183.js:24:15754)
    at n (https://static.zhihu.com/heifetz/vendor.34378963658eb961e183.js:24:21162)
    at runEnterHooks (https://static.zhihu.com/heifetz/vendor.34378963658eb961e183.js:24:21368)
    at https://static.zhihu.com/heifetz/vendor.34378963658eb961e183.js:24:20327
    at n (https://static.zhihu.com/heifetz/vendor.34378963658eb961e183.js:24:21120)
    at runChangeHooks (https://static.zhihu.com/heifetz/vendor.34378963658eb961e183.js:24:21611)
    at s (https://static.zhihu.com/heifetz/vendor.34378963658eb961e183.js:24:20283)
    at https://static.zhihu.com/heifetz/vendor.34378963658eb961e183.js:24:19970
    at n (https://static.zhihu.com/heifetz/vendor.34378963658eb961e183.js:24:15569)
    at https://static.zhihu.com/heifetz/vendor.34378963658eb961e183.js:24:19595
    at https://static.zhihu.com/heifetz/vendor.34378963658eb961e183.js:24:19489
    at n (https://static.zhihu.com/heifetz/vendor.34378963658eb961e183.js:24:15569)
    at https://static.zhihu.com/heifetz/vendor.34378963658eb961e183.js:24:19595
    at https://static.zhihu.com/heifetz/vendor.34378963658eb961e183.js:24:19489
    at n (https://static.zhihu.com/heifetz/vendor.34378963658eb961e183.js:24:15569)
    at https://static.zhihu.com/heifetz/vendor.34378963658eb961e183.js:24:19595
    at https://static.zhihu.com/heifetz/vendor.34378963658eb961e183.js:24:19489
    at c (https://static.zhihu.com/heifetz/vendor.34378963658eb961e183.js:24:15712)
    at _ (https://static.zhihu.com/heifetz/vendor.34378963658eb961e183.js:24:15754)
    at B (https://static.zhihu.com/heifetz/vendor.34378963658eb961e183.js:24:18425) @ chrome-extension://fmkadmapgofadopljbjfkapdkoienihi/build/installHook.js:0
[ 1770301ms] [ERROR] Failed to load resource: net::ERR_BLOCKED_BY_CLIENT @ https://www.zhihu.com/commercial_api/banners_v3/pc_right_banner?:0
[ 1770301ms] [ERROR] TypeError: Failed to fetch
    at https://unpkg.zhimg.com/@cfe/sentry-script@1.3.1/dist/init.js:1:28507
    at eM (https://static.zhihu.com/heifetz/479.app.d33be5c23176c6688c1f.js:76:146181)
    at https://static.zhihu.com/heifetz/479.app.d33be5c23176c6688c1f.js:76:83540
    at https://static.zhihu.com/heifetz/479.app.d33be5c23176c6688c1f.js:76:83654
    at Tj (https://static.zhihu.com/event/react-dom@17.0.2/umd/react-dom.production.min.js:179:399)
    at unstable_runWithPriority (https://static.zhihu.com/event/react@17.0.2/umd/react.production.min.js:24:26)
    at Za (https://static.zhihu.com/event/react-dom@17.0.2/umd/react-dom.production.min.js:73:8)
    at Ra (https://static.zhihu.com/event/react-dom@17.0.2/umd/react-dom.production.min.js:178:368)
    at gf (https://static.zhihu.com/event/react-dom@17.0.2/umd/react-dom.production.min.js:161:497)
    at https://static.zhihu.com/event/react-dom@17.0.2/umd/react-dom.production.min.js:73:230
    at unstable_runWithPriority (https://static.zhihu.com/event/react@17.0.2/umd/react.production.min.js:24:26)
    at Za (https://static.zhihu.com/event/react-dom@17.0.2/umd/react-dom.production.min.js:73:8)
    at $g (https://static.zhihu.com/event/react-dom@17.0.2/umd/react-dom.production.min.js:73:176)
    at ja (https://static.zhihu.com/event/react-dom@17.0.2/umd/react-dom.production.min.js:73:111)
    at Pa (https://static.zhihu.com/event/react-dom@17.0.2/umd/react-dom.production.min.js:157:212)
    at Object.enqueueSetState (https://static.zhihu.com/event/react-dom@17.0.2/umd/react-dom.production.min.js:218:344)
    at v.setState (https://static.zhihu.com/event/react@17.0.2/umd/react.production.min.js:19:126)
    at https://static.zhihu.com/heifetz/vendor.34378963658eb961e183.js:24:28642
    at https://static.zhihu.com/heifetz/vendor.34378963658eb961e183.js:24:23351
    at https://static.zhihu.com/heifetz/vendor.34378963658eb961e183.js:24:20144
    at n (https://static.zhihu.com/heifetz/vendor.34378963658eb961e183.js:24:16533)
    at https://static.zhihu.com/heifetz/vendor.34378963658eb961e183.js:24:16645
    at https://static.zhihu.com/heifetz/vendor.34378963658eb961e183.js:24:16731
    at https://static.zhihu.com/heifetz/vendor.34378963658eb961e183.js:24:16891
    at https://static.zhihu.com/heifetz/vendor.34378963658eb961e183.js:24:16625
    at Array.forEach (<anonymous>)
    at https://static.zhihu.com/heifetz/vendor.34378963658eb961e183.js:24:16603
    at T (https://static.zhihu.com/heifetz/vendor.34378963658eb961e183.js:24:16658)
    at u (https://static.zhihu.com/heifetz/vendor.34378963658eb961e183.js:24:20119)
    at c (https://static.zhihu.com/heifetz/vendor.34378963658eb961e183.js:24:15748)
    at _ (https://static.zhihu.com/heifetz/vendor.34378963658eb961e183.js:24:15754)
    at n (https://static.zhihu.com/heifetz/vendor.34378963658eb961e183.js:24:21162)
    at runEnterHooks (https://static.zhihu.com/heifetz/vendor.34378963658eb961e183.js:24:21368)
    at https://static.zhihu.com/heifetz/vendor.34378963658eb961e183.js:24:20327
    at n (https://static.zhihu.com/heifetz/vendor.34378963658eb961e183.js:24:21120)
    at runChangeHooks (https://static.zhihu.com/heifetz/vendor.34378963658eb961e183.js:24:21611)
    at s (https://static.zhihu.com/heifetz/vendor.34378963658eb961e183.js:24:20283)
    at https://static.zhihu.com/heifetz/vendor.34378963658eb961e183.js:24:19970
    at n (https://static.zhihu.com/heifetz/vendor.34378963658eb961e183.js:24:15569)
    at https://static.zhihu.com/heifetz/vendor.34378963658eb961e183.js:24:19595
    at https://static.zhihu.com/heifetz/vendor.34378963658eb961e183.js:24:19489
    at n (https://static.zhihu.com/heifetz/vendor.34378963658eb961e183.js:24:15569)
    at https://static.zhihu.com/heifetz/vendor.34378963658eb961e183.js:24:19595
    at https://static.zhihu.com/heifetz/vendor.34378963658eb961e183.js:24:19489
    at n (https://static.zhihu.com/heifetz/vendor.34378963658eb961e183.js:24:15569)
    at https://static.zhihu.com/heifetz/vendor.34378963658eb961e183.js:24:19595
    at https://static.zhihu.com/heifetz/vendor.34378963658eb961e183.js:24:19489
    at c (https://static.zhihu.com/heifetz/vendor.34378963658eb961e183.js:24:15712)
    at _ (https://static.zhihu.com/heifetz/vendor.34378963658eb961e183.js:24:15754)
    at B (https://static.zhihu.com/heifetz/vendor.34378963658eb961e183.js:24:18425) @ chrome-extension://fmkadmapgofadopljbjfkapdkoienihi/build/installHook.js:0
[ 1770583ms] [LOG] [INFO] [Zhida: WebView] [Theme Web] pull theme from RN @ https://unpkg.zhimg.com/@cfe/sentry-script@1.3.1/dist/init.js:0
[ 1770584ms] [WARNING] MMKV not available, fallback @ chrome-extension://fmkadmapgofadopljbjfkapdkoienihi/build/installHook.js:0
[ 1770613ms] [WARNING] MMKV not available, fallback @ chrome-extension://fmkadmapgofadopljbjfkapdkoienihi/build/installHook.js:0
[ 1770763ms] [ERROR] 加载WebView模块失败: TypeError: r is not a function
    at Object.NnQt (https://static.zhihu.com/amadeus-rn/web/shared-07e3b8d7f3535a74.27b5d0733be204ff.js:1:7886)
    at r (https://www.zhihu.com/appview/rn/ModuleFederation.js:1:248)
    at 16Ih (https://static.zhihu.com/amadeus-rn/web/shared-07e3b8d7f3535a74.27b5d0733be204ff.js:1:7733)
    at r (https://www.zhihu.com/appview/rn/ModuleFederation.js:1:248)
    at /URq (https://static.zhihu.com/amadeus-rn/web/shared-07e3b8d7f3535a74.27b5d0733be204ff.js:1:9929)
    at r (https://www.zhihu.com/appview/rn/ModuleFederation.js:1:248)
    at Module.uIxh (https://static.zhihu.com/amadeus-rn/web/shared-07e3b8d7f3535a74.27b5d0733be204ff.js:1:16342)
    at r (https://www.zhihu.com/appview/rn/ModuleFederation.js:1:248)
    at Module.neyw (https://static.zhihu.com/amadeus-rn/web/shared-07e3b8d7f3535a74.27b5d0733be204ff.js:1:30064)
    at r (https://www.zhihu.com/appview/rn/ModuleFederation.js:1:248)
    at +5TC (https://static.zhihu.com/amadeus-rn/web/shared-07e3b8d7f3535a74.27b5d0733be204ff.js:1:274400)
    at r (https://www.zhihu.com/appview/rn/ModuleFederation.js:1:248)
    at Module.a2Ca (https://static.zhihu.com/amadeus-rn/web/shared-07e3b8d7f3535a74.27b5d0733be204ff.js:1:271435)
    at r (https://www.zhihu.com/appview/rn/ModuleFederation.js:1:248)
    at 2G2G (https://static.zhihu.com/amadeus-rn/web/shared-07e3b8d7f3535a74.27b5d0733be204ff.js:1:273753)
    at r (https://www.zhihu.com/appview/rn/ModuleFederation.js:1:248)
    at Module.v2E4 (https://static.zhihu.com/amadeus-rn/web/shared-07e3b8d7f3535a74.27b5d0733be204ff.js:1:175748)
    at r (https://www.zhihu.com/appview/rn/ModuleFederation.js:1:248)
    at 7k+8 (https://static.zhihu.com/amadeus-rn/web/shared-07e3b8d7f3535a74.27b5d0733be204ff.js:1:336247)
    at r (https://www.zhihu.com/appview/rn/ModuleFederation.js:1:248)
    at Module.tb3p (https://static.zhihu.com/amadeus-rn/web/shared-07e3b8d7f3535a74.27b5d0733be204ff.js:1:369521)
    at r (https://www.zhihu.com/appview/rn/ModuleFederation.js:1:248)
    at Og+B (https://static.zhihu.com/amadeus-rn/web/node_modules_zhihu_design-icons_native_ArrowRight16_jsx-node_modules_zhihu_design-icons_nativ-09d112.12a5de6f950ce5f0.js:1:22268)
    at r (https://www.zhihu.com/appview/rn/ModuleFederation.js:1:248)
    at https://www.zhihu.com/appview/rn/ModuleFederation.js:1:19797
    at https://static.zhihu.com/heifetz/lib-fae4f1f9.app.2a53c780e75bf169b2e0.js:1:5248
    at eh (https://static.zhihu.com/heifetz/479.app.d33be5c23176c6688c1f.js:84:374339)
    at Object.next (https://static.zhihu.com/heifetz/479.app.d33be5c23176c6688c1f.js:84:373545)
    at eu (https://static.zhihu.com/heifetz/479.app.d33be5c23176c6688c1f.js:84:93970)
    at ep (https://static.zhihu.com/heifetz/479.app.d33be5c23176c6688c1f.js:84:94191) @ chrome-extension://fmkadmapgofadopljbjfkapdkoienihi/build/installHook.js:0
[ 1771153ms] [ERROR] Access to XMLHttpRequest at 'https://118.89.204.198/resolv?host=www.zhihu.com&os_type=web' from origin 'https://www.zhihu.com' has been blocked by CORS policy: No 'Access-Control-Allow-Origin' header is present on the requested resource. @ https://www.zhihu.com/:0
[ 1771153ms] [ERROR] Failed to load resource: net::ERR_FAILED @ https://118.89.204.198/resolv?host=www.zhihu.com&os_type=web:0
[ 1771218ms] [ERROR] Failed to load resource: net::ERR_BLOCKED_BY_CLIENT @ https://www.zhihu.com/commercial_api/banners_v3/home_bottom:0
[ 1771218ms] [ERROR] TypeError: Failed to fetch
    at https://unpkg.zhimg.com/@cfe/sentry-script@1.3.1/dist/init.js:1:28507
    at eD (https://static.zhihu.com/heifetz/479.app.d33be5c23176c6688c1f.js:76:145926)
    at eo.loadBannerRequest (https://static.zhihu.com/heifetz/479.app.d33be5c23176c6688c1f.js:76:59199)
    at https://static.zhihu.com/heifetz/479.app.d33be5c23176c6688c1f.js:76:60307
    at i (https://unpkg.zhimg.com/@cfe/sentry-script@1.3.1/dist/init.js:1:19163) @ chrome-extension://fmkadmapgofadopljbjfkapdkoienihi/build/installHook.js:0
[ 1771235ms] [INFO] This page uses Chrome's Built-In AI features (LanguageDetector)! We're always improving our models; please submit your feedback here: https://issues.chromium.org/issues/new?component=1583316 @ chrome-extension://bpoadfkcbjbfhfodiogcnhhhpibjhbnh/content_main.js:4846
[ 1775988ms] [LOG] [INFO] [QoS] FetchBefore {url: https://www.zhihu.com/ai_ingress/general/me, query: undefined, traceId: 5741a59b-ed43-4548-8d6a-6cc8ee647b4a} @ https://unpkg.zhimg.com/@cfe/sentry-script@1.3.1/dist/init.js:0
[ 1776017ms] [WARNING] Animated: `useNativeDriver` is not supported because the native animated module is missing. Falling back to JS-based animation. To resolve this, add `RCTAnimation` module to this app, or remove `useNativeDriver`. Make sure to run `bundle exec pod install` first. Read more about autolinking: https://github.com/react-native-community/cli/blob/master/docs/autolinking.md @ chrome-extension://fmkadmapgofadopljbjfkapdkoienihi/build/installHook.js:0
[ 1776156ms] [LOG] [INFO] [QoS] FetchAfter {url: https://www.zhihu.com/ai_ingress/general/me, query: undefined, traceId: 5741a59b-ed43-4548-8d6a-6cc8ee647b4a} @ https://unpkg.zhimg.com/@cfe/sentry-script@1.3.1/dist/init.js:0
[ 1776478ms] [LOG] [INFO] [Zhida: Talk] zhida:stream:Init {message: Object, currentTime: 2026-07-20 21:48:15.192} @ https://unpkg.zhimg.com/@cfe/sentry-script@1.3.1/dist/init.js:0
[ 1776561ms] [LOG] [INFO] [QoS] FetchBefore {url: https://www.zhihu.com/ai_ingress/general/conf, query: undefined, traceId: 1a233f46-9c87-44b6-b3dd-5082389a4c62} @ https://unpkg.zhimg.com/@cfe/sentry-script@1.3.1/dist/init.js:0
[ 1776562ms] [LOG] [INFO] [QoS] FetchBefore {url: https://www.zhihu.com/ai_ingress/session/3742483704375770394, query: undefined, traceId: 90ee1f29-3e23-4276-968c-b434ef9e78a6} @ https://unpkg.zhimg.com/@cfe/sentry-script@1.3.1/dist/init.js:0
[ 1776562ms] [LOG] [INFO] [QoS] FetchBefore {url: https://www.zhihu.com/ai_ingress/general/me, query: undefined, traceId: a2b107f0-6007-46b4-8723-86331904ea16} @ https://unpkg.zhimg.com/@cfe/sentry-script@1.3.1/dist/init.js:0
[ 1776681ms] [LOG] [INFO] [QoS] FetchAfter {url: https://www.zhihu.com/ai_ingress/session/3742483704375770394, query: undefined, traceId: 90ee1f29-3e23-4276-968c-b434ef9e78a6} @ https://unpkg.zhimg.com/@cfe/sentry-script@1.3.1/dist/init.js:0
[ 1776687ms] [LOG] [INFO] [QoS] FetchBefore {url: https://zhida.zhihu.com/ai_ingress/session/3742483704375770394/list, query: undefined, traceId: 0e06a50e-f485-401b-b9dc-c01441cecefa} @ https://unpkg.zhimg.com/@cfe/sentry-script@1.3.1/dist/init.js:0
[ 1776698ms] [LOG] [INFO] [QoS] FetchAfter {url: https://www.zhihu.com/ai_ingress/general/me, query: undefined, traceId: a2b107f0-6007-46b4-8723-86331904ea16} @ https://unpkg.zhimg.com/@cfe/sentry-script@1.3.1/dist/init.js:0
[ 1776771ms] [LOG] [INFO] [QoS] FetchAfter {url: https://www.zhihu.com/ai_ingress/general/conf, query: undefined, traceId: 1a233f46-9c87-44b6-b3dd-5082389a4c62} @ https://unpkg.zhimg.com/@cfe/sentry-script@1.3.1/dist/init.js:0
[ 1776989ms] [LOG] [INFO] [QoS] FetchAfter {url: https://zhida.zhihu.com/ai_ingress/session/3742483704375770394/list, query: undefined, traceId: 0e06a50e-f485-401b-b9dc-c01441cecefa} @ https://unpkg.zhimg.com/@cfe/sentry-script@1.3.1/dist/init.js:0
[ 1777007ms] [WARNING] useFixedContainerSlot must be used within FixedContainerProvider, falling back to safe defaults @ chrome-extension://fmkadmapgofadopljbjfkapdkoienihi/build/installHook.js:0
[ 1777038ms] [WARNING] useFixedContainerSlot must be used within FixedContainerProvider, falling back to safe defaults @ chrome-extension://fmkadmapgofadopljbjfkapdkoienihi/build/installHook.js:0
[ 1777048ms] [WARNING] useFixedContainerSlot must be used within FixedContainerProvider, falling back to safe defaults @ chrome-extension://fmkadmapgofadopljbjfkapdkoienihi/build/installHook.js:0
[ 1777050ms] [WARNING] useFixedContainerSlot must be used within FixedContainerProvider, falling back to safe defaults @ chrome-extension://fmkadmapgofadopljbjfkapdkoienihi/build/installHook.js:0
[ 1777051ms] [WARNING] useFixedContainerSlot must be used within FixedContainerProvider, falling back to safe defaults @ chrome-extension://fmkadmapgofadopljbjfkapdkoienihi/build/installHook.js:0
[ 1777054ms] [WARNING] useFixedContainerSlot must be used within FixedContainerProvider, falling back to safe defaults @ chrome-extension://fmkadmapgofadopljbjfkapdkoienihi/build/installHook.js:0
[ 1777055ms] [WARNING] useFixedContainerSlot must be used within FixedContainerProvider, falling back to safe defaults @ chrome-extension://fmkadmapgofadopljbjfkapdkoienihi/build/installHook.js:0
[ 1777057ms] [WARNING] useFixedContainerSlot must be used within FixedContainerProvider, falling back to safe defaults @ chrome-extension://fmkadmapgofadopljbjfkapdkoienihi/build/installHook.js:0
[ 1777060ms] [WARNING] useFixedContainerSlot must be used within FixedContainerProvider, falling back to safe defaults @ chrome-extension://fmkadmapgofadopljbjfkapdkoienihi/build/installHook.js:0
[ 1777061ms] [WARNING] useFixedContainerSlot must be used within FixedContainerProvider, falling back to safe defaults @ chrome-extension://fmkadmapgofadopljbjfkapdkoienihi/build/installHook.js:0
[ 1777062ms] [WARNING] useFixedContainerSlot must be used within FixedContainerProvider, falling back to safe defaults @ chrome-extension://fmkadmapgofadopljbjfkapdkoienihi/build/installHook.js:0
[ 1777065ms] [WARNING] useFixedContainerSlot must be used within FixedContainerProvider, falling back to safe defaults @ chrome-extension://fmkadmapgofadopljbjfkapdkoienihi/build/installHook.js:0
[ 1777070ms] [WARNING] useFixedContainerSlot must be used within FixedContainerProvider, falling back to safe defaults @ chrome-extension://fmkadmapgofadopljbjfkapdkoienihi/build/installHook.js:0
[ 1777077ms] [WARNING] useFixedContainerSlot must be used within FixedContainerProvider, falling back to safe defaults @ chrome-extension://fmkadmapgofadopljbjfkapdkoienihi/build/installHook.js:0
[ 1777349ms] [LOG] [INFO] [Zhida: Talk] zhida:stream:Init {message: Object, currentTime: 2026-07-20 21:48:16.064} @ https://unpkg.zhimg.com/@cfe/sentry-script@1.3.1/dist/init.js:0
[ 1777351ms] [WARNING] useFixedContainerSlot must be used within FixedContainerProvider, falling back to safe defaults @ chrome-extension://fmkadmapgofadopljbjfkapdkoienihi/build/installHook.js:0
[ 1777356ms] [WARNING] useFixedContainerSlot must be used within FixedContainerProvider, falling back to safe defaults @ chrome-extension://fmkadmapgofadopljbjfkapdkoienihi/build/installHook.js:0
[ 1777360ms] [WARNING] useFixedContainerSlot must be used within FixedContainerProvider, falling back to safe defaults @ chrome-extension://fmkadmapgofadopljbjfkapdkoienihi/build/installHook.js:0
[ 1777365ms] [WARNING] useFixedContainerSlot must be used within FixedContainerProvider, falling back to safe defaults @ chrome-extension://fmkadmapgofadopljbjfkapdkoienihi/build/installHook.js:0
[ 1777368ms] [WARNING] useFixedContainerSlot must be used within FixedContainerProvider, falling back to safe defaults @ chrome-extension://fmkadmapgofadopljbjfkapdkoienihi/build/installHook.js:0
[ 1777370ms] [WARNING] useFixedContainerSlot must be used within FixedContainerProvider, falling back to safe defaults @ chrome-extension://fmkadmapgofadopljbjfkapdkoienihi/build/installHook.js:0
[ 1777381ms] [WARNING] useFixedContainerSlot must be used within FixedContainerProvider, falling back to safe defaults @ chrome-extension://fmkadmapgofadopljbjfkapdkoienihi/build/installHook.js:0
[ 1777382ms] [WARNING] useFixedContainerSlot must be used within FixedContainerProvider, falling back to safe defaults @ chrome-extension://fmkadmapgofadopljbjfkapdkoienihi/build/installHook.js:0
[ 1777384ms] [WARNING] useFixedContainerSlot must be used within FixedContainerProvider, falling back to safe defaults @ chrome-extension://fmkadmapgofadopljbjfkapdkoienihi/build/installHook.js:0
[ 1777577ms] [WARNING] useFixedContainerSlot must be used within FixedContainerProvider, falling back to safe defaults @ chrome-extension://fmkadmapgofadopljbjfkapdkoienihi/build/installHook.js:0
[ 1779471ms] [LOG] [INFO] [Zhida: Talk] zhida:stream:Cards {message: Object, currentTime: 2026-07-20 21:48:18.185} @ https://unpkg.zhimg.com/@cfe/sentry-script@1.3.1/dist/init.js:0
[ 1779477ms] [LOG] [INFO] [Zhida: Talk] zhida:stream:HeartBeat {message: Object, currentTime: 2026-07-20 21:48:18.191} @ https://unpkg.zhimg.com/@cfe/sentry-script@1.3.1/dist/init.js:0
[ 1780346ms] [LOG] [INFO] [Zhida: Talk] zhida:stream:Answer {message: Object, currentTime: 2026-07-20 21:48:19.060} @ https://unpkg.zhimg.com/@cfe/sentry-script@1.3.1/dist/init.js:0
[ 1780355ms] [LOG] [INFO] [Zhida: Talk] zhida:stream:Cards {message: Object, currentTime: 2026-07-20 21:48:19.069} @ https://unpkg.zhimg.com/@cfe/sentry-script@1.3.1/dist/init.js:0
[ 1780356ms] [WARNING] useFixedContainerSlot must be used within FixedContainerProvider, falling back to safe defaults @ chrome-extension://fmkadmapgofadopljbjfkapdkoienihi/build/installHook.js:0
[ 1780363ms] [WARNING] useFixedContainerSlot must be used within FixedContainerProvider, falling back to safe defaults @ chrome-extension://fmkadmapgofadopljbjfkapdkoienihi/build/installHook.js:0
[ 1780368ms] [WARNING] useFixedContainerSlot must be used within FixedContainerProvider, falling back to safe defaults @ chrome-extension://fmkadmapgofadopljbjfkapdkoienihi/build/installHook.js:0
[ 1780375ms] [WARNING] useFixedContainerSlot must be used within FixedContainerProvider, falling back to safe defaults @ chrome-extension://fmkadmapgofadopljbjfkapdkoienihi/build/installHook.js:0
[ 1780380ms] [WARNING] useFixedContainerSlot must be used within FixedContainerProvider, falling back to safe defaults @ chrome-extension://fmkadmapgofadopljbjfkapdkoienihi/build/installHook.js:0
[ 1780381ms] [WARNING] useFixedContainerSlot must be used within FixedContainerProvider, falling back to safe defaults @ chrome-extension://fmkadmapgofadopljbjfkapdkoienihi/build/installHook.js:0
[ 1780382ms] [LOG] [INFO] [Zhida: Talk] zhida:stream:Answer {message: Object, currentTime: 2026-07-20 21:48:19.097} @ https://unpkg.zhimg.com/@cfe/sentry-script@1.3.1/dist/init.js:0
[ 1780383ms] [WARNING] useFixedContainerSlot must be used within FixedContainerProvider, falling back to safe defaults @ chrome-extension://fmkadmapgofadopljbjfkapdkoienihi/build/installHook.js:0
[ 1780388ms] [WARNING] useFixedContainerSlot must be used within FixedContainerProvider, falling back to safe defaults @ chrome-extension://fmkadmapgofadopljbjfkapdkoienihi/build/installHook.js:0
[ 1780392ms] [WARNING] useFixedContainerSlot must be used within FixedContainerProvider, falling back to safe defaults @ chrome-extension://fmkadmapgofadopljbjfkapdkoienihi/build/installHook.js:0
[ 1780398ms] [WARNING] useFixedContainerSlot must be used within FixedContainerProvider, falling back to safe defaults @ chrome-extension://fmkadmapgofadopljbjfkapdkoienihi/build/installHook.js:0
[ 1780401ms] [WARNING] useFixedContainerSlot must be used within FixedContainerProvider, falling back to safe defaults @ chrome-extension://fmkadmapgofadopljbjfkapdkoienihi/build/installHook.js:0
[ 1780403ms] [WARNING] useFixedContainerSlot must be used within FixedContainerProvider, falling back to safe defaults @ chrome-extension://fmkadmapgofadopljbjfkapdkoienihi/build/installHook.js:0
[ 1780409ms] [WARNING] useFixedContainerSlot must be used within FixedContainerProvider, falling back to safe defaults @ chrome-extension://fmkadmapgofadopljbjfkapdkoienihi/build/installHook.js:0
[ 1780413ms] [WARNING] useFixedContainerSlot must be used within FixedContainerProvider, falling back to safe defaults @ chrome-extension://fmkadmapgofadopljbjfkapdkoienihi/build/installHook.js:0
[ 1780414ms] [WARNING] useFixedContainerSlot must be used within FixedContainerProvider, falling back to safe defaults @ chrome-extension://fmkadmapgofadopljbjfkapdkoienihi/build/installHook.js:0
[ 1780415ms] [WARNING] useFixedContainerSlot must be used within FixedContainerProvider, falling back to safe defaults @ chrome-extension://fmkadmapgofadopljbjfkapdkoienihi/build/installHook.js:0
[ 1780423ms] [LOG] [INFO] [Zhida: Talk] zhida:stream:Answer {message: Object, currentTime: 2026-07-20 21:48:19.138} @ https://unpkg.zhimg.com/@cfe/sentry-script@1.3.1/dist/init.js:0
[ 1780424ms] [WARNING] useFixedContainerSlot must be used within FixedContainerProvider, falling back to safe defaults @ chrome-extension://fmkadmapgofadopljbjfkapdkoienihi/build/installHook.js:0
[ 1780429ms] [WARNING] useFixedContainerSlot must be used within FixedContainerProvider, falling back to safe defaults @ chrome-extension://fmkadmapgofadopljbjfkapdkoienihi/build/installHook.js:0
[ 1780433ms] [WARNING] useFixedContainerSlot must be used within FixedContainerProvider, falling back to safe defaults @ chrome-extension://fmkadmapgofadopljbjfkapdkoienihi/build/installHook.js:0
[ 1780438ms] [WARNING] useFixedContainerSlot must be used within FixedContainerProvider, falling back to safe defaults @ chrome-extension://fmkadmapgofadopljbjfkapdkoienihi/build/installHook.js:0
[ 1780440ms] [WARNING] useFixedContainerSlot must be used within FixedContainerProvider, falling back to safe defaults @ chrome-extension://fmkadmapgofadopljbjfkapdkoienihi/build/installHook.js:0
[ 1780442ms] [WARNING] useFixedContainerSlot must be used within FixedContainerProvider, falling back to safe defaults @ chrome-extension://fmkadmapgofadopljbjfkapdkoienihi/build/installHook.js:0
[ 1780450ms] [LOG] [INFO] [Zhida: Talk] zhida:stream:Answer {message: Object, currentTime: 2026-07-20 21:48:19.164} @ https://unpkg.zhimg.com/@cfe/sentry-script@1.3.1/dist/init.js:0
[ 1780472ms] [WARNING] useFixedContainerSlot must be used within FixedContainerProvider, falling back to safe defaults @ chrome-extension://fmkadmapgofadopljbjfkapdkoienihi/build/installHook.js:0
[ 1780473ms] [WARNING] useFixedContainerSlot must be used within FixedContainerProvider, falling back to safe defaults @ chrome-extension://fmkadmapgofadopljbjfkapdkoienihi/build/installHook.js:0
[ 1780475ms] [WARNING] useFixedContainerSlot must be used within FixedContainerProvider, falling back to safe defaults @ chrome-extension://fmkadmapgofadopljbjfkapdkoienihi/build/installHook.js:0
[ 1780526ms] [LOG] [INFO] [Zhida: Talk] zhida:stream:Answer {message: Object, currentTime: 2026-07-20 21:48:19.240} @ https://unpkg.zhimg.com/@cfe/sentry-script@1.3.1/dist/init.js:0
[ 1780527ms] [WARNING] useFixedContainerSlot must be used within FixedContainerProvider, falling back to safe defaults @ chrome-extension://fmkadmapgofadopljbjfkapdkoienihi/build/installHook.js:0
[ 1780532ms] [WARNING] useFixedContainerSlot must be used within FixedContainerProvider, falling back to safe defaults @ chrome-extension://fmkadmapgofadopljbjfkapdkoienihi/build/installHook.js:0
[ 1780536ms] [WARNING] useFixedContainerSlot must be used within FixedContainerProvider, falling back to safe defaults @ chrome-extension://fmkadmapgofadopljbjfkapdkoienihi/build/installHook.js:0
[ 1780541ms] [WARNING] useFixedContainerSlot must be used within FixedContainerProvider, falling back to safe defaults @ chrome-extension://fmkadmapgofadopljbjfkapdkoienihi/build/installHook.js:0
[ 1780543ms] [WARNING] useFixedContainerSlot must be used within FixedContainerProvider, falling back to safe defaults @ chrome-extension://fmkadmapgofadopljbjfkapdkoienihi/build/installHook.js:0
[ 1780544ms] [WARNING] useFixedContainerSlot must be used within FixedContainerProvider, falling back to safe defaults @ chrome-extension://fmkadmapgofadopljbjfkapdkoienihi/build/installHook.js:0
[ 1780556ms] [LOG] [INFO] [Zhida: Talk] zhida:stream:Answer {message: Object, currentTime: 2026-07-20 21:48:19.270} @ https://unpkg.zhimg.com/@cfe/sentry-script@1.3.1/dist/init.js:0
[ 1780582ms] [LOG] [INFO] [Zhida: Talk] zhida:stream:Answer {message: Object, currentTime: 2026-07-20 21:48:19.296} @ https://unpkg.zhimg.com/@cfe/sentry-script@1.3.1/dist/init.js:0
[ 1780583ms] [WARNING] useFixedContainerSlot must be used within FixedContainerProvider, falling back to safe defaults @ chrome-extension://fmkadmapgofadopljbjfkapdkoienihi/build/installHook.js:0
[ 1780587ms] [WARNING] useFixedContainerSlot must be used within FixedContainerProvider, falling back to safe defaults @ chrome-extension://fmkadmapgofadopljbjfkapdkoienihi/build/installHook.js:0
[ 1780591ms] [WARNING] useFixedContainerSlot must be used within FixedContainerProvider, falling back to safe defaults @ chrome-extension://fmkadmapgofadopljbjfkapdkoienihi/build/installHook.js:0
[ 1780597ms] [WARNING] useFixedContainerSlot must be used within FixedContainerProvider, falling back to safe defaults @ chrome-extension://fmkadmapgofadopljbjfkapdkoienihi/build/installHook.js:0
[ 1780598ms] [WARNING] useFixedContainerSlot must be used within FixedContainerProvider, falling back to safe defaults @ chrome-extension://fmkadmapgofadopljbjfkapdkoienihi/build/installHook.js:0
[ 1780600ms] [WARNING] useFixedContainerSlot must be used within FixedContainerProvider, falling back to safe defaults @ chrome-extension://fmkadmapgofadopljbjfkapdkoienihi/build/installHook.js:0
[ 1780693ms] [LOG] [INFO] [Zhida: Talk] zhida:stream:Answer {message: Object, currentTime: 2026-07-20 21:48:19.408} @ https://unpkg.zhimg.com/@cfe/sentry-script@1.3.1/dist/init.js:0
[ 1780735ms] [LOG] [INFO] [Zhida: Talk] zhida:stream:Answer {message: Object, currentTime: 2026-07-20 21:48:19.449} @ https://unpkg.zhimg.com/@cfe/sentry-script@1.3.1/dist/init.js:0
[ 1780736ms] [WARNING] useFixedContainerSlot must be used within FixedContainerProvider, falling back to safe defaults @ chrome-extension://fmkadmapgofadopljbjfkapdkoienihi/build/installHook.js:0
[ 1780740ms] [WARNING] useFixedContainerSlot must be used within FixedContainerProvider, falling back to safe defaults @ chrome-extension://fmkadmapgofadopljbjfkapdkoienihi/build/installHook.js:0
[ 1780744ms] [WARNING] useFixedContainerSlot must be used within FixedContainerProvider, falling back to safe defaults @ chrome-extension://fmkadmapgofadopljbjfkapdkoienihi/build/installHook.js:0
[ 1780750ms] [WARNING] useFixedContainerSlot must be used within FixedContainerProvider, falling back to safe defaults @ chrome-extension://fmkadmapgofadopljbjfkapdkoienihi/build/installHook.js:0
[ 1780751ms] [WARNING] useFixedContainerSlot must be used within FixedContainerProvider, falling back to safe defaults @ chrome-extension://fmkadmapgofadopljbjfkapdkoienihi/build/installHook.js:0
[ 1780753ms] [WARNING] useFixedContainerSlot must be used within FixedContainerProvider, falling back to safe defaults @ chrome-extension://fmkadmapgofadopljbjfkapdkoienihi/build/installHook.js:0
[ 1780755ms] [LOG] [INFO] [Zhida: Talk] zhida:stream:Answer {message: Object, currentTime: 2026-07-20 21:48:19.470} @ https://unpkg.zhimg.com/@cfe/sentry-script@1.3.1/dist/init.js:0
[ 1780844ms] [LOG] [INFO] [Zhida: Talk] zhida:stream:Answer {message: Object, currentTime: 2026-07-20 21:48:19.558} @ https://unpkg.zhimg.com/@cfe/sentry-script@1.3.1/dist/init.js:0
[ 1780845ms] [WARNING] useFixedContainerSlot must be used within FixedContainerProvider, falling back to safe defaults @ chrome-extension://fmkadmapgofadopljbjfkapdkoienihi/build/installHook.js:0
[ 1780850ms] [WARNING] useFixedContainerSlot must be used within FixedContainerProvider, falling back to safe defaults @ chrome-extension://fmkadmapgofadopljbjfkapdkoienihi/build/installHook.js:0
[ 1780854ms] [WARNING] useFixedContainerSlot must be used within FixedContainerProvider, falling back to safe defaults @ chrome-extension://fmkadmapgofadopljbjfkapdkoienihi/build/installHook.js:0
[ 1780859ms] [WARNING] useFixedContainerSlot must be used within FixedContainerProvider, falling back to safe defaults @ chrome-extension://fmkadmapgofadopljbjfkapdkoienihi/build/installHook.js:0
[ 1780860ms] [WARNING] useFixedContainerSlot must be used within FixedContainerProvider, falling back to safe defaults @ chrome-extension://fmkadmapgofadopljbjfkapdkoienihi/build/installHook.js:0
[ 1780862ms] [WARNING] useFixedContainerSlot must be used within FixedContainerProvider, falling back to safe defaults @ chrome-extension://fmkadmapgofadopljbjfkapdkoienihi/build/installHook.js:0
[ 1780865ms] [LOG] [INFO] [Zhida: Talk] zhida:stream:Answer {message: Object, currentTime: 2026-07-20 21:48:19.579} @ https://unpkg.zhimg.com/@cfe/sentry-script@1.3.1/dist/init.js:0
[ 1780908ms] [WARNING] useFixedContainerSlot must be used within FixedContainerProvider, falling back to safe defaults @ chrome-extension://fmkadmapgofadopljbjfkapdkoienihi/build/installHook.js:0
[ 1780955ms] [LOG] [INFO] [Zhida: Talk] zhida:stream:Answer {message: Object, currentTime: 2026-07-20 21:48:19.670} @ https://unpkg.zhimg.com/@cfe/sentry-script@1.3.1/dist/init.js:0
[ 1780956ms] [WARNING] useFixedContainerSlot must be used within FixedContainerProvider, falling back to safe defaults @ chrome-extension://fmkadmapgofadopljbjfkapdkoienihi/build/installHook.js:0
[ 1780960ms] [WARNING] useFixedContainerSlot must be used within FixedContainerProvider, falling back to safe defaults @ chrome-extension://fmkadmapgofadopljbjfkapdkoienihi/build/installHook.js:0
[ 1780964ms] [WARNING] useFixedContainerSlot must be used within FixedContainerProvider, falling back to safe defaults @ chrome-extension://fmkadmapgofadopljbjfkapdkoienihi/build/installHook.js:0
[ 1780970ms] [WARNING] useFixedContainerSlot must be used within FixedContainerProvider, falling back to safe defaults @ chrome-extension://fmkadmapgofadopljbjfkapdkoienihi/build/installHook.js:0
[ 1780971ms] [WARNING] useFixedContainerSlot must be used within FixedContainerProvider, falling back to safe defaults @ chrome-extension://fmkadmapgofadopljbjfkapdkoienihi/build/installHook.js:0
[ 1780973ms] [WARNING] useFixedContainerSlot must be used within FixedContainerProvider, falling back to safe defaults @ chrome-extension://fmkadmapgofadopljbjfkapdkoienihi/build/installHook.js:0
[ 1780974ms] [LOG] [INFO] [Zhida: Talk] zhida:stream:Answer {message: Object, currentTime: 2026-07-20 21:48:19.688} @ https://unpkg.zhimg.com/@cfe/sentry-script@1.3.1/dist/init.js:0
[ 1780998ms] [LOG] [INFO] [Zhida: Talk] zhida:stream:Answer {message: Object, currentTime: 2026-07-20 21:48:19.712} @ https://unpkg.zhimg.com/@cfe/sentry-script@1.3.1/dist/init.js:0
[ 1780999ms] [WARNING] useFixedContainerSlot must be used within FixedContainerProvider, falling back to safe defaults @ chrome-extension://fmkadmapgofadopljbjfkapdkoienihi/build/installHook.js:0
[ 1781003ms] [WARNING] useFixedContainerSlot must be used within FixedContainerProvider, falling back to safe defaults @ chrome-extension://fmkadmapgofadopljbjfkapdkoienihi/build/installHook.js:0
[ 1781007ms] [WARNING] useFixedContainerSlot must be used within FixedContainerProvider, falling back to safe defaults @ chrome-extension://fmkadmapgofadopljbjfkapdkoienihi/build/installHook.js:0
[ 1781012ms] [WARNING] useFixedContainerSlot must be used within FixedContainerProvider, falling back to safe defaults @ chrome-extension://fmkadmapgofadopljbjfkapdkoienihi/build/installHook.js:0
[ 1781014ms] [WARNING] useFixedContainerSlot must be used within FixedContainerProvider, falling back to safe defaults @ chrome-extension://fmkadmapgofadopljbjfkapdkoienihi/build/installHook.js:0
[ 1781015ms] [WARNING] useFixedContainerSlot must be used within FixedContainerProvider, falling back to safe defaults @ chrome-extension://fmkadmapgofadopljbjfkapdkoienihi/build/installHook.js:0
[ 1781103ms] [LOG] [INFO] [Zhida: Talk] zhida:stream:Answer {message: Object, currentTime: 2026-07-20 21:48:19.817} @ https://unpkg.zhimg.com/@cfe/sentry-script@1.3.1/dist/init.js:0
[ 1781108ms] [LOG] [INFO] [Zhida: Talk] zhida:stream:Answer {message: Object, currentTime: 2026-07-20 21:48:19.822} @ https://unpkg.zhimg.com/@cfe/sentry-script@1.3.1/dist/init.js:0
[ 1781109ms] [WARNING] useFixedContainerSlot must be used within FixedContainerProvider, falling back to safe defaults @ chrome-extension://fmkadmapgofadopljbjfkapdkoienihi/build/installHook.js:0
[ 1781113ms] [WARNING] useFixedContainerSlot must be used within FixedContainerProvider, falling back to safe defaults @ chrome-extension://fmkadmapgofadopljbjfkapdkoienihi/build/installHook.js:0
[ 1781117ms] [WARNING] useFixedContainerSlot must be used within FixedContainerProvider, falling back to safe defaults @ chrome-extension://fmkadmapgofadopljbjfkapdkoienihi/build/installHook.js:0
[ 1781122ms] [WARNING] useFixedContainerSlot must be used within FixedContainerProvider, falling back to safe defaults @ chrome-extension://fmkadmapgofadopljbjfkapdkoienihi/build/installHook.js:0
[ 1781124ms] [WARNING] useFixedContainerSlot must be used within FixedContainerProvider, falling back to safe defaults @ chrome-extension://fmkadmapgofadopljbjfkapdkoienihi/build/installHook.js:0
[ 1781125ms] [WARNING] useFixedContainerSlot must be used within FixedContainerProvider, falling back to safe defaults @ chrome-extension://fmkadmapgofadopljbjfkapdkoienihi/build/installHook.js:0
[ 1781207ms] [LOG] [INFO] [Zhida: Talk] zhida:stream:Answer {message: Object, currentTime: 2026-07-20 21:48:19.921} @ https://unpkg.zhimg.com/@cfe/sentry-script@1.3.1/dist/init.js:0
[ 1781208ms] [WARNING] useFixedContainerSlot must be used within FixedContainerProvider, falling back to safe defaults @ chrome-extension://fmkadmapgofadopljbjfkapdkoienihi/build/installHook.js:0
[ 1781212ms] [WARNING] useFixedContainerSlot must be used within FixedContainerProvider, falling back to safe defaults @ chrome-extension://fmkadmapgofadopljbjfkapdkoienihi/build/installHook.js:0
[ 1781216ms] [WARNING] useFixedContainerSlot must be used within FixedContainerProvider, falling back to safe defaults @ chrome-extension://fmkadmapgofadopljbjfkapdkoienihi/build/installHook.js:0
[ 1781221ms] [WARNING] useFixedContainerSlot must be used within FixedContainerProvider, falling back to safe defaults @ chrome-extension://fmkadmapgofadopljbjfkapdkoienihi/build/installHook.js:0
[ 1781223ms] [WARNING] useFixedContainerSlot must be used within FixedContainerProvider, falling back to safe defaults @ chrome-extension://fmkadmapgofadopljbjfkapdkoienihi/build/installHook.js:0
[ 1781224ms] [WARNING] useFixedContainerSlot must be used within FixedContainerProvider, falling back to safe defaults @ chrome-extension://fmkadmapgofadopljbjfkapdkoienihi/build/installHook.js:0
[ 1781227ms] [LOG] [INFO] [Zhida: Talk] zhida:stream:Answer {message: Object, currentTime: 2026-07-20 21:48:19.941} @ https://unpkg.zhimg.com/@cfe/sentry-script@1.3.1/dist/init.js:0
[ 1781262ms] [LOG] [INFO] [Zhida: Talk] zhida:stream:Answer {message: Object, currentTime: 2026-07-20 21:48:19.976} @ https://unpkg.zhimg.com/@cfe/sentry-script@1.3.1/dist/init.js:0
[ 1781263ms] [WARNING] useFixedContainerSlot must be used within FixedContainerProvider, falling back to safe defaults @ chrome-extension://fmkadmapgofadopljbjfkapdkoienihi/build/installHook.js:0
[ 1781267ms] [WARNING] useFixedContainerSlot must be used within FixedContainerProvider, falling back to safe defaults @ chrome-extension://fmkadmapgofadopljbjfkapdkoienihi/build/installHook.js:0
[ 1781271ms] [WARNING] useFixedContainerSlot must be used within FixedContainerProvider, falling back to safe defaults @ chrome-extension://fmkadmapgofadopljbjfkapdkoienihi/build/installHook.js:0
[ 1781276ms] [WARNING] useFixedContainerSlot must be used within FixedContainerProvider, falling back to safe defaults @ chrome-extension://fmkadmapgofadopljbjfkapdkoienihi/build/installHook.js:0
[ 1781278ms] [WARNING] useFixedContainerSlot must be used within FixedContainerProvider, falling back to safe defaults @ chrome-extension://fmkadmapgofadopljbjfkapdkoienihi/build/installHook.js:0
[ 1781279ms] [WARNING] useFixedContainerSlot must be used within FixedContainerProvider, falling back to safe defaults @ chrome-extension://fmkadmapgofadopljbjfkapdkoienihi/build/installHook.js:0
[ 1781283ms] [LOG] [INFO] [Zhida: Talk] zhida:stream:Answer {message: Object, currentTime: 2026-07-20 21:48:19.998} @ https://unpkg.zhimg.com/@cfe/sentry-script@1.3.1/dist/init.js:0
[ 1781309ms] [WARNING] useFixedContainerSlot must be used within FixedContainerProvider, falling back to safe defaults @ chrome-extension://fmkadmapgofadopljbjfkapdkoienihi/build/installHook.js:0
[ 1781311ms] [WARNING] useFixedContainerSlot must be used within FixedContainerProvider, falling back to safe defaults @ chrome-extension://fmkadmapgofadopljbjfkapdkoienihi/build/installHook.js:0
[ 1781312ms] [WARNING] useFixedContainerSlot must be used within FixedContainerProvider, falling back to safe defaults @ chrome-extension://fmkadmapgofadopljbjfkapdkoienihi/build/installHook.js:0
[ 1781317ms] [WARNING] useFixedContainerSlot must be used within FixedContainerProvider, falling back to safe defaults @ chrome-extension://fmkadmapgofadopljbjfkapdkoienihi/build/installHook.js:0
[ 1781364ms] [LOG] [INFO] [Zhida: Talk] zhida:stream:Answer {message: Object, currentTime: 2026-07-20 21:48:20.079} @ https://unpkg.zhimg.com/@cfe/sentry-script@1.3.1/dist/init.js:0
[ 1781365ms] [WARNING] useFixedContainerSlot must be used within FixedContainerProvider, falling back to safe defaults @ chrome-extension://fmkadmapgofadopljbjfkapdkoienihi/build/installHook.js:0
[ 1781370ms] [WARNING] useFixedContainerSlot must be used within FixedContainerProvider, falling back to safe defaults @ chrome-extension://fmkadmapgofadopljbjfkapdkoienihi/build/installHook.js:0
[ 1781374ms] [WARNING] useFixedContainerSlot must be used within FixedContainerProvider, falling back to safe defaults @ chrome-extension://fmkadmapgofadopljbjfkapdkoienihi/build/installHook.js:0
[ 1781379ms] [WARNING] useFixedContainerSlot must be used within FixedContainerProvider, falling back to safe defaults @ chrome-extension://fmkadmapgofadopljbjfkapdkoienihi/build/installHook.js:0
[ 1781381ms] [WARNING] useFixedContainerSlot must be used within FixedContainerProvider, falling back to safe defaults @ chrome-extension://fmkadmapgofadopljbjfkapdkoienihi/build/installHook.js:0
[ 1781382ms] [WARNING] useFixedContainerSlot must be used within FixedContainerProvider, falling back to safe defaults @ chrome-extension://fmkadmapgofadopljbjfkapdkoienihi/build/installHook.js:0
[ 1781385ms] [LOG] [INFO] [Zhida: Talk] zhida:stream:Answer {message: Object, currentTime: 2026-07-20 21:48:20.100} @ https://unpkg.zhimg.com/@cfe/sentry-script@1.3.1/dist/init.js:0
[ 1781418ms] [LOG] [INFO] [Zhida: Talk] zhida:stream:Answer {message: Object, currentTime: 2026-07-20 21:48:20.132} @ https://unpkg.zhimg.com/@cfe/sentry-script@1.3.1/dist/init.js:0
[ 1781419ms] [WARNING] useFixedContainerSlot must be used within FixedContainerProvider, falling back to safe defaults @ chrome-extension://fmkadmapgofadopljbjfkapdkoienihi/build/installHook.js:0
[ 1781423ms] [WARNING] useFixedContainerSlot must be used within FixedContainerProvider, falling back to safe defaults @ chrome-extension://fmkadmapgofadopljbjfkapdkoienihi/build/installHook.js:0
[ 1781427ms] [WARNING] useFixedContainerSlot must be used within FixedContainerProvider, falling back to safe defaults @ chrome-extension://fmkadmapgofadopljbjfkapdkoienihi/build/installHook.js:0
[ 1781431ms] [WARNING] useFixedContainerSlot must be used within FixedContainerProvider, falling back to safe defaults @ chrome-extension://fmkadmapgofadopljbjfkapdkoienihi/build/installHook.js:0
[ 1781433ms] [WARNING] useFixedContainerSlot must be used within FixedContainerProvider, falling back to safe defaults @ chrome-extension://fmkadmapgofadopljbjfkapdkoienihi/build/installHook.js:0
[ 1781434ms] [WARNING] useFixedContainerSlot must be used within FixedContainerProvider, falling back to safe defaults @ chrome-extension://fmkadmapgofadopljbjfkapdkoienihi/build/installHook.js:0
[ 1781436ms] [LOG] [INFO] [Zhida: Talk] zhida:stream:Answer {message: Object, currentTime: 2026-07-20 21:48:20.150} @ https://unpkg.zhimg.com/@cfe/sentry-script@1.3.1/dist/init.js:0
[ 1781554ms] [LOG] [INFO] [Zhida: Talk] zhida:stream:Answer {message: Object, currentTime: 2026-07-20 21:48:20.268} @ https://unpkg.zhimg.com/@cfe/sentry-script@1.3.1/dist/init.js:0
[ 1781555ms] [WARNING] useFixedContainerSlot must be used within FixedContainerProvider, falling back to safe defaults @ chrome-extension://fmkadmapgofadopljbjfkapdkoienihi/build/installHook.js:0
[ 1781560ms] [WARNING] useFixedContainerSlot must be used within FixedContainerProvider, falling back to safe defaults @ chrome-extension://fmkadmapgofadopljbjfkapdkoienihi/build/installHook.js:0
[ 1781564ms] [WARNING] useFixedContainerSlot must be used within FixedContainerProvider, falling back to safe defaults @ chrome-extension://fmkadmapgofadopljbjfkapdkoienihi/build/installHook.js:0
[ 1781568ms] [WARNING] useFixedContainerSlot must be used within FixedContainerProvider, falling back to safe defaults @ chrome-extension://fmkadmapgofadopljbjfkapdkoienihi/build/installHook.js:0
[ 1781570ms] [WARNING] useFixedContainerSlot must be used within FixedContainerProvider, falling back to safe defaults @ chrome-extension://fmkadmapgofadopljbjfkapdkoienihi/build/installHook.js:0
[ 1781572ms] [WARNING] useFixedContainerSlot must be used within FixedContainerProvider, falling back to safe defaults @ chrome-extension://fmkadmapgofadopljbjfkapdkoienihi/build/installHook.js:0
[ 1781573ms] [LOG] [INFO] [Zhida: Talk] zhida:stream:Answer {message: Object, currentTime: 2026-07-20 21:48:20.287} @ https://unpkg.zhimg.com/@cfe/sentry-script@1.3.1/dist/init.js:0
[ 1781574ms] [WARNING] useFixedContainerSlot must be used within FixedContainerProvider, falling back to safe defaults @ chrome-extension://fmkadmapgofadopljbjfkapdkoienihi/build/installHook.js:0
[ 1781577ms] [WARNING] useFixedContainerSlot must be used within FixedContainerProvider, falling back to safe defaults @ chrome-extension://fmkadmapgofadopljbjfkapdkoienihi/build/installHook.js:0
[ 1781581ms] [WARNING] useFixedContainerSlot must be used within FixedContainerProvider, falling back to safe defaults @ chrome-extension://fmkadmapgofadopljbjfkapdkoienihi/build/installHook.js:0
[ 1781586ms] [WARNING] useFixedContainerSlot must be used within FixedContainerProvider, falling back to safe defaults @ chrome-extension://fmkadmapgofadopljbjfkapdkoienihi/build/installHook.js:0
[ 1781588ms] [WARNING] useFixedContainerSlot must be used within FixedContainerProvider, falling back to safe defaults @ chrome-extension://fmkadmapgofadopljbjfkapdkoienihi/build/installHook.js:0
[ 1781589ms] [WARNING] useFixedContainerSlot must be used within FixedContainerProvider, falling back to safe defaults @ chrome-extension://fmkadmapgofadopljbjfkapdkoienihi/build/installHook.js:0
[ 1781591ms] [LOG] [INFO] [Zhida: Talk] zhida:stream:Answer {message: Object, currentTime: 2026-07-20 21:48:20.305} @ https://unpkg.zhimg.com/@cfe/sentry-script@1.3.1/dist/init.js:0
[ 1781595ms] [LOG] [INFO] [Zhida: Talk] zhida:stream:Answer {message: Object, currentTime: 2026-07-20 21:48:20.310} @ https://unpkg.zhimg.com/@cfe/sentry-script@1.3.1/dist/init.js:0
[ 1781599ms] [LOG] [INFO] [Zhida: Talk] zhida:stream:Answer {message: Object, currentTime: 2026-07-20 21:48:20.314} @ https://unpkg.zhimg.com/@cfe/sentry-script@1.3.1/dist/init.js:0
[ 1781606ms] [LOG] [INFO] [Zhida: Talk] zhida:stream:Answer {message: Object, currentTime: 2026-07-20 21:48:20.321} @ https://unpkg.zhimg.com/@cfe/sentry-script@1.3.1/dist/init.js:0
[ 1781607ms] [WARNING] useFixedContainerSlot must be used within FixedContainerProvider, falling back to safe defaults @ chrome-extension://fmkadmapgofadopljbjfkapdkoienihi/build/installHook.js:0
[ 1781611ms] [WARNING] useFixedContainerSlot must be used within FixedContainerProvider, falling back to safe defaults @ chrome-extension://fmkadmapgofadopljbjfkapdkoienihi/build/installHook.js:0
[ 1781615ms] [WARNING] useFixedContainerSlot must be used within FixedContainerProvider, falling back to safe defaults @ chrome-extension://fmkadmapgofadopljbjfkapdkoienihi/build/installHook.js:0
[ 1781623ms] [WARNING] useFixedContainerSlot must be used within FixedContainerProvider, falling back to safe defaults @ chrome-extension://fmkadmapgofadopljbjfkapdkoienihi/build/installHook.js:0
[ 1781625ms] [WARNING] useFixedContainerSlot must be used within FixedContainerProvider, falling back to safe defaults @ chrome-extension://fmkadmapgofadopljbjfkapdkoienihi/build/installHook.js:0
[ 1781626ms] [WARNING] useFixedContainerSlot must be used within FixedContainerProvider, falling back to safe defaults @ chrome-extension://fmkadmapgofadopljbjfkapdkoienihi/build/installHook.js:0
[ 1781631ms] [LOG] [INFO] [Zhida: Talk] zhida:stream:Answer {message: Object, currentTime: 2026-07-20 21:48:20.346} @ https://unpkg.zhimg.com/@cfe/sentry-script@1.3.1/dist/init.js:0
[ 1781632ms] [WARNING] useFixedContainerSlot must be used within FixedContainerProvider, falling back to safe defaults @ chrome-extension://fmkadmapgofadopljbjfkapdkoienihi/build/installHook.js:0
[ 1781636ms] [WARNING] useFixedContainerSlot must be used within FixedContainerProvider, falling back to safe defaults @ chrome-extension://fmkadmapgofadopljbjfkapdkoienihi/build/installHook.js:0
[ 1781640ms] [WARNING] useFixedContainerSlot must be used within FixedContainerProvider, falling back to safe defaults @ chrome-extension://fmkadmapgofadopljbjfkapdkoienihi/build/installHook.js:0
[ 1781645ms] [WARNING] useFixedContainerSlot must be used within FixedContainerProvider, falling back to safe defaults @ chrome-extension://fmkadmapgofadopljbjfkapdkoienihi/build/installHook.js:0
[ 1781647ms] [WARNING] useFixedContainerSlot must be used within FixedContainerProvider, falling back to safe defaults @ chrome-extension://fmkadmapgofadopljbjfkapdkoienihi/build/installHook.js:0
[ 1781648ms] [WARNING] useFixedContainerSlot must be used within FixedContainerProvider, falling back to safe defaults @ chrome-extension://fmkadmapgofadopljbjfkapdkoienihi/build/installHook.js:0
[ 1781655ms] [LOG] [INFO] [Zhida: Talk] zhida:stream:Answer {message: Object, currentTime: 2026-07-20 21:48:20.370} @ https://unpkg.zhimg.com/@cfe/sentry-script@1.3.1/dist/init.js:0
[ 1781681ms] [LOG] [INFO] [Zhida: Talk] zhida:stream:Answer {message: Object, currentTime: 2026-07-20 21:48:20.395} @ https://unpkg.zhimg.com/@cfe/sentry-script@1.3.1/dist/init.js:0
[ 1781682ms] [WARNING] useFixedContainerSlot must be used within FixedContainerProvider, falling back to safe defaults @ chrome-extension://fmkadmapgofadopljbjfkapdkoienihi/build/installHook.js:0
[ 1781686ms] [WARNING] useFixedContainerSlot must be used within FixedContainerProvider, falling back to safe defaults @ chrome-extension://fmkadmapgofadopljbjfkapdkoienihi/build/installHook.js:0
[ 1781690ms] [WARNING] useFixedContainerSlot must be used within FixedContainerProvider, falling back to safe defaults @ chrome-extension://fmkadmapgofadopljbjfkapdkoienihi/build/installHook.js:0
[ 1781695ms] [WARNING] useFixedContainerSlot must be used within FixedContainerProvider, falling back to safe defaults @ chrome-extension://fmkadmapgofadopljbjfkapdkoienihi/build/installHook.js:0
[ 1781696ms] [WARNING] useFixedContainerSlot must be used within FixedContainerProvider, falling back to safe defaults @ chrome-extension://fmkadmapgofadopljbjfkapdkoienihi/build/installHook.js:0
[ 1781698ms] [WARNING] useFixedContainerSlot must be used within FixedContainerProvider, falling back to safe defaults @ chrome-extension://fmkadmapgofadopljbjfkapdkoienihi/build/installHook.js:0
[ 1781701ms] [LOG] [INFO] [Zhida: Talk] zhida:stream:Answer {message: Object, currentTime: 2026-07-20 21:48:20.416} @ https://unpkg.zhimg.com/@cfe/sentry-script@1.3.1/dist/init.js:0
[ 1781818ms] [WARNING] useFixedContainerSlot must be used within FixedContainerProvider, falling back to safe defaults @ chrome-extension://fmkadmapgofadopljbjfkapdkoienihi/build/installHook.js:0
[ 1781838ms] [WARNING] useFixedContainerSlot must be used within FixedContainerProvider, falling back to safe defaults @ chrome-extension://fmkadmapgofadopljbjfkapdkoienihi/build/installHook.js:0
[ 1781839ms] [WARNING] useFixedContainerSlot must be used within FixedContainerProvider, falling back to safe defaults @ chrome-extension://fmkadmapgofadopljbjfkapdkoienihi/build/installHook.js:0
[ 1781840ms] [WARNING] useFixedContainerSlot must be used within FixedContainerProvider, falling back to safe defaults @ chrome-extension://fmkadmapgofadopljbjfkapdkoienihi/build/installHook.js:0
[ 1781957ms] [LOG] [INFO] [Zhida: Talk] zhida:stream:Answer {message: Object, currentTime: 2026-07-20 21:48:20.671} @ https://unpkg.zhimg.com/@cfe/sentry-script@1.3.1/dist/init.js:0
[ 1782004ms] [LOG] [INFO] [Zhida: Talk] zhida:stream:Answer {message: Object, currentTime: 2026-07-20 21:48:20.718} @ https://unpkg.zhimg.com/@cfe/sentry-script@1.3.1/dist/init.js:0
[ 1782005ms] [WARNING] useFixedContainerSlot must be used within FixedContainerProvider, falling back to safe defaults @ chrome-extension://fmkadmapgofadopljbjfkapdkoienihi/build/installHook.js:0
[ 1782009ms] [WARNING] useFixedContainerSlot must be used within FixedContainerProvider, falling back to safe defaults @ chrome-extension://fmkadmapgofadopljbjfkapdkoienihi/build/installHook.js:0
[ 1782013ms] [WARNING] useFixedContainerSlot must be used within FixedContainerProvider, falling back to safe defaults @ chrome-extension://fmkadmapgofadopljbjfkapdkoienihi/build/installHook.js:0
[ 1782018ms] [WARNING] useFixedContainerSlot must be used within FixedContainerProvider, falling back to safe defaults @ chrome-extension://fmkadmapgofadopljbjfkapdkoienihi/build/installHook.js:0
[ 1782020ms] [WARNING] useFixedContainerSlot must be used within FixedContainerProvider, falling back to safe defaults @ chrome-extension://fmkadmapgofadopljbjfkapdkoienihi/build/installHook.js:0
[ 1782021ms] [WARNING] useFixedContainerSlot must be used within FixedContainerProvider, falling back to safe defaults @ chrome-extension://fmkadmapgofadopljbjfkapdkoienihi/build/installHook.js:0
[ 1782025ms] [LOG] [INFO] [Zhida: Talk] zhida:stream:Answer {message: Object, currentTime: 2026-07-20 21:48:20.739} @ https://unpkg.zhimg.com/@cfe/sentry-script@1.3.1/dist/init.js:0
[ 1782050ms] [LOG] [INFO] [Zhida: Talk] zhida:stream:Answer {message: Object, currentTime: 2026-07-20 21:48:20.764} @ https://unpkg.zhimg.com/@cfe/sentry-script@1.3.1/dist/init.js:0
[ 1782051ms] [WARNING] useFixedContainerSlot must be used within FixedContainerProvider, falling back to safe defaults @ chrome-extension://fmkadmapgofadopljbjfkapdkoienihi/build/installHook.js:0
[ 1782055ms] [WARNING] useFixedContainerSlot must be used within FixedContainerProvider, falling back to safe defaults @ chrome-extension://fmkadmapgofadopljbjfkapdkoienihi/build/installHook.js:0
[ 1782059ms] [WARNING] useFixedContainerSlot must be used within FixedContainerProvider, falling back to safe defaults @ chrome-extension://fmkadmapgofadopljbjfkapdkoienihi/build/installHook.js:0
[ 1782063ms] [WARNING] useFixedContainerSlot must be used within FixedContainerProvider, falling back to safe defaults @ chrome-extension://fmkadmapgofadopljbjfkapdkoienihi/build/installHook.js:0
[ 1782065ms] [WARNING] useFixedContainerSlot must be used within FixedContainerProvider, falling back to safe defaults @ chrome-extension://fmkadmapgofadopljbjfkapdkoienihi/build/installHook.js:0
[ 1782066ms] [WARNING] useFixedContainerSlot must be used within FixedContainerProvider, falling back to safe defaults @ chrome-extension://fmkadmapgofadopljbjfkapdkoienihi/build/installHook.js:0
[ 1782070ms] [LOG] [INFO] [Zhida: Talk] zhida:stream:Answer {message: Object, currentTime: 2026-07-20 21:48:20.784} @ https://unpkg.zhimg.com/@cfe/sentry-script@1.3.1/dist/init.js:0
[ 1782102ms] [LOG] [INFO] [Zhida: Talk] zhida:stream:Answer {message: Object, currentTime: 2026-07-20 21:48:20.817} @ https://unpkg.zhimg.com/@cfe/sentry-script@1.3.1/dist/init.js:0
[ 1782103ms] [WARNING] useFixedContainerSlot must be used within FixedContainerProvider, falling back to safe defaults @ chrome-extension://fmkadmapgofadopljbjfkapdkoienihi/build/installHook.js:0
[ 1782107ms] [WARNING] useFixedContainerSlot must be used within FixedContainerProvider, falling back to safe defaults @ chrome-extension://fmkadmapgofadopljbjfkapdkoienihi/build/installHook.js:0
[ 1782111ms] [WARNING] useFixedContainerSlot must be used within FixedContainerProvider, falling back to safe defaults @ chrome-extension://fmkadmapgofadopljbjfkapdkoienihi/build/installHook.js:0
[ 1782116ms] [WARNING] useFixedContainerSlot must be used within FixedContainerProvider, falling back to safe defaults @ chrome-extension://fmkadmapgofadopljbjfkapdkoienihi/build/installHook.js:0
[ 1782118ms] [WARNING] useFixedContainerSlot must be used within FixedContainerProvider, falling back to safe defaults @ chrome-extension://fmkadmapgofadopljbjfkapdkoienihi/build/installHook.js:0
[ 1782119ms] [WARNING] useFixedContainerSlot must be used within FixedContainerProvider, falling back to safe defaults @ chrome-extension://fmkadmapgofadopljbjfkapdkoienihi/build/installHook.js:0
[ 1782123ms] [LOG] [INFO] [Zhida: Talk] zhida:stream:Answer {message: Object, currentTime: 2026-07-20 21:48:20.837} @ https://unpkg.zhimg.com/@cfe/sentry-script@1.3.1/dist/init.js:0
[ 1782158ms] [WARNING] useFixedContainerSlot must be used within FixedContainerProvider, falling back to safe defaults @ chrome-extension://fmkadmapgofadopljbjfkapdkoienihi/build/installHook.js:0
[ 1782159ms] [WARNING] useFixedContainerSlot must be used within FixedContainerProvider, falling back to safe defaults @ chrome-extension://fmkadmapgofadopljbjfkapdkoienihi/build/installHook.js:0
[ 1782160ms] [WARNING] useFixedContainerSlot must be used within FixedContainerProvider, falling back to safe defaults @ chrome-extension://fmkadmapgofadopljbjfkapdkoienihi/build/installHook.js:0
[ 1782217ms] [LOG] [INFO] [Zhida: Talk] zhida:stream:Answer {message: Object, currentTime: 2026-07-20 21:48:20.932} @ https://unpkg.zhimg.com/@cfe/sentry-script@1.3.1/dist/init.js:0
[ 1782232ms] [WARNING] useFixedContainerSlot must be used within FixedContainerProvider, falling back to safe defaults @ chrome-extension://fmkadmapgofadopljbjfkapdkoienihi/build/installHook.js:0
[ 1782234ms] [WARNING] useFixedContainerSlot must be used within FixedContainerProvider, falling back to safe defaults @ chrome-extension://fmkadmapgofadopljbjfkapdkoienihi/build/installHook.js:0
[ 1782235ms] [WARNING] useFixedContainerSlot must be used within FixedContainerProvider, falling back to safe defaults @ chrome-extension://fmkadmapgofadopljbjfkapdkoienihi/build/installHook.js:0
[ 1782258ms] [WARNING] useFixedContainerSlot must be used within FixedContainerProvider, falling back to safe defaults @ chrome-extension://fmkadmapgofadopljbjfkapdkoienihi/build/installHook.js:0
[ 1782260ms] [WARNING] useFixedContainerSlot must be used within FixedContainerProvider, falling back to safe defaults @ chrome-extension://fmkadmapgofadopljbjfkapdkoienihi/build/installHook.js:0
[ 1782261ms] [WARNING] useFixedContainerSlot must be used within FixedContainerProvider, falling back to safe defaults @ chrome-extension://fmkadmapgofadopljbjfkapdkoienihi/build/installHook.js:0
[ 1782277ms] [LOG] [INFO] [Zhida: Talk] zhida:stream:Answer {message: Object, currentTime: 2026-07-20 21:48:20.991} @ https://unpkg.zhimg.com/@cfe/sentry-script@1.3.1/dist/init.js:0
[ 1782278ms] [WARNING] useFixedContainerSlot must be used within FixedContainerProvider, falling back to safe defaults @ chrome-extension://fmkadmapgofadopljbjfkapdkoienihi/build/installHook.js:0
[ 1782282ms] [WARNING] useFixedContainerSlot must be used within FixedContainerProvider, falling back to safe defaults @ chrome-extension://fmkadmapgofadopljbjfkapdkoienihi/build/installHook.js:0
[ 1782286ms] [WARNING] useFixedContainerSlot must be used within FixedContainerProvider, falling back to safe defaults @ chrome-extension://fmkadmapgofadopljbjfkapdkoienihi/build/installHook.js:0
[ 1782291ms] [WARNING] useFixedContainerSlot must be used within FixedContainerProvider, falling back to safe defaults @ chrome-extension://fmkadmapgofadopljbjfkapdkoienihi/build/installHook.js:0
[ 1782292ms] [WARNING] useFixedContainerSlot must be used within FixedContainerProvider, falling back to safe defaults @ chrome-extension://fmkadmapgofadopljbjfkapdkoienihi/build/installHook.js:0
[ 1782294ms] [WARNING] useFixedContainerSlot must be used within FixedContainerProvider, falling back to safe defaults @ chrome-extension://fmkadmapgofadopljbjfkapdkoienihi/build/installHook.js:0
[ 1782297ms] [LOG] [INFO] [Zhida: Talk] zhida:stream:Answer {message: Object, currentTime: 2026-07-20 21:48:21.011} @ https://unpkg.zhimg.com/@cfe/sentry-script@1.3.1/dist/init.js:0
[ 1782298ms] [WARNING] useFixedContainerSlot must be used within FixedContainerProvider, falling back to safe defaults @ chrome-extension://fmkadmapgofadopljbjfkapdkoienihi/build/installHook.js:0
[ 1782301ms] [WARNING] useFixedContainerSlot must be used within FixedContainerProvider, falling back to safe defaults @ chrome-extension://fmkadmapgofadopljbjfkapdkoienihi/build/installHook.js:0
[ 1782305ms] [WARNING] useFixedContainerSlot must be used within FixedContainerProvider, falling back to safe defaults @ chrome-extension://fmkadmapgofadopljbjfkapdkoienihi/build/installHook.js:0
[ 1782310ms] [WARNING] useFixedContainerSlot must be used within FixedContainerProvider, falling back to safe defaults @ chrome-extension://fmkadmapgofadopljbjfkapdkoienihi/build/installHook.js:0
[ 1782311ms] [WARNING] useFixedContainerSlot must be used within FixedContainerProvider, falling back to safe defaults @ chrome-extension://fmkadmapgofadopljbjfkapdkoienihi/build/installHook.js:0
[ 1782313ms] [WARNING] useFixedContainerSlot must be used within FixedContainerProvider, falling back to safe defaults @ chrome-extension://fmkadmapgofadopljbjfkapdkoienihi/build/installHook.js:0
[ 1782315ms] [LOG] [INFO] [Zhida: Talk] zhida:stream:Answer {message: Object, currentTime: 2026-07-20 21:48:21.029} @ https://unpkg.zhimg.com/@cfe/sentry-script@1.3.1/dist/init.js:0
[ 1782315ms] [WARNING] useFixedContainerSlot must be used within FixedContainerProvider, falling back to safe defaults @ chrome-extension://fmkadmapgofadopljbjfkapdkoienihi/build/installHook.js:0
[ 1782319ms] [WARNING] useFixedContainerSlot must be used within FixedContainerProvider, falling back to safe defaults @ chrome-extension://fmkadmapgofadopljbjfkapdkoienihi/build/installHook.js:0
[ 1782323ms] [WARNING] useFixedContainerSlot must be used within FixedContainerProvider, falling back to safe defaults @ chrome-extension://fmkadmapgofadopljbjfkapdkoienihi/build/installHook.js:0
[ 1782328ms] [WARNING] useFixedContainerSlot must be used within FixedContainerProvider, falling back to safe defaults @ chrome-extension://fmkadmapgofadopljbjfkapdkoienihi/build/installHook.js:0
[ 1782330ms] [WARNING] useFixedContainerSlot must be used within FixedContainerProvider, falling back to safe defaults @ chrome-extension://fmkadmapgofadopljbjfkapdkoienihi/build/installHook.js:0
[ 1782332ms] [WARNING] useFixedContainerSlot must be used within FixedContainerProvider, falling back to safe defaults @ chrome-extension://fmkadmapgofadopljbjfkapdkoienihi/build/installHook.js:0
[ 1782339ms] [LOG] [INFO] [Zhida: Talk] zhida:stream:Answer {message: Object, currentTime: 2026-07-20 21:48:21.053} @ https://unpkg.zhimg.com/@cfe/sentry-script@1.3.1/dist/init.js:0
[ 1782350ms] [WARNING] useFixedContainerSlot must be used within FixedContainerProvider, falling back to safe defaults @ chrome-extension://fmkadmapgofadopljbjfkapdkoienihi/build/installHook.js:0
[ 1782351ms] [WARNING] useFixedContainerSlot must be used within FixedContainerProvider, falling back to safe defaults @ chrome-extension://fmkadmapgofadopljbjfkapdkoienihi/build/installHook.js:0
[ 1782353ms] [WARNING] useFixedContainerSlot must be used within FixedContainerProvider, falling back to safe defaults @ chrome-extension://fmkadmapgofadopljbjfkapdkoienihi/build/installHook.js:0
[ 1782356ms] [WARNING] useFixedContainerSlot must be used within FixedContainerProvider, falling back to safe defaults @ chrome-extension://fmkadmapgofadopljbjfkapdkoienihi/build/installHook.js:0
[ 1782427ms] [LOG] [INFO] [Zhida: Talk] zhida:stream:Answer {message: Object, currentTime: 2026-07-20 21:48:21.141} @ https://unpkg.zhimg.com/@cfe/sentry-script@1.3.1/dist/init.js:0
[ 1782428ms] [WARNING] useFixedContainerSlot must be used within FixedContainerProvider, falling back to safe defaults @ chrome-extension://fmkadmapgofadopljbjfkapdkoienihi/build/installHook.js:0
[ 1782432ms] [WARNING] useFixedContainerSlot must be used within FixedContainerProvider, falling back to safe defaults @ chrome-extension://fmkadmapgofadopljbjfkapdkoienihi/build/installHook.js:0
[ 1782436ms] [WARNING] useFixedContainerSlot must be used within FixedContainerProvider, falling back to safe defaults @ chrome-extension://fmkadmapgofadopljbjfkapdkoienihi/build/installHook.js:0
[ 1782441ms] [WARNING] useFixedContainerSlot must be used within FixedContainerProvider, falling back to safe defaults @ chrome-extension://fmkadmapgofadopljbjfkapdkoienihi/build/installHook.js:0
[ 1782443ms] [WARNING] useFixedContainerSlot must be used within FixedContainerProvider, falling back to safe defaults @ chrome-extension://fmkadmapgofadopljbjfkapdkoienihi/build/installHook.js:0
[ 1782444ms] [WARNING] useFixedContainerSlot must be used within FixedContainerProvider, falling back to safe defaults @ chrome-extension://fmkadmapgofadopljbjfkapdkoienihi/build/installHook.js:0
[ 1782458ms] [WARNING] useFixedContainerSlot must be used within FixedContainerProvider, falling back to safe defaults @ chrome-extension://fmkadmapgofadopljbjfkapdkoienihi/build/installHook.js:0
[ 1782459ms] [WARNING] useFixedContainerSlot must be used within FixedContainerProvider, falling back to safe defaults @ chrome-extension://fmkadmapgofadopljbjfkapdkoienihi/build/installHook.js:0
[ 1782461ms] [WARNING] useFixedContainerSlot must be used within FixedContainerProvider, falling back to safe defaults @ chrome-extension://fmkadmapgofadopljbjfkapdkoienihi/build/installHook.js:0
[ 1782462ms] [LOG] [INFO] [Zhida: Talk] zhida:stream:Answer {message: Object, currentTime: 2026-07-20 21:48:21.177} @ https://unpkg.zhimg.com/@cfe/sentry-script@1.3.1/dist/init.js:0
[ 1782470ms] [LOG] [INFO] [Zhida: Talk] zhida:stream:HeartBeat {message: Object, currentTime: 2026-07-20 21:48:21.184} @ https://unpkg.zhimg.com/@cfe/sentry-script@1.3.1/dist/init.js:0
[ 1782471ms] [LOG] [INFO] [Zhida: Talk] zhida:stream:Answer {message: Object, currentTime: 2026-07-20 21:48:21.185} @ https://unpkg.zhimg.com/@cfe/sentry-script@1.3.1/dist/init.js:0
[ 1782472ms] [WARNING] useFixedContainerSlot must be used within FixedContainerProvider, falling back to safe defaults @ chrome-extension://fmkadmapgofadopljbjfkapdkoienihi/build/installHook.js:0
[ 1782476ms] [WARNING] useFixedContainerSlot must be used within FixedContainerProvider, falling back to safe defaults @ chrome-extension://fmkadmapgofadopljbjfkapdkoienihi/build/installHook.js:0
[ 1782480ms] [WARNING] useFixedContainerSlot must be used within FixedContainerProvider, falling back to safe defaults @ chrome-extension://fmkadmapgofadopljbjfkapdkoienihi/build/installHook.js:0
[ 1782485ms] [WARNING] useFixedContainerSlot must be used within FixedContainerProvider, falling back to safe defaults @ chrome-extension://fmkadmapgofadopljbjfkapdkoienihi/build/installHook.js:0
[ 1782486ms] [WARNING] useFixedContainerSlot must be used within FixedContainerProvider, falling back to safe defaults @ chrome-extension://fmkadmapgofadopljbjfkapdkoienihi/build/installHook.js:0
[ 1782488ms] [WARNING] useFixedContainerSlot must be used within FixedContainerProvider, falling back to safe defaults @ chrome-extension://fmkadmapgofadopljbjfkapdkoienihi/build/installHook.js:0
[ 1782491ms] [LOG] [INFO] [Zhida: Talk] zhida:stream:Answer {message: Object, currentTime: 2026-07-20 21:48:21.206} @ https://unpkg.zhimg.com/@cfe/sentry-script@1.3.1/dist/init.js:0
[ 1782579ms] [LOG] [INFO] [Zhida: Talk] zhida:stream:Answer {message: Object, currentTime: 2026-07-20 21:48:21.293} @ https://unpkg.zhimg.com/@cfe/sentry-script@1.3.1/dist/init.js:0
[ 1782580ms] [WARNING] useFixedContainerSlot must be used within FixedContainerProvider, falling back to safe defaults @ chrome-extension://fmkadmapgofadopljbjfkapdkoienihi/build/installHook.js:0
[ 1782584ms] [WARNING] useFixedContainerSlot must be used within FixedContainerProvider, falling back to safe defaults @ chrome-extension://fmkadmapgofadopljbjfkapdkoienihi/build/installHook.js:0
[ 1782588ms] [WARNING] useFixedContainerSlot must be used within FixedContainerProvider, falling back to safe defaults @ chrome-extension://fmkadmapgofadopljbjfkapdkoienihi/build/installHook.js:0
[ 1782592ms] [WARNING] useFixedContainerSlot must be used within FixedContainerProvider, falling back to safe defaults @ chrome-extension://fmkadmapgofadopljbjfkapdkoienihi/build/installHook.js:0
[ 1782594ms] [WARNING] useFixedContainerSlot must be used within FixedContainerProvider, falling back to safe defaults @ chrome-extension://fmkadmapgofadopljbjfkapdkoienihi/build/installHook.js:0
[ 1782595ms] [WARNING] useFixedContainerSlot must be used within FixedContainerProvider, falling back to safe defaults @ chrome-extension://fmkadmapgofadopljbjfkapdkoienihi/build/installHook.js:0
[ 1782597ms] [LOG] [INFO] [Zhida: Talk] zhida:stream:Answer {message: Object, currentTime: 2026-07-20 21:48:21.311} @ https://unpkg.zhimg.com/@cfe/sentry-script@1.3.1/dist/init.js:0
[ 1782682ms] [LOG] [INFO] [Zhida: Talk] zhida:stream:Answer {message: Object, currentTime: 2026-07-20 21:48:21.397} @ https://unpkg.zhimg.com/@cfe/sentry-script@1.3.1/dist/init.js:0
[ 1782683ms] [WARNING] useFixedContainerSlot must be used within FixedContainerProvider, falling back to safe defaults @ chrome-extension://fmkadmapgofadopljbjfkapdkoienihi/build/installHook.js:0
[ 1782688ms] [WARNING] useFixedContainerSlot must be used within FixedContainerProvider, falling back to safe defaults @ chrome-extension://fmkadmapgofadopljbjfkapdkoienihi/build/installHook.js:0
[ 1782692ms] [WARNING] useFixedContainerSlot must be used within FixedContainerProvider, falling back to safe defaults @ chrome-extension://fmkadmapgofadopljbjfkapdkoienihi/build/installHook.js:0
[ 1782697ms] [WARNING] useFixedContainerSlot must be used within FixedContainerProvider, falling back to safe defaults @ chrome-extension://fmkadmapgofadopljbjfkapdkoienihi/build/installHook.js:0
[ 1782698ms] [WARNING] useFixedContainerSlot must be used within FixedContainerProvider, falling back to safe defaults @ chrome-extension://fmkadmapgofadopljbjfkapdkoienihi/build/installHook.js:0
[ 1782700ms] [WARNING] useFixedContainerSlot must be used within FixedContainerProvider, falling back to safe defaults @ chrome-extension://fmkadmapgofadopljbjfkapdkoienihi/build/installHook.js:0
[ 1782701ms] [LOG] [INFO] [Zhida: Talk] zhida:stream:Answer {message: Object, currentTime: 2026-07-20 21:48:21.415} @ https://unpkg.zhimg.com/@cfe/sentry-script@1.3.1/dist/init.js:0
[ 1782742ms] [LOG] [INFO] [Zhida: Talk] zhida:stream:Answer {message: Object, currentTime: 2026-07-20 21:48:21.456} @ https://unpkg.zhimg.com/@cfe/sentry-script@1.3.1/dist/init.js:0
[ 1782787ms] [LOG] [INFO] [Zhida: Talk] zhida:stream:Answer {message: Object, currentTime: 2026-07-20 21:48:21.502} @ https://unpkg.zhimg.com/@cfe/sentry-script@1.3.1/dist/init.js:0
[ 1782788ms] [WARNING] useFixedContainerSlot must be used within FixedContainerProvider, falling back to safe defaults @ chrome-extension://fmkadmapgofadopljbjfkapdkoienihi/build/installHook.js:0
[ 1782793ms] [WARNING] useFixedContainerSlot must be used within FixedContainerProvider, falling back to safe defaults @ chrome-extension://fmkadmapgofadopljbjfkapdkoienihi/build/installHook.js:0
[ 1782797ms] [WARNING] useFixedContainerSlot must be used within FixedContainerProvider, falling back to safe defaults @ chrome-extension://fmkadmapgofadopljbjfkapdkoienihi/build/installHook.js:0
[ 1782801ms] [WARNING] useFixedContainerSlot must be used within FixedContainerProvider, falling back to safe defaults @ chrome-extension://fmkadmapgofadopljbjfkapdkoienihi/build/installHook.js:0
[ 1782803ms] [WARNING] useFixedContainerSlot must be used within FixedContainerProvider, falling back to safe defaults @ chrome-extension://fmkadmapgofadopljbjfkapdkoienihi/build/installHook.js:0
[ 1782804ms] [WARNING] useFixedContainerSlot must be used within FixedContainerProvider, falling back to safe defaults @ chrome-extension://fmkadmapgofadopljbjfkapdkoienihi/build/installHook.js:0
[ 1782809ms] [LOG] [INFO] [Zhida: Talk] zhida:stream:Answer {message: Object, currentTime: 2026-07-20 21:48:21.523} @ https://unpkg.zhimg.com/@cfe/sentry-script@1.3.1/dist/init.js:0
[ 1782847ms] [LOG] [INFO] [Zhida: Talk] zhida:stream:Answer {message: Object, currentTime: 2026-07-20 21:48:21.561} @ https://unpkg.zhimg.com/@cfe/sentry-script@1.3.1/dist/init.js:0
[ 1782848ms] [WARNING] useFixedContainerSlot must be used within FixedContainerProvider, falling back to safe defaults @ chrome-extension://fmkadmapgofadopljbjfkapdkoienihi/build/installHook.js:0
[ 1782852ms] [WARNING] useFixedContainerSlot must be used within FixedContainerProvider, falling back to safe defaults @ chrome-extension://fmkadmapgofadopljbjfkapdkoienihi/build/installHook.js:0
[ 1782856ms] [WARNING] useFixedContainerSlot must be used within FixedContainerProvider, falling back to safe defaults @ chrome-extension://fmkadmapgofadopljbjfkapdkoienihi/build/installHook.js:0
[ 1782861ms] [WARNING] useFixedContainerSlot must be used within FixedContainerProvider, falling back to safe defaults @ chrome-extension://fmkadmapgofadopljbjfkapdkoienihi/build/installHook.js:0
[ 1782863ms] [WARNING] useFixedContainerSlot must be used within FixedContainerProvider, falling back to safe defaults @ chrome-extension://fmkadmapgofadopljbjfkapdkoienihi/build/installHook.js:0
[ 1782864ms] [WARNING] useFixedContainerSlot must be used within FixedContainerProvider, falling back to safe defaults @ chrome-extension://fmkadmapgofadopljbjfkapdkoienihi/build/installHook.js:0
[ 1782871ms] [WARNING] useFixedContainerSlot must be used within FixedContainerProvider, falling back to safe defaults @ chrome-extension://fmkadmapgofadopljbjfkapdkoienihi/build/installHook.js:0
[ 1782873ms] [WARNING] useFixedContainerSlot must be used within FixedContainerProvider, falling back to safe defaults @ chrome-extension://fmkadmapgofadopljbjfkapdkoienihi/build/installHook.js:0
[ 1782874ms] [WARNING] useFixedContainerSlot must be used within FixedContainerProvider, falling back to safe defaults @ chrome-extension://fmkadmapgofadopljbjfkapdkoienihi/build/installHook.js:0
[ 1782875ms] [WARNING] useFixedContainerSlot must be used within FixedContainerProvider, falling back to safe defaults @ chrome-extension://fmkadmapgofadopljbjfkapdkoienihi/build/installHook.js:0
[ 1782898ms] [LOG] [INFO] [Zhida: Talk] zhida:stream:Answer {message: Object, currentTime: 2026-07-20 21:48:21.613} @ https://unpkg.zhimg.com/@cfe/sentry-script@1.3.1/dist/init.js:0
[ 1782904ms] [LOG] [INFO] [Zhida: Talk] zhida:stream:Answer {message: Object, currentTime: 2026-07-20 21:48:21.618} @ https://unpkg.zhimg.com/@cfe/sentry-script@1.3.1/dist/init.js:0
[ 1782944ms] [LOG] [INFO] [Zhida: Talk] zhida:stream:Answer {message: Object, currentTime: 2026-07-20 21:48:21.659} @ https://unpkg.zhimg.com/@cfe/sentry-script@1.3.1/dist/init.js:0
[ 1782945ms] [WARNING] useFixedContainerSlot must be used within FixedContainerProvider, falling back to safe defaults @ chrome-extension://fmkadmapgofadopljbjfkapdkoienihi/build/installHook.js:0
[ 1782950ms] [WARNING] useFixedContainerSlot must be used within FixedContainerProvider, falling back to safe defaults @ chrome-extension://fmkadmapgofadopljbjfkapdkoienihi/build/installHook.js:0
[ 1782954ms] [WARNING] useFixedContainerSlot must be used within FixedContainerProvider, falling back to safe defaults @ chrome-extension://fmkadmapgofadopljbjfkapdkoienihi/build/installHook.js:0
[ 1782959ms] [WARNING] useFixedContainerSlot must be used within FixedContainerProvider, falling back to safe defaults @ chrome-extension://fmkadmapgofadopljbjfkapdkoienihi/build/installHook.js:0
[ 1782960ms] [WARNING] useFixedContainerSlot must be used within FixedContainerProvider, falling back to safe defaults @ chrome-extension://fmkadmapgofadopljbjfkapdkoienihi/build/installHook.js:0
[ 1782962ms] [WARNING] useFixedContainerSlot must be used within FixedContainerProvider, falling back to safe defaults @ chrome-extension://fmkadmapgofadopljbjfkapdkoienihi/build/installHook.js:0
[ 1782969ms] [LOG] [INFO] [Zhida: Talk] zhida:stream:Answer {message: Object, currentTime: 2026-07-20 21:48:21.683} @ https://unpkg.zhimg.com/@cfe/sentry-script@1.3.1/dist/init.js:0
[ 1782983ms] [WARNING] useFixedContainerSlot must be used within FixedContainerProvider, falling back to safe defaults @ chrome-extension://fmkadmapgofadopljbjfkapdkoienihi/build/installHook.js:0
[ 1782984ms] [WARNING] useFixedContainerSlot must be used within FixedContainerProvider, falling back to safe defaults @ chrome-extension://fmkadmapgofadopljbjfkapdkoienihi/build/installHook.js:0
[ 1782986ms] [WARNING] useFixedContainerSlot must be used within FixedContainerProvider, falling back to safe defaults @ chrome-extension://fmkadmapgofadopljbjfkapdkoienihi/build/installHook.js:0
[ 1783108ms] [LOG] [INFO] [Zhida: Talk] zhida:stream:Answer {message: Object, currentTime: 2026-07-20 21:48:21.823} @ https://unpkg.zhimg.com/@cfe/sentry-script@1.3.1/dist/init.js:0
[ 1783109ms] [WARNING] useFixedContainerSlot must be used within FixedContainerProvider, falling back to safe defaults @ chrome-extension://fmkadmapgofadopljbjfkapdkoienihi/build/installHook.js:0
[ 1783114ms] [WARNING] useFixedContainerSlot must be used within FixedContainerProvider, falling back to safe defaults @ chrome-extension://fmkadmapgofadopljbjfkapdkoienihi/build/installHook.js:0
[ 1783119ms] [WARNING] useFixedContainerSlot must be used within FixedContainerProvider, falling back to safe defaults @ chrome-extension://fmkadmapgofadopljbjfkapdkoienihi/build/installHook.js:0
[ 1783124ms] [WARNING] useFixedContainerSlot must be used within FixedContainerProvider, falling back to safe defaults @ chrome-extension://fmkadmapgofadopljbjfkapdkoienihi/build/installHook.js:0
[ 1783126ms] [WARNING] useFixedContainerSlot must be used within FixedContainerProvider, falling back to safe defaults @ chrome-extension://fmkadmapgofadopljbjfkapdkoienihi/build/installHook.js:0
[ 1783127ms] [WARNING] useFixedContainerSlot must be used within FixedContainerProvider, falling back to safe defaults @ chrome-extension://fmkadmapgofadopljbjfkapdkoienihi/build/installHook.js:0
[ 1783129ms] [LOG] [INFO] [Zhida: Talk] zhida:stream:Answer {message: Object, currentTime: 2026-07-20 21:48:21.843} @ https://unpkg.zhimg.com/@cfe/sentry-script@1.3.1/dist/init.js:0
[ 1783140ms] [WARNING] useFixedContainerSlot must be used within FixedContainerProvider, falling back to safe defaults @ chrome-extension://fmkadmapgofadopljbjfkapdkoienihi/build/installHook.js:0
[ 1783141ms] [WARNING] useFixedContainerSlot must be used within FixedContainerProvider, falling back to safe defaults @ chrome-extension://fmkadmapgofadopljbjfkapdkoienihi/build/installHook.js:0
[ 1783142ms] [WARNING] useFixedContainerSlot must be used within FixedContainerProvider, falling back to safe defaults @ chrome-extension://fmkadmapgofadopljbjfkapdkoienihi/build/installHook.js:0
[ 1783262ms] [LOG] [INFO] [Zhida: Talk] zhida:stream:Answer {message: Object, currentTime: 2026-07-20 21:48:21.977} @ https://unpkg.zhimg.com/@cfe/sentry-script@1.3.1/dist/init.js:0
[ 1783264ms] [WARNING] useFixedContainerSlot must be used within FixedContainerProvider, falling back to safe defaults @ chrome-extension://fmkadmapgofadopljbjfkapdkoienihi/build/installHook.js:0
[ 1783268ms] [WARNING] useFixedContainerSlot must be used within FixedContainerProvider, falling back to safe defaults @ chrome-extension://fmkadmapgofadopljbjfkapdkoienihi/build/installHook.js:0
[ 1783272ms] [WARNING] useFixedContainerSlot must be used within FixedContainerProvider, falling back to safe defaults @ chrome-extension://fmkadmapgofadopljbjfkapdkoienihi/build/installHook.js:0
[ 1783277ms] [WARNING] useFixedContainerSlot must be used within FixedContainerProvider, falling back to safe defaults @ chrome-extension://fmkadmapgofadopljbjfkapdkoienihi/build/installHook.js:0
[ 1783279ms] [WARNING] useFixedContainerSlot must be used within FixedContainerProvider, falling back to safe defaults @ chrome-extension://fmkadmapgofadopljbjfkapdkoienihi/build/installHook.js:0
[ 1783280ms] [WARNING] useFixedContainerSlot must be used within FixedContainerProvider, falling back to safe defaults @ chrome-extension://fmkadmapgofadopljbjfkapdkoienihi/build/installHook.js:0
[ 1783284ms] [LOG] [INFO] [Zhida: Talk] zhida:stream:Answer {message: Object, currentTime: 2026-07-20 21:48:21.999} @ https://unpkg.zhimg.com/@cfe/sentry-script@1.3.1/dist/init.js:0
[ 1783358ms] [WARNING] useFixedContainerSlot must be used within FixedContainerProvider, falling back to safe defaults @ chrome-extension://fmkadmapgofadopljbjfkapdkoienihi/build/installHook.js:0
[ 1783360ms] [WARNING] useFixedContainerSlot must be used within FixedContainerProvider, falling back to safe defaults @ chrome-extension://fmkadmapgofadopljbjfkapdkoienihi/build/installHook.js:0
[ 1783361ms] [WARNING] useFixedContainerSlot must be used within FixedContainerProvider, falling back to safe defaults @ chrome-extension://fmkadmapgofadopljbjfkapdkoienihi/build/installHook.js:0
[ 1783380ms] [WARNING] useFixedContainerSlot must be used within FixedContainerProvider, falling back to safe defaults @ chrome-extension://fmkadmapgofadopljbjfkapdkoienihi/build/installHook.js:0
[ 1783420ms] [LOG] [INFO] [Zhida: Talk] zhida:stream:Answer {message: Object, currentTime: 2026-07-20 21:48:22.134} @ https://unpkg.zhimg.com/@cfe/sentry-script@1.3.1/dist/init.js:0
[ 1783421ms] [WARNING] useFixedContainerSlot must be used within FixedContainerProvider, falling back to safe defaults @ chrome-extension://fmkadmapgofadopljbjfkapdkoienihi/build/installHook.js:0
[ 1783425ms] [WARNING] useFixedContainerSlot must be used within FixedContainerProvider, falling back to safe defaults @ chrome-extension://fmkadmapgofadopljbjfkapdkoienihi/build/installHook.js:0
[ 1783429ms] [WARNING] useFixedContainerSlot must be used within FixedContainerProvider, falling back to safe defaults @ chrome-extension://fmkadmapgofadopljbjfkapdkoienihi/build/installHook.js:0
[ 1783434ms] [WARNING] useFixedContainerSlot must be used within FixedContainerProvider, falling back to safe defaults @ chrome-extension://fmkadmapgofadopljbjfkapdkoienihi/build/installHook.js:0
[ 1783436ms] [WARNING] useFixedContainerSlot must be used within FixedContainerProvider, falling back to safe defaults @ chrome-extension://fmkadmapgofadopljbjfkapdkoienihi/build/installHook.js:0
[ 1783437ms] [WARNING] useFixedContainerSlot must be used within FixedContainerProvider, falling back to safe defaults @ chrome-extension://fmkadmapgofadopljbjfkapdkoienihi/build/installHook.js:0
[ 1783444ms] [LOG] [INFO] [Zhida: Talk] zhida:stream:Answer {message: Object, currentTime: 2026-07-20 21:48:22.158} @ https://unpkg.zhimg.com/@cfe/sentry-script@1.3.1/dist/init.js:0
[ 1783450ms] [WARNING] useFixedContainerSlot must be used within FixedContainerProvider, falling back to safe defaults @ chrome-extension://fmkadmapgofadopljbjfkapdkoienihi/build/installHook.js:0
[ 1783452ms] [WARNING] useFixedContainerSlot must be used within FixedContainerProvider, falling back to safe defaults @ chrome-extension://fmkadmapgofadopljbjfkapdkoienihi/build/installHook.js:0
[ 1783453ms] [WARNING] useFixedContainerSlot must be used within FixedContainerProvider, falling back to safe defaults @ chrome-extension://fmkadmapgofadopljbjfkapdkoienihi/build/installHook.js:0
[ 1783470ms] [WARNING] useFixedContainerSlot must be used within FixedContainerProvider, falling back to safe defaults @ chrome-extension://fmkadmapgofadopljbjfkapdkoienihi/build/installHook.js:0
[ 1783471ms] [WARNING] useFixedContainerSlot must be used within FixedContainerProvider, falling back to safe defaults @ chrome-extension://fmkadmapgofadopljbjfkapdkoienihi/build/installHook.js:0
[ 1783473ms] [WARNING] useFixedContainerSlot must be used within FixedContainerProvider, falling back to safe defaults @ chrome-extension://fmkadmapgofadopljbjfkapdkoienihi/build/installHook.js:0
[ 1783478ms] [LOG] [INFO] [Zhida: Talk] zhida:stream:Answer {message: Object, currentTime: 2026-07-20 21:48:22.192} @ https://unpkg.zhimg.com/@cfe/sentry-script@1.3.1/dist/init.js:0
[ 1783479ms] [WARNING] useFixedContainerSlot must be used within FixedContainerProvider, falling back to safe defaults @ chrome-extension://fmkadmapgofadopljbjfkapdkoienihi/build/installHook.js:0
[ 1783483ms] [WARNING] useFixedContainerSlot must be used within FixedContainerProvider, falling back to safe defaults @ chrome-extension://fmkadmapgofadopljbjfkapdkoienihi/build/installHook.js:0
[ 1783487ms] [WARNING] useFixedContainerSlot must be used within FixedContainerProvider, falling back to safe defaults @ chrome-extension://fmkadmapgofadopljbjfkapdkoienihi/build/installHook.js:0
[ 1783491ms] [WARNING] useFixedContainerSlot must be used within FixedContainerProvider, falling back to safe defaults @ chrome-extension://fmkadmapgofadopljbjfkapdkoienihi/build/installHook.js:0
[ 1783493ms] [WARNING] useFixedContainerSlot must be used within FixedContainerProvider, falling back to safe defaults @ chrome-extension://fmkadmapgofadopljbjfkapdkoienihi/build/installHook.js:0
[ 1783494ms] [WARNING] useFixedContainerSlot must be used within FixedContainerProvider, falling back to safe defaults @ chrome-extension://fmkadmapgofadopljbjfkapdkoienihi/build/installHook.js:0
[ 1783498ms] [LOG] [INFO] [Zhida: Talk] zhida:stream:Answer {message: Object, currentTime: 2026-07-20 21:48:22.212} @ https://unpkg.zhimg.com/@cfe/sentry-script@1.3.1/dist/init.js:0
[ 1783527ms] [LOG] [INFO] [Zhida: Talk] zhida:stream:Answer {message: Object, currentTime: 2026-07-20 21:48:22.241} @ https://unpkg.zhimg.com/@cfe/sentry-script@1.3.1/dist/init.js:0
[ 1783528ms] [WARNING] useFixedContainerSlot must be used within FixedContainerProvider, falling back to safe defaults @ chrome-extension://fmkadmapgofadopljbjfkapdkoienihi/build/installHook.js:0
[ 1783532ms] [WARNING] useFixedContainerSlot must be used within FixedContainerProvider, falling back to safe defaults @ chrome-extension://fmkadmapgofadopljbjfkapdkoienihi/build/installHook.js:0
[ 1783536ms] [WARNING] useFixedContainerSlot must be used within FixedContainerProvider, falling back to safe defaults @ chrome-extension://fmkadmapgofadopljbjfkapdkoienihi/build/installHook.js:0
[ 1783540ms] [WARNING] useFixedContainerSlot must be used within FixedContainerProvider, falling back to safe defaults @ chrome-extension://fmkadmapgofadopljbjfkapdkoienihi/build/installHook.js:0
[ 1783542ms] [WARNING] useFixedContainerSlot must be used within FixedContainerProvider, falling back to safe defaults @ chrome-extension://fmkadmapgofadopljbjfkapdkoienihi/build/installHook.js:0
[ 1783543ms] [WARNING] useFixedContainerSlot must be used within FixedContainerProvider, falling back to safe defaults @ chrome-extension://fmkadmapgofadopljbjfkapdkoienihi/build/installHook.js:0
[ 1783578ms] [LOG] [INFO] [Zhida: Talk] zhida:stream:Answer {message: Object, currentTime: 2026-07-20 21:48:22.293} @ https://unpkg.zhimg.com/@cfe/sentry-script@1.3.1/dist/init.js:0
[ 1783579ms] [WARNING] useFixedContainerSlot must be used within FixedContainerProvider, falling back to safe defaults @ chrome-extension://fmkadmapgofadopljbjfkapdkoienihi/build/installHook.js:0
[ 1783583ms] [WARNING] useFixedContainerSlot must be used within FixedContainerProvider, falling back to safe defaults @ chrome-extension://fmkadmapgofadopljbjfkapdkoienihi/build/installHook.js:0
[ 1783587ms] [WARNING] useFixedContainerSlot must be used within FixedContainerProvider, falling back to safe defaults @ chrome-extension://fmkadmapgofadopljbjfkapdkoienihi/build/installHook.js:0
[ 1783592ms] [WARNING] useFixedContainerSlot must be used within FixedContainerProvider, falling back to safe defaults @ chrome-extension://fmkadmapgofadopljbjfkapdkoienihi/build/installHook.js:0
[ 1783593ms] [WARNING] useFixedContainerSlot must be used within FixedContainerProvider, falling back to safe defaults @ chrome-extension://fmkadmapgofadopljbjfkapdkoienihi/build/installHook.js:0
[ 1783595ms] [WARNING] useFixedContainerSlot must be used within FixedContainerProvider, falling back to safe defaults @ chrome-extension://fmkadmapgofadopljbjfkapdkoienihi/build/installHook.js:0
[ 1783599ms] [LOG] [INFO] [Zhida: Talk] zhida:stream:Answer {message: Object, currentTime: 2026-07-20 21:48:22.313} @ https://unpkg.zhimg.com/@cfe/sentry-script@1.3.1/dist/init.js:0
[ 1783604ms] [WARNING] useFixedContainerSlot must be used within FixedContainerProvider, falling back to safe defaults @ chrome-extension://fmkadmapgofadopljbjfkapdkoienihi/build/installHook.js:0
[ 1783606ms] [WARNING] useFixedContainerSlot must be used within FixedContainerProvider, falling back to safe defaults @ chrome-extension://fmkadmapgofadopljbjfkapdkoienihi/build/installHook.js:0
[ 1783607ms] [WARNING] useFixedContainerSlot must be used within FixedContainerProvider, falling back to safe defaults @ chrome-extension://fmkadmapgofadopljbjfkapdkoienihi/build/installHook.js:0
[ 1783635ms] [LOG] [INFO] [Zhida: Talk] zhida:stream:Answer {message: Object, currentTime: 2026-07-20 21:48:22.349} @ https://unpkg.zhimg.com/@cfe/sentry-script@1.3.1/dist/init.js:0
[ 1783636ms] [WARNING] useFixedContainerSlot must be used within FixedContainerProvider, falling back to safe defaults @ chrome-extension://fmkadmapgofadopljbjfkapdkoienihi/build/installHook.js:0
[ 1783640ms] [WARNING] useFixedContainerSlot must be used within FixedContainerProvider, falling back to safe defaults @ chrome-extension://fmkadmapgofadopljbjfkapdkoienihi/build/installHook.js:0
[ 1783644ms] [WARNING] useFixedContainerSlot must be used within FixedContainerProvider, falling back to safe defaults @ chrome-extension://fmkadmapgofadopljbjfkapdkoienihi/build/installHook.js:0
[ 1783649ms] [WARNING] useFixedContainerSlot must be used within FixedContainerProvider, falling back to safe defaults @ chrome-extension://fmkadmapgofadopljbjfkapdkoienihi/build/installHook.js:0
[ 1783650ms] [WARNING] useFixedContainerSlot must be used within FixedContainerProvider, falling back to safe defaults @ chrome-extension://fmkadmapgofadopljbjfkapdkoienihi/build/installHook.js:0
[ 1783652ms] [WARNING] useFixedContainerSlot must be used within FixedContainerProvider, falling back to safe defaults @ chrome-extension://fmkadmapgofadopljbjfkapdkoienihi/build/installHook.js:0
[ 1783653ms] [LOG] [INFO] [Zhida: Talk] zhida:stream:Answer {message: Object, currentTime: 2026-07-20 21:48:22.367} @ https://unpkg.zhimg.com/@cfe/sentry-script@1.3.1/dist/init.js:0
[ 1783685ms] [LOG] [INFO] [Zhida: Talk] zhida:stream:Answer {message: Object, currentTime: 2026-07-20 21:48:22.400} @ https://unpkg.zhimg.com/@cfe/sentry-script@1.3.1/dist/init.js:0
[ 1783686ms] [WARNING] useFixedContainerSlot must be used within FixedContainerProvider, falling back to safe defaults @ chrome-extension://fmkadmapgofadopljbjfkapdkoienihi/build/installHook.js:0
[ 1783690ms] [WARNING] useFixedContainerSlot must be used within FixedContainerProvider, falling back to safe defaults @ chrome-extension://fmkadmapgofadopljbjfkapdkoienihi/build/installHook.js:0
[ 1783694ms] [WARNING] useFixedContainerSlot must be used within FixedContainerProvider, falling back to safe defaults @ chrome-extension://fmkadmapgofadopljbjfkapdkoienihi/build/installHook.js:0
[ 1783699ms] [WARNING] useFixedContainerSlot must be used within FixedContainerProvider, falling back to safe defaults @ chrome-extension://fmkadmapgofadopljbjfkapdkoienihi/build/installHook.js:0
[ 1783700ms] [WARNING] useFixedContainerSlot must be used within FixedContainerProvider, falling back to safe defaults @ chrome-extension://fmkadmapgofadopljbjfkapdkoienihi/build/installHook.js:0
[ 1783702ms] [WARNING] useFixedContainerSlot must be used within FixedContainerProvider, falling back to safe defaults @ chrome-extension://fmkadmapgofadopljbjfkapdkoienihi/build/installHook.js:0
[ 1783801ms] [LOG] [INFO] [Zhida: Talk] zhida:stream:Answer {message: Object, currentTime: 2026-07-20 21:48:22.515} @ https://unpkg.zhimg.com/@cfe/sentry-script@1.3.1/dist/init.js:0
[ 1783896ms] [LOG] [INFO] [Zhida: Talk] zhida:stream:Answer {message: Object, currentTime: 2026-07-20 21:48:22.610} @ https://unpkg.zhimg.com/@cfe/sentry-script@1.3.1/dist/init.js:0
[ 1783897ms] [WARNING] useFixedContainerSlot must be used within FixedContainerProvider, falling back to safe defaults @ chrome-extension://fmkadmapgofadopljbjfkapdkoienihi/build/installHook.js:0
[ 1783901ms] [WARNING] useFixedContainerSlot must be used within FixedContainerProvider, falling back to safe defaults @ chrome-extension://fmkadmapgofadopljbjfkapdkoienihi/build/installHook.js:0
[ 1783905ms] [WARNING] useFixedContainerSlot must be used within FixedContainerProvider, falling back to safe defaults @ chrome-extension://fmkadmapgofadopljbjfkapdkoienihi/build/installHook.js:0
[ 1783910ms] [WARNING] useFixedContainerSlot must be used within FixedContainerProvider, falling back to safe defaults @ chrome-extension://fmkadmapgofadopljbjfkapdkoienihi/build/installHook.js:0
[ 1783912ms] [WARNING] useFixedContainerSlot must be used within FixedContainerProvider, falling back to safe defaults @ chrome-extension://fmkadmapgofadopljbjfkapdkoienihi/build/installHook.js:0
[ 1783913ms] [WARNING] useFixedContainerSlot must be used within FixedContainerProvider, falling back to safe defaults @ chrome-extension://fmkadmapgofadopljbjfkapdkoienihi/build/installHook.js:0
[ 1783915ms] [LOG] [INFO] [Zhida: Talk] zhida:stream:Answer {message: Object, currentTime: 2026-07-20 21:48:22.629} @ https://unpkg.zhimg.com/@cfe/sentry-script@1.3.1/dist/init.js:0
[ 1783915ms] [WARNING] useFixedContainerSlot must be used within FixedContainerProvider, falling back to safe defaults @ chrome-extension://fmkadmapgofadopljbjfkapdkoienihi/build/installHook.js:0
[ 1783919ms] [WARNING] useFixedContainerSlot must be used within FixedContainerProvider, falling back to safe defaults @ chrome-extension://fmkadmapgofadopljbjfkapdkoienihi/build/installHook.js:0
[ 1783923ms] [WARNING] useFixedContainerSlot must be used within FixedContainerProvider, falling back to safe defaults @ chrome-extension://fmkadmapgofadopljbjfkapdkoienihi/build/installHook.js:0
[ 1783927ms] [WARNING] useFixedContainerSlot must be used within FixedContainerProvider, falling back to safe defaults @ chrome-extension://fmkadmapgofadopljbjfkapdkoienihi/build/installHook.js:0
[ 1783929ms] [WARNING] useFixedContainerSlot must be used within FixedContainerProvider, falling back to safe defaults @ chrome-extension://fmkadmapgofadopljbjfkapdkoienihi/build/installHook.js:0
[ 1783930ms] [WARNING] useFixedContainerSlot must be used within FixedContainerProvider, falling back to safe defaults @ chrome-extension://fmkadmapgofadopljbjfkapdkoienihi/build/installHook.js:0
[ 1783936ms] [LOG] [INFO] [Zhida: Talk] zhida:stream:Answer {message: Object, currentTime: 2026-07-20 21:48:22.650} @ https://unpkg.zhimg.com/@cfe/sentry-script@1.3.1/dist/init.js:0
[ 1783942ms] [WARNING] useFixedContainerSlot must be used within FixedContainerProvider, falling back to safe defaults @ chrome-extension://fmkadmapgofadopljbjfkapdkoienihi/build/installHook.js:0
[ 1783943ms] [WARNING] useFixedContainerSlot must be used within FixedContainerProvider, falling back to safe defaults @ chrome-extension://fmkadmapgofadopljbjfkapdkoienihi/build/installHook.js:0
[ 1783944ms] [WARNING] useFixedContainerSlot must be used within FixedContainerProvider, falling back to safe defaults @ chrome-extension://fmkadmapgofadopljbjfkapdkoienihi/build/installHook.js:0
[ 1783948ms] [WARNING] useFixedContainerSlot must be used within FixedContainerProvider, falling back to safe defaults @ chrome-extension://fmkadmapgofadopljbjfkapdkoienihi/build/installHook.js:0
[ 1783960ms] [LOG] [INFO] [Zhida: Talk] zhida:stream:Answer {message: Object, currentTime: 2026-07-20 21:48:22.674} @ https://unpkg.zhimg.com/@cfe/sentry-script@1.3.1/dist/init.js:0
[ 1783966ms] [WARNING] useFixedContainerSlot must be used within FixedContainerProvider, falling back to safe defaults @ chrome-extension://fmkadmapgofadopljbjfkapdkoienihi/build/installHook.js:0
[ 1783967ms] [WARNING] useFixedContainerSlot must be used within FixedContainerProvider, falling back to safe defaults @ chrome-extension://fmkadmapgofadopljbjfkapdkoienihi/build/installHook.js:0
[ 1783968ms] [WARNING] useFixedContainerSlot must be used within FixedContainerProvider, falling back to safe defaults @ chrome-extension://fmkadmapgofadopljbjfkapdkoienihi/build/installHook.js:0
[ 1784000ms] [LOG] [INFO] [Zhida: Talk] zhida:stream:Answer {message: Object, currentTime: 2026-07-20 21:48:22.715} @ https://unpkg.zhimg.com/@cfe/sentry-script@1.3.1/dist/init.js:0
[ 1784001ms] [WARNING] useFixedContainerSlot must be used within FixedContainerProvider, falling back to safe defaults @ chrome-extension://fmkadmapgofadopljbjfkapdkoienihi/build/installHook.js:0
[ 1784006ms] [WARNING] useFixedContainerSlot must be used within FixedContainerProvider, falling back to safe defaults @ chrome-extension://fmkadmapgofadopljbjfkapdkoienihi/build/installHook.js:0
[ 1784009ms] [WARNING] useFixedContainerSlot must be used within FixedContainerProvider, falling back to safe defaults @ chrome-extension://fmkadmapgofadopljbjfkapdkoienihi/build/installHook.js:0
[ 1784014ms] [WARNING] useFixedContainerSlot must be used within FixedContainerProvider, falling back to safe defaults @ chrome-extension://fmkadmapgofadopljbjfkapdkoienihi/build/installHook.js:0
[ 1784016ms] [WARNING] useFixedContainerSlot must be used within FixedContainerProvider, falling back to safe defaults @ chrome-extension://fmkadmapgofadopljbjfkapdkoienihi/build/installHook.js:0
[ 1784017ms] [WARNING] useFixedContainerSlot must be used within FixedContainerProvider, falling back to safe defaults @ chrome-extension://fmkadmapgofadopljbjfkapdkoienihi/build/installHook.js:0
[ 1784018ms] [LOG] [INFO] [Zhida: Talk] zhida:stream:Answer {message: Object, currentTime: 2026-07-20 21:48:22.733} @ https://unpkg.zhimg.com/@cfe/sentry-script@1.3.1/dist/init.js:0
[ 1784019ms] [WARNING] useFixedContainerSlot must be used within FixedContainerProvider, falling back to safe defaults @ chrome-extension://fmkadmapgofadopljbjfkapdkoienihi/build/installHook.js:0
[ 1784023ms] [WARNING] useFixedContainerSlot must be used within FixedContainerProvider, falling back to safe defaults @ chrome-extension://fmkadmapgofadopljbjfkapdkoienihi/build/installHook.js:0
[ 1784027ms] [WARNING] useFixedContainerSlot must be used within FixedContainerProvider, falling back to safe defaults @ chrome-extension://fmkadmapgofadopljbjfkapdkoienihi/build/installHook.js:0
[ 1784031ms] [WARNING] useFixedContainerSlot must be used within FixedContainerProvider, falling back to safe defaults @ chrome-extension://fmkadmapgofadopljbjfkapdkoienihi/build/installHook.js:0
[ 1784033ms] [WARNING] useFixedContainerSlot must be used within FixedContainerProvider, falling back to safe defaults @ chrome-extension://fmkadmapgofadopljbjfkapdkoienihi/build/installHook.js:0
[ 1784034ms] [WARNING] useFixedContainerSlot must be used within FixedContainerProvider, falling back to safe defaults @ chrome-extension://fmkadmapgofadopljbjfkapdkoienihi/build/installHook.js:0
[ 1784039ms] [LOG] [INFO] [Zhida: Talk] zhida:stream:Answer {message: Object, currentTime: 2026-07-20 21:48:22.753} @ https://unpkg.zhimg.com/@cfe/sentry-script@1.3.1/dist/init.js:0
[ 1784055ms] [LOG] [INFO] [Zhida: Talk] zhida:stream:Answer {message: Object, currentTime: 2026-07-20 21:48:22.770} @ https://unpkg.zhimg.com/@cfe/sentry-script@1.3.1/dist/init.js:0
[ 1784056ms] [WARNING] useFixedContainerSlot must be used within FixedContainerProvider, falling back to safe defaults @ chrome-extension://fmkadmapgofadopljbjfkapdkoienihi/build/installHook.js:0
[ 1784060ms] [WARNING] useFixedContainerSlot must be used within FixedContainerProvider, falling back to safe defaults @ chrome-extension://fmkadmapgofadopljbjfkapdkoienihi/build/installHook.js:0
[ 1784064ms] [WARNING] useFixedContainerSlot must be used within FixedContainerProvider, falling back to safe defaults @ chrome-extension://fmkadmapgofadopljbjfkapdkoienihi/build/installHook.js:0
[ 1784069ms] [WARNING] useFixedContainerSlot must be used within FixedContainerProvider, falling back to safe defaults @ chrome-extension://fmkadmapgofadopljbjfkapdkoienihi/build/installHook.js:0
[ 1784070ms] [WARNING] useFixedContainerSlot must be used within FixedContainerProvider, falling back to safe defaults @ chrome-extension://fmkadmapgofadopljbjfkapdkoienihi/build/installHook.js:0
[ 1784072ms] [WARNING] useFixedContainerSlot must be used within FixedContainerProvider, falling back to safe defaults @ chrome-extension://fmkadmapgofadopljbjfkapdkoienihi/build/installHook.js:0
[ 1784073ms] [LOG] [INFO] [Zhida: Talk] zhida:stream:Answer {message: Object, currentTime: 2026-07-20 21:48:22.788} @ https://unpkg.zhimg.com/@cfe/sentry-script@1.3.1/dist/init.js:0
[ 1784106ms] [LOG] [INFO] [Zhida: Talk] zhida:stream:Answer {message: Object, currentTime: 2026-07-20 21:48:22.821} @ https://unpkg.zhimg.com/@cfe/sentry-script@1.3.1/dist/init.js:0
[ 1784107ms] [WARNING] useFixedContainerSlot must be used within FixedContainerProvider, falling back to safe defaults @ chrome-extension://fmkadmapgofadopljbjfkapdkoienihi/build/installHook.js:0
[ 1784111ms] [WARNING] useFixedContainerSlot must be used within FixedContainerProvider, falling back to safe defaults @ chrome-extension://fmkadmapgofadopljbjfkapdkoienihi/build/installHook.js:0
[ 1784115ms] [WARNING] useFixedContainerSlot must be used within FixedContainerProvider, falling back to safe defaults @ chrome-extension://fmkadmapgofadopljbjfkapdkoienihi/build/installHook.js:0
[ 1784120ms] [WARNING] useFixedContainerSlot must be used within FixedContainerProvider, falling back to safe defaults @ chrome-extension://fmkadmapgofadopljbjfkapdkoienihi/build/installHook.js:0
[ 1784122ms] [WARNING] useFixedContainerSlot must be used within FixedContainerProvider, falling back to safe defaults @ chrome-extension://fmkadmapgofadopljbjfkapdkoienihi/build/installHook.js:0
[ 1784123ms] [WARNING] useFixedContainerSlot must be used within FixedContainerProvider, falling back to safe defaults @ chrome-extension://fmkadmapgofadopljbjfkapdkoienihi/build/installHook.js:0
[ 1784138ms] [LOG] [INFO] [Zhida: Talk] zhida:stream:Answer {message: Object, currentTime: 2026-07-20 21:48:22.852} @ https://unpkg.zhimg.com/@cfe/sentry-script@1.3.1/dist/init.js:0
[ 1784197ms] [WARNING] useFixedContainerSlot must be used within FixedContainerProvider, falling back to safe defaults @ chrome-extension://fmkadmapgofadopljbjfkapdkoienihi/build/installHook.js:0
[ 1784198ms] [WARNING] useFixedContainerSlot must be used within FixedContainerProvider, falling back to safe defaults @ chrome-extension://fmkadmapgofadopljbjfkapdkoienihi/build/installHook.js:0
[ 1784199ms] [WARNING] useFixedContainerSlot must be used within FixedContainerProvider, falling back to safe defaults @ chrome-extension://fmkadmapgofadopljbjfkapdkoienihi/build/installHook.js:0
[ 1784221ms] [LOG] [INFO] [Zhida: Talk] zhida:stream:Answer {message: Object, currentTime: 2026-07-20 21:48:22.935} @ https://unpkg.zhimg.com/@cfe/sentry-script@1.3.1/dist/init.js:0
[ 1784319ms] [LOG] [INFO] [Zhida: Talk] zhida:stream:Answer {message: Object, currentTime: 2026-07-20 21:48:23.033} @ https://unpkg.zhimg.com/@cfe/sentry-script@1.3.1/dist/init.js:0
[ 1784320ms] [WARNING] useFixedContainerSlot must be used within FixedContainerProvider, falling back to safe defaults @ chrome-extension://fmkadmapgofadopljbjfkapdkoienihi/build/installHook.js:0
[ 1784324ms] [WARNING] useFixedContainerSlot must be used within FixedContainerProvider, falling back to safe defaults @ chrome-extension://fmkadmapgofadopljbjfkapdkoienihi/build/installHook.js:0
[ 1784328ms] [WARNING] useFixedContainerSlot must be used within FixedContainerProvider, falling back to safe defaults @ chrome-extension://fmkadmapgofadopljbjfkapdkoienihi/build/installHook.js:0
[ 1784333ms] [WARNING] useFixedContainerSlot must be used within FixedContainerProvider, falling back to safe defaults @ chrome-extension://fmkadmapgofadopljbjfkapdkoienihi/build/installHook.js:0
[ 1784334ms] [WARNING] useFixedContainerSlot must be used within FixedContainerProvider, falling back to safe defaults @ chrome-extension://fmkadmapgofadopljbjfkapdkoienihi/build/installHook.js:0
[ 1784336ms] [WARNING] useFixedContainerSlot must be used within FixedContainerProvider, falling back to safe defaults @ chrome-extension://fmkadmapgofadopljbjfkapdkoienihi/build/installHook.js:0
[ 1784337ms] [LOG] [INFO] [Zhida: Talk] zhida:stream:Answer {message: Object, currentTime: 2026-07-20 21:48:23.051} @ https://unpkg.zhimg.com/@cfe/sentry-script@1.3.1/dist/init.js:0
[ 1784338ms] [WARNING] useFixedContainerSlot must be used within FixedContainerProvider, falling back to safe defaults @ chrome-extension://fmkadmapgofadopljbjfkapdkoienihi/build/installHook.js:0
[ 1784341ms] [WARNING] useFixedContainerSlot must be used within FixedContainerProvider, falling back to safe defaults @ chrome-extension://fmkadmapgofadopljbjfkapdkoienihi/build/installHook.js:0
[ 1784345ms] [WARNING] useFixedContainerSlot must be used within FixedContainerProvider, falling back to safe defaults @ chrome-extension://fmkadmapgofadopljbjfkapdkoienihi/build/installHook.js:0
[ 1784349ms] [WARNING] useFixedContainerSlot must be used within FixedContainerProvider, falling back to safe defaults @ chrome-extension://fmkadmapgofadopljbjfkapdkoienihi/build/installHook.js:0
[ 1784351ms] [WARNING] useFixedContainerSlot must be used within FixedContainerProvider, falling back to safe defaults @ chrome-extension://fmkadmapgofadopljbjfkapdkoienihi/build/installHook.js:0
[ 1784352ms] [WARNING] useFixedContainerSlot must be used within FixedContainerProvider, falling back to safe defaults @ chrome-extension://fmkadmapgofadopljbjfkapdkoienihi/build/installHook.js:0
[ 1784356ms] [LOG] [INFO] [Zhida: Talk] zhida:stream:Answer {message: Object, currentTime: 2026-07-20 21:48:23.071} @ https://unpkg.zhimg.com/@cfe/sentry-script@1.3.1/dist/init.js:0
[ 1784372ms] [LOG] [INFO] [Zhida: Talk] zhida:stream:Answer {message: Object, currentTime: 2026-07-20 21:48:23.086} @ https://unpkg.zhimg.com/@cfe/sentry-script@1.3.1/dist/init.js:0
[ 1784373ms] [WARNING] useFixedContainerSlot must be used within FixedContainerProvider, falling back to safe defaults @ chrome-extension://fmkadmapgofadopljbjfkapdkoienihi/build/installHook.js:0
[ 1784377ms] [WARNING] useFixedContainerSlot must be used within FixedContainerProvider, falling back to safe defaults @ chrome-extension://fmkadmapgofadopljbjfkapdkoienihi/build/installHook.js:0
[ 1784381ms] [WARNING] useFixedContainerSlot must be used within FixedContainerProvider, falling back to safe defaults @ chrome-extension://fmkadmapgofadopljbjfkapdkoienihi/build/installHook.js:0
[ 1784385ms] [WARNING] useFixedContainerSlot must be used within FixedContainerProvider, falling back to safe defaults @ chrome-extension://fmkadmapgofadopljbjfkapdkoienihi/build/installHook.js:0
[ 1784387ms] [WARNING] useFixedContainerSlot must be used within FixedContainerProvider, falling back to safe defaults @ chrome-extension://fmkadmapgofadopljbjfkapdkoienihi/build/installHook.js:0
[ 1784388ms] [WARNING] useFixedContainerSlot must be used within FixedContainerProvider, falling back to safe defaults @ chrome-extension://fmkadmapgofadopljbjfkapdkoienihi/build/installHook.js:0
[ 1784393ms] [LOG] [INFO] [Zhida: Talk] zhida:stream:Answer {message: Object, currentTime: 2026-07-20 21:48:23.107} @ https://unpkg.zhimg.com/@cfe/sentry-script@1.3.1/dist/init.js:0
[ 1784433ms] [LOG] [INFO] [Zhida: Talk] zhida:stream:Answer {message: Object, currentTime: 2026-07-20 21:48:23.147} @ https://unpkg.zhimg.com/@cfe/sentry-script@1.3.1/dist/init.js:0
[ 1784448ms] [WARNING] useFixedContainerSlot must be used within FixedContainerProvider, falling back to safe defaults @ chrome-extension://fmkadmapgofadopljbjfkapdkoienihi/build/installHook.js:0
[ 1784477ms] [LOG] [INFO] [Zhida: Talk] zhida:stream:Answer {message: Object, currentTime: 2026-07-20 21:48:23.192} @ https://unpkg.zhimg.com/@cfe/sentry-script@1.3.1/dist/init.js:0
[ 1784478ms] [WARNING] useFixedContainerSlot must be used within FixedContainerProvider, falling back to safe defaults @ chrome-extension://fmkadmapgofadopljbjfkapdkoienihi/build/installHook.js:0
[ 1784482ms] [WARNING] useFixedContainerSlot must be used within FixedContainerProvider, falling back to safe defaults @ chrome-extension://fmkadmapgofadopljbjfkapdkoienihi/build/installHook.js:0
[ 1784486ms] [WARNING] useFixedContainerSlot must be used within FixedContainerProvider, falling back to safe defaults @ chrome-extension://fmkadmapgofadopljbjfkapdkoienihi/build/installHook.js:0
[ 1784491ms] [WARNING] useFixedContainerSlot must be used within FixedContainerProvider, falling back to safe defaults @ chrome-extension://fmkadmapgofadopljbjfkapdkoienihi/build/installHook.js:0
[ 1784493ms] [WARNING] useFixedContainerSlot must be used within FixedContainerProvider, falling back to safe defaults @ chrome-extension://fmkadmapgofadopljbjfkapdkoienihi/build/installHook.js:0
[ 1784494ms] [WARNING] useFixedContainerSlot must be used within FixedContainerProvider, falling back to safe defaults @ chrome-extension://fmkadmapgofadopljbjfkapdkoienihi/build/installHook.js:0
[ 1784495ms] [LOG] [INFO] [Zhida: Talk] zhida:stream:Answer {message: Object, currentTime: 2026-07-20 21:48:23.210} @ https://unpkg.zhimg.com/@cfe/sentry-script@1.3.1/dist/init.js:0
[ 1784509ms] [WARNING] useFixedContainerSlot must be used within FixedContainerProvider, falling back to safe defaults @ chrome-extension://fmkadmapgofadopljbjfkapdkoienihi/build/installHook.js:0
[ 1784510ms] [WARNING] useFixedContainerSlot must be used within FixedContainerProvider, falling back to safe defaults @ chrome-extension://fmkadmapgofadopljbjfkapdkoienihi/build/installHook.js:0
[ 1784511ms] [WARNING] useFixedContainerSlot must be used within FixedContainerProvider, falling back to safe defaults @ chrome-extension://fmkadmapgofadopljbjfkapdkoienihi/build/installHook.js:0
[ 1784531ms] [LOG] [INFO] [Zhida: Talk] zhida:stream:Answer {message: Object, currentTime: 2026-07-20 21:48:23.245} @ https://unpkg.zhimg.com/@cfe/sentry-script@1.3.1/dist/init.js:0
[ 1784532ms] [WARNING] useFixedContainerSlot must be used within FixedContainerProvider, falling back to safe defaults @ chrome-extension://fmkadmapgofadopljbjfkapdkoienihi/build/installHook.js:0
[ 1784537ms] [WARNING] useFixedContainerSlot must be used within FixedContainerProvider, falling back to safe defaults @ chrome-extension://fmkadmapgofadopljbjfkapdkoienihi/build/installHook.js:0
[ 1784541ms] [WARNING] useFixedContainerSlot must be used within FixedContainerProvider, falling back to safe defaults @ chrome-extension://fmkadmapgofadopljbjfkapdkoienihi/build/installHook.js:0
[ 1784546ms] [WARNING] useFixedContainerSlot must be used within FixedContainerProvider, falling back to safe defaults @ chrome-extension://fmkadmapgofadopljbjfkapdkoienihi/build/installHook.js:0
[ 1784548ms] [WARNING] useFixedContainerSlot must be used within FixedContainerProvider, falling back to safe defaults @ chrome-extension://fmkadmapgofadopljbjfkapdkoienihi/build/installHook.js:0
[ 1784549ms] [WARNING] useFixedContainerSlot must be used within FixedContainerProvider, falling back to safe defaults @ chrome-extension://fmkadmapgofadopljbjfkapdkoienihi/build/installHook.js:0
[ 1784554ms] [LOG] [INFO] [Zhida: Talk] zhida:stream:Answer {message: Object, currentTime: 2026-07-20 21:48:23.268} @ https://unpkg.zhimg.com/@cfe/sentry-script@1.3.1/dist/init.js:0
[ 1784568ms] [WARNING] useFixedContainerSlot must be used within FixedContainerProvider, falling back to safe defaults @ chrome-extension://fmkadmapgofadopljbjfkapdkoienihi/build/installHook.js:0
[ 1784569ms] [WARNING] useFixedContainerSlot must be used within FixedContainerProvider, falling back to safe defaults @ chrome-extension://fmkadmapgofadopljbjfkapdkoienihi/build/installHook.js:0
[ 1784570ms] [WARNING] useFixedContainerSlot must be used within FixedContainerProvider, falling back to safe defaults @ chrome-extension://fmkadmapgofadopljbjfkapdkoienihi/build/installHook.js:0
[ 1784593ms] [LOG] [INFO] [Zhida: Talk] zhida:stream:Answer {message: Object, currentTime: 2026-07-20 21:48:23.308} @ https://unpkg.zhimg.com/@cfe/sentry-script@1.3.1/dist/init.js:0
[ 1784594ms] [WARNING] useFixedContainerSlot must be used within FixedContainerProvider, falling back to safe defaults @ chrome-extension://fmkadmapgofadopljbjfkapdkoienihi/build/installHook.js:0
[ 1784599ms] [WARNING] useFixedContainerSlot must be used within FixedContainerProvider, falling back to safe defaults @ chrome-extension://fmkadmapgofadopljbjfkapdkoienihi/build/installHook.js:0
[ 1784602ms] [WARNING] useFixedContainerSlot must be used within FixedContainerProvider, falling back to safe defaults @ chrome-extension://fmkadmapgofadopljbjfkapdkoienihi/build/installHook.js:0
[ 1784607ms] [WARNING] useFixedContainerSlot must be used within FixedContainerProvider, falling back to safe defaults @ chrome-extension://fmkadmapgofadopljbjfkapdkoienihi/build/installHook.js:0
[ 1784609ms] [WARNING] useFixedContainerSlot must be used within FixedContainerProvider, falling back to safe defaults @ chrome-extension://fmkadmapgofadopljbjfkapdkoienihi/build/installHook.js:0
[ 1784610ms] [WARNING] useFixedContainerSlot must be used within FixedContainerProvider, falling back to safe defaults @ chrome-extension://fmkadmapgofadopljbjfkapdkoienihi/build/installHook.js:0
[ 1784612ms] [LOG] [INFO] [Zhida: Talk] zhida:stream:Answer {message: Object, currentTime: 2026-07-20 21:48:23.326} @ https://unpkg.zhimg.com/@cfe/sentry-script@1.3.1/dist/init.js:0
[ 1784618ms] [WARNING] useFixedContainerSlot must be used within FixedContainerProvider, falling back to safe defaults @ chrome-extension://fmkadmapgofadopljbjfkapdkoienihi/build/installHook.js:0
[ 1784619ms] [WARNING] useFixedContainerSlot must be used within FixedContainerProvider, falling back to safe defaults @ chrome-extension://fmkadmapgofadopljbjfkapdkoienihi/build/installHook.js:0
[ 1784620ms] [WARNING] useFixedContainerSlot must be used within FixedContainerProvider, falling back to safe defaults @ chrome-extension://fmkadmapgofadopljbjfkapdkoienihi/build/installHook.js:0
[ 1784636ms] [LOG] [INFO] [Zhida: Talk] zhida:stream:Answer {message: Object, currentTime: 2026-07-20 21:48:23.351} @ https://unpkg.zhimg.com/@cfe/sentry-script@1.3.1/dist/init.js:0
[ 1784637ms] [WARNING] useFixedContainerSlot must be used within FixedContainerProvider, falling back to safe defaults @ chrome-extension://fmkadmapgofadopljbjfkapdkoienihi/build/installHook.js:0
[ 1784641ms] [WARNING] useFixedContainerSlot must be used within FixedContainerProvider, falling back to safe defaults @ chrome-extension://fmkadmapgofadopljbjfkapdkoienihi/build/installHook.js:0
[ 1784645ms] [WARNING] useFixedContainerSlot must be used within FixedContainerProvider, falling back to safe defaults @ chrome-extension://fmkadmapgofadopljbjfkapdkoienihi/build/installHook.js:0
[ 1784650ms] [WARNING] useFixedContainerSlot must be used within FixedContainerProvider, falling back to safe defaults @ chrome-extension://fmkadmapgofadopljbjfkapdkoienihi/build/installHook.js:0
[ 1784651ms] [WARNING] useFixedContainerSlot must be used within FixedContainerProvider, falling back to safe defaults @ chrome-extension://fmkadmapgofadopljbjfkapdkoienihi/build/installHook.js:0
[ 1784653ms] [WARNING] useFixedContainerSlot must be used within FixedContainerProvider, falling back to safe defaults @ chrome-extension://fmkadmapgofadopljbjfkapdkoienihi/build/installHook.js:0
[ 1784654ms] [LOG] [INFO] [Zhida: Talk] zhida:stream:Answer {message: Object, currentTime: 2026-07-20 21:48:23.369} @ https://unpkg.zhimg.com/@cfe/sentry-script@1.3.1/dist/init.js:0
[ 1784742ms] [LOG] [INFO] [Zhida: Talk] zhida:stream:Answer {message: Object, currentTime: 2026-07-20 21:48:23.456} @ https://unpkg.zhimg.com/@cfe/sentry-script@1.3.1/dist/init.js:0
[ 1784743ms] [WARNING] useFixedContainerSlot must be used within FixedContainerProvider, falling back to safe defaults @ chrome-extension://fmkadmapgofadopljbjfkapdkoienihi/build/installHook.js:0
[ 1784748ms] [WARNING] useFixedContainerSlot must be used within FixedContainerProvider, falling back to safe defaults @ chrome-extension://fmkadmapgofadopljbjfkapdkoienihi/build/installHook.js:0
[ 1784751ms] [WARNING] useFixedContainerSlot must be used within FixedContainerProvider, falling back to safe defaults @ chrome-extension://fmkadmapgofadopljbjfkapdkoienihi/build/installHook.js:0
[ 1784756ms] [WARNING] useFixedContainerSlot must be used within FixedContainerProvider, falling back to safe defaults @ chrome-extension://fmkadmapgofadopljbjfkapdkoienihi/build/installHook.js:0
[ 1784758ms] [WARNING] useFixedContainerSlot must be used within FixedContainerProvider, falling back to safe defaults @ chrome-extension://fmkadmapgofadopljbjfkapdkoienihi/build/installHook.js:0
[ 1784759ms] [WARNING] useFixedContainerSlot must be used within FixedContainerProvider, falling back to safe defaults @ chrome-extension://fmkadmapgofadopljbjfkapdkoienihi/build/installHook.js:0
[ 1784763ms] [LOG] [INFO] [Zhida: Talk] zhida:stream:Answer {message: Object, currentTime: 2026-07-20 21:48:23.478} @ https://unpkg.zhimg.com/@cfe/sentry-script@1.3.1/dist/init.js:0
[ 1784772ms] [WARNING] useFixedContainerSlot must be used within FixedContainerProvider, falling back to safe defaults @ chrome-extension://fmkadmapgofadopljbjfkapdkoienihi/build/installHook.js:0
[ 1784773ms] [WARNING] useFixedContainerSlot must be used within FixedContainerProvider, falling back to safe defaults @ chrome-extension://fmkadmapgofadopljbjfkapdkoienihi/build/installHook.js:0
[ 1784775ms] [WARNING] useFixedContainerSlot must be used within FixedContainerProvider, falling back to safe defaults @ chrome-extension://fmkadmapgofadopljbjfkapdkoienihi/build/installHook.js:0
[ 1784795ms] [LOG] [INFO] [Zhida: Talk] zhida:stream:Answer {message: Object, currentTime: 2026-07-20 21:48:23.510} @ https://unpkg.zhimg.com/@cfe/sentry-script@1.3.1/dist/init.js:0
[ 1784796ms] [WARNING] useFixedContainerSlot must be used within FixedContainerProvider, falling back to safe defaults @ chrome-extension://fmkadmapgofadopljbjfkapdkoienihi/build/installHook.js:0
[ 1784800ms] [WARNING] useFixedContainerSlot must be used within FixedContainerProvider, falling back to safe defaults @ chrome-extension://fmkadmapgofadopljbjfkapdkoienihi/build/installHook.js:0
[ 1784804ms] [WARNING] useFixedContainerSlot must be used within FixedContainerProvider, falling back to safe defaults @ chrome-extension://fmkadmapgofadopljbjfkapdkoienihi/build/installHook.js:0
[ 1784809ms] [WARNING] useFixedContainerSlot must be used within FixedContainerProvider, falling back to safe defaults @ chrome-extension://fmkadmapgofadopljbjfkapdkoienihi/build/installHook.js:0
[ 1784811ms] [WARNING] useFixedContainerSlot must be used within FixedContainerProvider, falling back to safe defaults @ chrome-extension://fmkadmapgofadopljbjfkapdkoienihi/build/installHook.js:0
[ 1784812ms] [WARNING] useFixedContainerSlot must be used within FixedContainerProvider, falling back to safe defaults @ chrome-extension://fmkadmapgofadopljbjfkapdkoienihi/build/installHook.js:0
[ 1784956ms] [LOG] [INFO] [Zhida: Talk] zhida:stream:Answer {message: Object, currentTime: 2026-07-20 21:48:23.670} @ https://unpkg.zhimg.com/@cfe/sentry-script@1.3.1/dist/init.js:0
[ 1784957ms] [WARNING] useFixedContainerSlot must be used within FixedContainerProvider, falling back to safe defaults @ chrome-extension://fmkadmapgofadopljbjfkapdkoienihi/build/installHook.js:0
[ 1784961ms] [WARNING] useFixedContainerSlot must be used within FixedContainerProvider, falling back to safe defaults @ chrome-extension://fmkadmapgofadopljbjfkapdkoienihi/build/installHook.js:0
[ 1784965ms] [WARNING] useFixedContainerSlot must be used within FixedContainerProvider, falling back to safe defaults @ chrome-extension://fmkadmapgofadopljbjfkapdkoienihi/build/installHook.js:0
[ 1784970ms] [WARNING] useFixedContainerSlot must be used within FixedContainerProvider, falling back to safe defaults @ chrome-extension://fmkadmapgofadopljbjfkapdkoienihi/build/installHook.js:0
[ 1784971ms] [WARNING] useFixedContainerSlot must be used within FixedContainerProvider, falling back to safe defaults @ chrome-extension://fmkadmapgofadopljbjfkapdkoienihi/build/installHook.js:0
[ 1784973ms] [WARNING] useFixedContainerSlot must be used within FixedContainerProvider, falling back to safe defaults @ chrome-extension://fmkadmapgofadopljbjfkapdkoienihi/build/installHook.js:0
[ 1784974ms] [LOG] [INFO] [Zhida: Talk] zhida:stream:Answer {message: Object, currentTime: 2026-07-20 21:48:23.688} @ https://unpkg.zhimg.com/@cfe/sentry-script@1.3.1/dist/init.js:0
[ 1784979ms] [LOG] [INFO] [Zhida: Talk] zhida:stream:Answer {message: Object, currentTime: 2026-07-20 21:48:23.694} @ https://unpkg.zhimg.com/@cfe/sentry-script@1.3.1/dist/init.js:0
[ 1785006ms] [LOG] [INFO] [Zhida: Talk] zhida:stream:Answer {message: Object, currentTime: 2026-07-20 21:48:23.720} @ https://unpkg.zhimg.com/@cfe/sentry-script@1.3.1/dist/init.js:0
[ 1785007ms] [WARNING] useFixedContainerSlot must be used within FixedContainerProvider, falling back to safe defaults @ chrome-extension://fmkadmapgofadopljbjfkapdkoienihi/build/installHook.js:0
[ 1785011ms] [WARNING] useFixedContainerSlot must be used within FixedContainerProvider, falling back to safe defaults @ chrome-extension://fmkadmapgofadopljbjfkapdkoienihi/build/installHook.js:0
[ 1785014ms] [WARNING] useFixedContainerSlot must be used within FixedContainerProvider, falling back to safe defaults @ chrome-extension://fmkadmapgofadopljbjfkapdkoienihi/build/installHook.js:0
[ 1785019ms] [WARNING] useFixedContainerSlot must be used within FixedContainerProvider, falling back to safe defaults @ chrome-extension://fmkadmapgofadopljbjfkapdkoienihi/build/installHook.js:0
[ 1785021ms] [WARNING] useFixedContainerSlot must be used within FixedContainerProvider, falling back to safe defaults @ chrome-extension://fmkadmapgofadopljbjfkapdkoienihi/build/installHook.js:0
[ 1785022ms] [WARNING] useFixedContainerSlot must be used within FixedContainerProvider, falling back to safe defaults @ chrome-extension://fmkadmapgofadopljbjfkapdkoienihi/build/installHook.js:0
[ 1785023ms] [LOG] [INFO] [Zhida: Talk] zhida:stream:Answer {message: Object, currentTime: 2026-07-20 21:48:23.738} @ https://unpkg.zhimg.com/@cfe/sentry-script@1.3.1/dist/init.js:0
[ 1785032ms] [WARNING] useFixedContainerSlot must be used within FixedContainerProvider, falling back to safe defaults @ chrome-extension://fmkadmapgofadopljbjfkapdkoienihi/build/installHook.js:0
[ 1785059ms] [LOG] [INFO] [Zhida: Talk] zhida:stream:Answer {message: Object, currentTime: 2026-07-20 21:48:23.774} @ https://unpkg.zhimg.com/@cfe/sentry-script@1.3.1/dist/init.js:0
[ 1785068ms] [WARNING] useFixedContainerSlot must be used within FixedContainerProvider, falling back to safe defaults @ chrome-extension://fmkadmapgofadopljbjfkapdkoienihi/build/installHook.js:0
[ 1785069ms] [WARNING] useFixedContainerSlot must be used within FixedContainerProvider, falling back to safe defaults @ chrome-extension://fmkadmapgofadopljbjfkapdkoienihi/build/installHook.js:0
[ 1785070ms] [WARNING] useFixedContainerSlot must be used within FixedContainerProvider, falling back to safe defaults @ chrome-extension://fmkadmapgofadopljbjfkapdkoienihi/build/installHook.js:0
[ 1785072ms] [LOG] [INFO] [Zhida: Talk] zhida:stream:Answer {message: Object, currentTime: 2026-07-20 21:48:23.786} @ https://unpkg.zhimg.com/@cfe/sentry-script@1.3.1/dist/init.js:0
[ 1785073ms] [WARNING] useFixedContainerSlot must be used within FixedContainerProvider, falling back to safe defaults @ chrome-extension://fmkadmapgofadopljbjfkapdkoienihi/build/installHook.js:0
[ 1785077ms] [WARNING] useFixedContainerSlot must be used within FixedContainerProvider, falling back to safe defaults @ chrome-extension://fmkadmapgofadopljbjfkapdkoienihi/build/installHook.js:0
[ 1785081ms] [WARNING] useFixedContainerSlot must be used within FixedContainerProvider, falling back to safe defaults @ chrome-extension://fmkadmapgofadopljbjfkapdkoienihi/build/installHook.js:0
[ 1785085ms] [WARNING] useFixedContainerSlot must be used within FixedContainerProvider, falling back to safe defaults @ chrome-extension://fmkadmapgofadopljbjfkapdkoienihi/build/installHook.js:0
[ 1785087ms] [WARNING] useFixedContainerSlot must be used within FixedContainerProvider, falling back to safe defaults @ chrome-extension://fmkadmapgofadopljbjfkapdkoienihi/build/installHook.js:0
[ 1785088ms] [WARNING] useFixedContainerSlot must be used within FixedContainerProvider, falling back to safe defaults @ chrome-extension://fmkadmapgofadopljbjfkapdkoienihi/build/installHook.js:0
[ 1785168ms] [LOG] [INFO] [Zhida: Talk] zhida:stream:Answer {message: Object, currentTime: 2026-07-20 21:48:23.882} @ https://unpkg.zhimg.com/@cfe/sentry-script@1.3.1/dist/init.js:0
[ 1785216ms] [LOG] [INFO] [Zhida: Talk] zhida:stream:Answer {message: Object, currentTime: 2026-07-20 21:48:23.930} @ https://unpkg.zhimg.com/@cfe/sentry-script@1.3.1/dist/init.js:0
[ 1785217ms] [WARNING] useFixedContainerSlot must be used within FixedContainerProvider, falling back to safe defaults @ chrome-extension://fmkadmapgofadopljbjfkapdkoienihi/build/installHook.js:0
[ 1785221ms] [WARNING] useFixedContainerSlot must be used within FixedContainerProvider, falling back to safe defaults @ chrome-extension://fmkadmapgofadopljbjfkapdkoienihi/build/installHook.js:0
[ 1785225ms] [WARNING] useFixedContainerSlot must be used within FixedContainerProvider, falling back to safe defaults @ chrome-extension://fmkadmapgofadopljbjfkapdkoienihi/build/installHook.js:0
[ 1785230ms] [WARNING] useFixedContainerSlot must be used within FixedContainerProvider, falling back to safe defaults @ chrome-extension://fmkadmapgofadopljbjfkapdkoienihi/build/installHook.js:0
[ 1785231ms] [WARNING] useFixedContainerSlot must be used within FixedContainerProvider, falling back to safe defaults @ chrome-extension://fmkadmapgofadopljbjfkapdkoienihi/build/installHook.js:0
[ 1785233ms] [WARNING] useFixedContainerSlot must be used within FixedContainerProvider, falling back to safe defaults @ chrome-extension://fmkadmapgofadopljbjfkapdkoienihi/build/installHook.js:0
[ 1785234ms] [LOG] [INFO] [Zhida: Talk] zhida:stream:Answer {message: Object, currentTime: 2026-07-20 21:48:23.949} @ https://unpkg.zhimg.com/@cfe/sentry-script@1.3.1/dist/init.js:0
[ 1785268ms] [LOG] [INFO] [Zhida: Talk] zhida:stream:Answer {message: Object, currentTime: 2026-07-20 21:48:23.983} @ https://unpkg.zhimg.com/@cfe/sentry-script@1.3.1/dist/init.js:0
[ 1785269ms] [WARNING] useFixedContainerSlot must be used within FixedContainerProvider, falling back to safe defaults @ chrome-extension://fmkadmapgofadopljbjfkapdkoienihi/build/installHook.js:0
[ 1785274ms] [WARNING] useFixedContainerSlot must be used within FixedContainerProvider, falling back to safe defaults @ chrome-extension://fmkadmapgofadopljbjfkapdkoienihi/build/installHook.js:0
[ 1785277ms] [WARNING] useFixedContainerSlot must be used within FixedContainerProvider, falling back to safe defaults @ chrome-extension://fmkadmapgofadopljbjfkapdkoienihi/build/installHook.js:0
[ 1785282ms] [WARNING] useFixedContainerSlot must be used within FixedContainerProvider, falling back to safe defaults @ chrome-extension://fmkadmapgofadopljbjfkapdkoienihi/build/installHook.js:0
[ 1785284ms] [WARNING] useFixedContainerSlot must be used within FixedContainerProvider, falling back to safe defaults @ chrome-extension://fmkadmapgofadopljbjfkapdkoienihi/build/installHook.js:0
[ 1785285ms] [WARNING] useFixedContainerSlot must be used within FixedContainerProvider, falling back to safe defaults @ chrome-extension://fmkadmapgofadopljbjfkapdkoienihi/build/installHook.js:0
[ 1785287ms] [LOG] [INFO] [Zhida: Talk] zhida:stream:Answer {message: Object, currentTime: 2026-07-20 21:48:24.001} @ https://unpkg.zhimg.com/@cfe/sentry-script@1.3.1/dist/init.js:0
[ 1785300ms] [WARNING] useFixedContainerSlot must be used within FixedContainerProvider, falling back to safe defaults @ chrome-extension://fmkadmapgofadopljbjfkapdkoienihi/build/installHook.js:0
[ 1785301ms] [WARNING] useFixedContainerSlot must be used within FixedContainerProvider, falling back to safe defaults @ chrome-extension://fmkadmapgofadopljbjfkapdkoienihi/build/installHook.js:0
[ 1785302ms] [WARNING] useFixedContainerSlot must be used within FixedContainerProvider, falling back to safe defaults @ chrome-extension://fmkadmapgofadopljbjfkapdkoienihi/build/installHook.js:0
[ 1785321ms] [LOG] [INFO] [Zhida: Talk] zhida:stream:Answer {message: Object, currentTime: 2026-07-20 21:48:24.035} @ https://unpkg.zhimg.com/@cfe/sentry-script@1.3.1/dist/init.js:0
[ 1785322ms] [WARNING] useFixedContainerSlot must be used within FixedContainerProvider, falling back to safe defaults @ chrome-extension://fmkadmapgofadopljbjfkapdkoienihi/build/installHook.js:0
[ 1785326ms] [WARNING] useFixedContainerSlot must be used within FixedContainerProvider, falling back to safe defaults @ chrome-extension://fmkadmapgofadopljbjfkapdkoienihi/build/installHook.js:0
[ 1785330ms] [WARNING] useFixedContainerSlot must be used within FixedContainerProvider, falling back to safe defaults @ chrome-extension://fmkadmapgofadopljbjfkapdkoienihi/build/installHook.js:0
[ 1785334ms] [WARNING] useFixedContainerSlot must be used within FixedContainerProvider, falling back to safe defaults @ chrome-extension://fmkadmapgofadopljbjfkapdkoienihi/build/installHook.js:0
[ 1785336ms] [WARNING] useFixedContainerSlot must be used within FixedContainerProvider, falling back to safe defaults @ chrome-extension://fmkadmapgofadopljbjfkapdkoienihi/build/installHook.js:0
[ 1785337ms] [WARNING] useFixedContainerSlot must be used within FixedContainerProvider, falling back to safe defaults @ chrome-extension://fmkadmapgofadopljbjfkapdkoienihi/build/installHook.js:0
[ 1785338ms] [LOG] [INFO] [Zhida: Talk] zhida:stream:Answer {message: Object, currentTime: 2026-07-20 21:48:24.053} @ https://unpkg.zhimg.com/@cfe/sentry-script@1.3.1/dist/init.js:0
[ 1785339ms] [WARNING] useFixedContainerSlot must be used within FixedContainerProvider, falling back to safe defaults @ chrome-extension://fmkadmapgofadopljbjfkapdkoienihi/build/installHook.js:0
[ 1785343ms] [WARNING] useFixedContainerSlot must be used within FixedContainerProvider, falling back to safe defaults @ chrome-extension://fmkadmapgofadopljbjfkapdkoienihi/build/installHook.js:0
[ 1785347ms] [WARNING] useFixedContainerSlot must be used within FixedContainerProvider, falling back to safe defaults @ chrome-extension://fmkadmapgofadopljbjfkapdkoienihi/build/installHook.js:0
[ 1785351ms] [WARNING] useFixedContainerSlot must be used within FixedContainerProvider, falling back to safe defaults @ chrome-extension://fmkadmapgofadopljbjfkapdkoienihi/build/installHook.js:0
[ 1785353ms] [WARNING] useFixedContainerSlot must be used within FixedContainerProvider, falling back to safe defaults @ chrome-extension://fmkadmapgofadopljbjfkapdkoienihi/build/installHook.js:0
[ 1785354ms] [WARNING] useFixedContainerSlot must be used within FixedContainerProvider, falling back to safe defaults @ chrome-extension://fmkadmapgofadopljbjfkapdkoienihi/build/installHook.js:0
[ 1785375ms] [LOG] [INFO] [Zhida: Talk] zhida:stream:Answer {message: Object, currentTime: 2026-07-20 21:48:24.090} @ https://unpkg.zhimg.com/@cfe/sentry-script@1.3.1/dist/init.js:0
[ 1785380ms] [LOG] [INFO] [Zhida: Talk] zhida:stream:Answer {message: Object, currentTime: 2026-07-20 21:48:24.095} @ https://unpkg.zhimg.com/@cfe/sentry-script@1.3.1/dist/init.js:0
[ 1785401ms] [LOG] [INFO] [Zhida: Talk] zhida:stream:Answer {message: Object, currentTime: 2026-07-20 21:48:24.115} @ https://unpkg.zhimg.com/@cfe/sentry-script@1.3.1/dist/init.js:0
[ 1785402ms] [WARNING] useFixedContainerSlot must be used within FixedContainerProvider, falling back to safe defaults @ chrome-extension://fmkadmapgofadopljbjfkapdkoienihi/build/installHook.js:0
[ 1785406ms] [WARNING] useFixedContainerSlot must be used within FixedContainerProvider, falling back to safe defaults @ chrome-extension://fmkadmapgofadopljbjfkapdkoienihi/build/installHook.js:0
[ 1785409ms] [WARNING] useFixedContainerSlot must be used within FixedContainerProvider, falling back to safe defaults @ chrome-extension://fmkadmapgofadopljbjfkapdkoienihi/build/installHook.js:0
[ 1785414ms] [WARNING] useFixedContainerSlot must be used within FixedContainerProvider, falling back to safe defaults @ chrome-extension://fmkadmapgofadopljbjfkapdkoienihi/build/installHook.js:0
[ 1785416ms] [WARNING] useFixedContainerSlot must be used within FixedContainerProvider, falling back to safe defaults @ chrome-extension://fmkadmapgofadopljbjfkapdkoienihi/build/installHook.js:0
[ 1785417ms] [WARNING] useFixedContainerSlot must be used within FixedContainerProvider, falling back to safe defaults @ chrome-extension://fmkadmapgofadopljbjfkapdkoienihi/build/installHook.js:0
[ 1785468ms] [LOG] [INFO] [Zhida: Talk] zhida:stream:HeartBeat {message: Object, currentTime: 2026-07-20 21:48:24.183} @ https://unpkg.zhimg.com/@cfe/sentry-script@1.3.1/dist/init.js:0
[ 1785479ms] [LOG] [INFO] [Zhida: Talk] zhida:stream:Answer {message: Object, currentTime: 2026-07-20 21:48:24.194} @ https://unpkg.zhimg.com/@cfe/sentry-script@1.3.1/dist/init.js:0
[ 1785480ms] [WARNING] useFixedContainerSlot must be used within FixedContainerProvider, falling back to safe defaults @ chrome-extension://fmkadmapgofadopljbjfkapdkoienihi/build/installHook.js:0
[ 1785484ms] [WARNING] useFixedContainerSlot must be used within FixedContainerProvider, falling back to safe defaults @ chrome-extension://fmkadmapgofadopljbjfkapdkoienihi/build/installHook.js:0
[ 1785488ms] [WARNING] useFixedContainerSlot must be used within FixedContainerProvider, falling back to safe defaults @ chrome-extension://fmkadmapgofadopljbjfkapdkoienihi/build/installHook.js:0
[ 1785493ms] [WARNING] useFixedContainerSlot must be used within FixedContainerProvider, falling back to safe defaults @ chrome-extension://fmkadmapgofadopljbjfkapdkoienihi/build/installHook.js:0
[ 1785494ms] [WARNING] useFixedContainerSlot must be used within FixedContainerProvider, falling back to safe defaults @ chrome-extension://fmkadmapgofadopljbjfkapdkoienihi/build/installHook.js:0
[ 1785496ms] [WARNING] useFixedContainerSlot must be used within FixedContainerProvider, falling back to safe defaults @ chrome-extension://fmkadmapgofadopljbjfkapdkoienihi/build/installHook.js:0
[ 1785548ms] [WARNING] useFixedContainerSlot must be used within FixedContainerProvider, falling back to safe defaults @ chrome-extension://fmkadmapgofadopljbjfkapdkoienihi/build/installHook.js:0
[ 1785549ms] [WARNING] useFixedContainerSlot must be used within FixedContainerProvider, falling back to safe defaults @ chrome-extension://fmkadmapgofadopljbjfkapdkoienihi/build/installHook.js:0
[ 1785551ms] [WARNING] useFixedContainerSlot must be used within FixedContainerProvider, falling back to safe defaults @ chrome-extension://fmkadmapgofadopljbjfkapdkoienihi/build/installHook.js:0
[ 1785559ms] [WARNING] useFixedContainerSlot must be used within FixedContainerProvider, falling back to safe defaults @ chrome-extension://fmkadmapgofadopljbjfkapdkoienihi/build/installHook.js:0
[ 1785632ms] [WARNING] useFixedContainerSlot must be used within FixedContainerProvider, falling back to safe defaults @ chrome-extension://fmkadmapgofadopljbjfkapdkoienihi/build/installHook.js:0
[ 1785634ms] [WARNING] useFixedContainerSlot must be used within FixedContainerProvider, falling back to safe defaults @ chrome-extension://fmkadmapgofadopljbjfkapdkoienihi/build/installHook.js:0
[ 1785635ms] [WARNING] useFixedContainerSlot must be used within FixedContainerProvider, falling back to safe defaults @ chrome-extension://fmkadmapgofadopljbjfkapdkoienihi/build/installHook.js:0
[ 1785649ms] [LOG] [INFO] [Zhida: Talk] zhida:stream:Answer {message: Object, currentTime: 2026-07-20 21:48:24.364} @ https://unpkg.zhimg.com/@cfe/sentry-script@1.3.1/dist/init.js:0
[ 1785655ms] [LOG] [INFO] [Zhida: Talk] zhida:stream:Answer {message: Object, currentTime: 2026-07-20 21:48:24.369} @ https://unpkg.zhimg.com/@cfe/sentry-script@1.3.1/dist/init.js:0
[ 1785660ms] [LOG] [INFO] [Zhida: Talk] zhida:stream:Answer {message: Object, currentTime: 2026-07-20 21:48:24.374} @ https://unpkg.zhimg.com/@cfe/sentry-script@1.3.1/dist/init.js:0
[ 1785661ms] [WARNING] useFixedContainerSlot must be used within FixedContainerProvider, falling back to safe defaults @ chrome-extension://fmkadmapgofadopljbjfkapdkoienihi/build/installHook.js:0
[ 1785665ms] [WARNING] useFixedContainerSlot must be used within FixedContainerProvider, falling back to safe defaults @ chrome-extension://fmkadmapgofadopljbjfkapdkoienihi/build/installHook.js:0
[ 1785669ms] [WARNING] useFixedContainerSlot must be used within FixedContainerProvider, falling back to safe defaults @ chrome-extension://fmkadmapgofadopljbjfkapdkoienihi/build/installHook.js:0
[ 1785673ms] [WARNING] useFixedContainerSlot must be used within FixedContainerProvider, falling back to safe defaults @ chrome-extension://fmkadmapgofadopljbjfkapdkoienihi/build/installHook.js:0
[ 1785675ms] [WARNING] useFixedContainerSlot must be used within FixedContainerProvider, falling back to safe defaults @ chrome-extension://fmkadmapgofadopljbjfkapdkoienihi/build/installHook.js:0
[ 1785676ms] [WARNING] useFixedContainerSlot must be used within FixedContainerProvider, falling back to safe defaults @ chrome-extension://fmkadmapgofadopljbjfkapdkoienihi/build/installHook.js:0
[ 1785679ms] [WARNING] useFixedContainerSlot must be used within FixedContainerProvider, falling back to safe defaults @ chrome-extension://fmkadmapgofadopljbjfkapdkoienihi/build/installHook.js:0
[ 1785680ms] [WARNING] useFixedContainerSlot must be used within FixedContainerProvider, falling back to safe defaults @ chrome-extension://fmkadmapgofadopljbjfkapdkoienihi/build/installHook.js:0
[ 1785681ms] [WARNING] useFixedContainerSlot must be used within FixedContainerProvider, falling back to safe defaults @ chrome-extension://fmkadmapgofadopljbjfkapdkoienihi/build/installHook.js:0
[ 1785695ms] [LOG] [INFO] [Zhida: Talk] zhida:stream:Answer {message: Object, currentTime: 2026-07-20 21:48:24.410} @ https://unpkg.zhimg.com/@cfe/sentry-script@1.3.1/dist/init.js:0
[ 1785700ms] [LOG] [INFO] [Zhida: Talk] zhida:stream:Answer {message: Object, currentTime: 2026-07-20 21:48:24.415} @ https://unpkg.zhimg.com/@cfe/sentry-script@1.3.1/dist/init.js:0
[ 1785701ms] [WARNING] useFixedContainerSlot must be used within FixedContainerProvider, falling back to safe defaults @ chrome-extension://fmkadmapgofadopljbjfkapdkoienihi/build/installHook.js:0
[ 1785708ms] [WARNING] useFixedContainerSlot must be used within FixedContainerProvider, falling back to safe defaults @ chrome-extension://fmkadmapgofadopljbjfkapdkoienihi/build/installHook.js:0
[ 1785712ms] [WARNING] useFixedContainerSlot must be used within FixedContainerProvider, falling back to safe defaults @ chrome-extension://fmkadmapgofadopljbjfkapdkoienihi/build/installHook.js:0
[ 1785716ms] [WARNING] useFixedContainerSlot must be used within FixedContainerProvider, falling back to safe defaults @ chrome-extension://fmkadmapgofadopljbjfkapdkoienihi/build/installHook.js:0
[ 1785718ms] [WARNING] useFixedContainerSlot must be used within FixedContainerProvider, falling back to safe defaults @ chrome-extension://fmkadmapgofadopljbjfkapdkoienihi/build/installHook.js:0
[ 1785720ms] [WARNING] useFixedContainerSlot must be used within FixedContainerProvider, falling back to safe defaults @ chrome-extension://fmkadmapgofadopljbjfkapdkoienihi/build/installHook.js:0
[ 1785747ms] [LOG] [INFO] [Zhida: Talk] zhida:stream:Answer {message: Object, currentTime: 2026-07-20 21:48:24.461} @ https://unpkg.zhimg.com/@cfe/sentry-script@1.3.1/dist/init.js:0
[ 1785748ms] [WARNING] useFixedContainerSlot must be used within FixedContainerProvider, falling back to safe defaults @ chrome-extension://fmkadmapgofadopljbjfkapdkoienihi/build/installHook.js:0
[ 1785752ms] [WARNING] useFixedContainerSlot must be used within FixedContainerProvider, falling back to safe defaults @ chrome-extension://fmkadmapgofadopljbjfkapdkoienihi/build/installHook.js:0
[ 1785755ms] [WARNING] useFixedContainerSlot must be used within FixedContainerProvider, falling back to safe defaults @ chrome-extension://fmkadmapgofadopljbjfkapdkoienihi/build/installHook.js:0
[ 1785760ms] [WARNING] useFixedContainerSlot must be used within FixedContainerProvider, falling back to safe defaults @ chrome-extension://fmkadmapgofadopljbjfkapdkoienihi/build/installHook.js:0
[ 1785762ms] [WARNING] useFixedContainerSlot must be used within FixedContainerProvider, falling back to safe defaults @ chrome-extension://fmkadmapgofadopljbjfkapdkoienihi/build/installHook.js:0
[ 1785763ms] [WARNING] useFixedContainerSlot must be used within FixedContainerProvider, falling back to safe defaults @ chrome-extension://fmkadmapgofadopljbjfkapdkoienihi/build/installHook.js:0
[ 1785765ms] [WARNING] useFixedContainerSlot must be used within FixedContainerProvider, falling back to safe defaults @ chrome-extension://fmkadmapgofadopljbjfkapdkoienihi/build/installHook.js:0
[ 1785766ms] [WARNING] useFixedContainerSlot must be used within FixedContainerProvider, falling back to safe defaults @ chrome-extension://fmkadmapgofadopljbjfkapdkoienihi/build/installHook.js:0
[ 1785767ms] [WARNING] useFixedContainerSlot must be used within FixedContainerProvider, falling back to safe defaults @ chrome-extension://fmkadmapgofadopljbjfkapdkoienihi/build/installHook.js:0
[ 1785778ms] [LOG] [INFO] [Zhida: Talk] zhida:stream:Answer {message: Object, currentTime: 2026-07-20 21:48:24.492} @ https://unpkg.zhimg.com/@cfe/sentry-script@1.3.1/dist/init.js:0
[ 1785856ms] [LOG] [INFO] [Zhida: Talk] zhida:stream:Answer {message: Object, currentTime: 2026-07-20 21:48:24.571} @ https://unpkg.zhimg.com/@cfe/sentry-script@1.3.1/dist/init.js:0
[ 1785861ms] [LOG] [INFO] [Zhida: Talk] zhida:stream:Answer {message: Object, currentTime: 2026-07-20 21:48:24.576} @ https://unpkg.zhimg.com/@cfe/sentry-script@1.3.1/dist/init.js:0
[ 1785862ms] [WARNING] useFixedContainerSlot must be used within FixedContainerProvider, falling back to safe defaults @ chrome-extension://fmkadmapgofadopljbjfkapdkoienihi/build/installHook.js:0
[ 1785866ms] [WARNING] useFixedContainerSlot must be used within FixedContainerProvider, falling back to safe defaults @ chrome-extension://fmkadmapgofadopljbjfkapdkoienihi/build/installHook.js:0
[ 1785870ms] [WARNING] useFixedContainerSlot must be used within FixedContainerProvider, falling back to safe defaults @ chrome-extension://fmkadmapgofadopljbjfkapdkoienihi/build/installHook.js:0
[ 1785875ms] [WARNING] useFixedContainerSlot must be used within FixedContainerProvider, falling back to safe defaults @ chrome-extension://fmkadmapgofadopljbjfkapdkoienihi/build/installHook.js:0
[ 1785877ms] [WARNING] useFixedContainerSlot must be used within FixedContainerProvider, falling back to safe defaults @ chrome-extension://fmkadmapgofadopljbjfkapdkoienihi/build/installHook.js:0
[ 1785878ms] [WARNING] useFixedContainerSlot must be used within FixedContainerProvider, falling back to safe defaults @ chrome-extension://fmkadmapgofadopljbjfkapdkoienihi/build/installHook.js:0
[ 1785901ms] [LOG] [INFO] [Zhida: Talk] zhida:stream:Answer {message: Object, currentTime: 2026-07-20 21:48:24.616} @ https://unpkg.zhimg.com/@cfe/sentry-script@1.3.1/dist/init.js:0
[ 1785958ms] [LOG] [INFO] [Zhida: Talk] zhida:stream:Answer {message: Object, currentTime: 2026-07-20 21:48:24.673} @ https://unpkg.zhimg.com/@cfe/sentry-script@1.3.1/dist/init.js:0
[ 1785964ms] [WARNING] useFixedContainerSlot must be used within FixedContainerProvider, falling back to safe defaults @ chrome-extension://fmkadmapgofadopljbjfkapdkoienihi/build/installHook.js:0
[ 1785965ms] [WARNING] useFixedContainerSlot must be used within FixedContainerProvider, falling back to safe defaults @ chrome-extension://fmkadmapgofadopljbjfkapdkoienihi/build/installHook.js:0
[ 1785967ms] [WARNING] useFixedContainerSlot must be used within FixedContainerProvider, falling back to safe defaults @ chrome-extension://fmkadmapgofadopljbjfkapdkoienihi/build/installHook.js:0
[ 1786008ms] [LOG] [INFO] [Zhida: Talk] zhida:stream:Answer {message: Object, currentTime: 2026-07-20 21:48:24.722} @ https://unpkg.zhimg.com/@cfe/sentry-script@1.3.1/dist/init.js:0
[ 1786009ms] [WARNING] useFixedContainerSlot must be used within FixedContainerProvider, falling back to safe defaults @ chrome-extension://fmkadmapgofadopljbjfkapdkoienihi/build/installHook.js:0
[ 1786013ms] [WARNING] useFixedContainerSlot must be used within FixedContainerProvider, falling back to safe defaults @ chrome-extension://fmkadmapgofadopljbjfkapdkoienihi/build/installHook.js:0
[ 1786017ms] [WARNING] useFixedContainerSlot must be used within FixedContainerProvider, falling back to safe defaults @ chrome-extension://fmkadmapgofadopljbjfkapdkoienihi/build/installHook.js:0
[ 1786022ms] [WARNING] useFixedContainerSlot must be used within FixedContainerProvider, falling back to safe defaults @ chrome-extension://fmkadmapgofadopljbjfkapdkoienihi/build/installHook.js:0
[ 1786023ms] [WARNING] useFixedContainerSlot must be used within FixedContainerProvider, falling back to safe defaults @ chrome-extension://fmkadmapgofadopljbjfkapdkoienihi/build/installHook.js:0
[ 1786025ms] [WARNING] useFixedContainerSlot must be used within FixedContainerProvider, falling back to safe defaults @ chrome-extension://fmkadmapgofadopljbjfkapdkoienihi/build/installHook.js:0
[ 1786026ms] [LOG] [INFO] [Zhida: Talk] zhida:stream:Answer {message: Object, currentTime: 2026-07-20 21:48:24.740} @ https://unpkg.zhimg.com/@cfe/sentry-script@1.3.1/dist/init.js:0
[ 1786027ms] [WARNING] useFixedContainerSlot must be used within FixedContainerProvider, falling back to safe defaults @ chrome-extension://fmkadmapgofadopljbjfkapdkoienihi/build/installHook.js:0
[ 1786030ms] [WARNING] useFixedContainerSlot must be used within FixedContainerProvider, falling back to safe defaults @ chrome-extension://fmkadmapgofadopljbjfkapdkoienihi/build/installHook.js:0
[ 1786034ms] [WARNING] useFixedContainerSlot must be used within FixedContainerProvider, falling back to safe defaults @ chrome-extension://fmkadmapgofadopljbjfkapdkoienihi/build/installHook.js:0
[ 1786039ms] [WARNING] useFixedContainerSlot must be used within FixedContainerProvider, falling back to safe defaults @ chrome-extension://fmkadmapgofadopljbjfkapdkoienihi/build/installHook.js:0
[ 1786040ms] [WARNING] useFixedContainerSlot must be used within FixedContainerProvider, falling back to safe defaults @ chrome-extension://fmkadmapgofadopljbjfkapdkoienihi/build/installHook.js:0
[ 1786042ms] [WARNING] useFixedContainerSlot must be used within FixedContainerProvider, falling back to safe defaults @ chrome-extension://fmkadmapgofadopljbjfkapdkoienihi/build/installHook.js:0
[ 1786043ms] [LOG] [INFO] [Zhida: Talk] zhida:stream:Answer {message: Object, currentTime: 2026-07-20 21:48:24.757} @ https://unpkg.zhimg.com/@cfe/sentry-script@1.3.1/dist/init.js:0
[ 1786060ms] [LOG] [INFO] [Zhida: Talk] zhida:stream:Answer {message: Object, currentTime: 2026-07-20 21:48:24.775} @ https://unpkg.zhimg.com/@cfe/sentry-script@1.3.1/dist/init.js:0
[ 1786061ms] [WARNING] useFixedContainerSlot must be used within FixedContainerProvider, falling back to safe defaults @ chrome-extension://fmkadmapgofadopljbjfkapdkoienihi/build/installHook.js:0
[ 1786065ms] [WARNING] useFixedContainerSlot must be used within FixedContainerProvider, falling back to safe defaults @ chrome-extension://fmkadmapgofadopljbjfkapdkoienihi/build/installHook.js:0
[ 1786069ms] [WARNING] useFixedContainerSlot must be used within FixedContainerProvider, falling back to safe defaults @ chrome-extension://fmkadmapgofadopljbjfkapdkoienihi/build/installHook.js:0
[ 1786073ms] [WARNING] useFixedContainerSlot must be used within FixedContainerProvider, falling back to safe defaults @ chrome-extension://fmkadmapgofadopljbjfkapdkoienihi/build/installHook.js:0
[ 1786075ms] [WARNING] useFixedContainerSlot must be used within FixedContainerProvider, falling back to safe defaults @ chrome-extension://fmkadmapgofadopljbjfkapdkoienihi/build/installHook.js:0
[ 1786076ms] [WARNING] useFixedContainerSlot must be used within FixedContainerProvider, falling back to safe defaults @ chrome-extension://fmkadmapgofadopljbjfkapdkoienihi/build/installHook.js:0
[ 1786078ms] [WARNING] useFixedContainerSlot must be used within FixedContainerProvider, falling back to safe defaults @ chrome-extension://fmkadmapgofadopljbjfkapdkoienihi/build/installHook.js:0
[ 1786079ms] [LOG] [INFO] [Zhida: Talk] zhida:stream:Answer {message: Object, currentTime: 2026-07-20 21:48:24.794} @ https://unpkg.zhimg.com/@cfe/sentry-script@1.3.1/dist/init.js:0
[ 1786112ms] [LOG] [INFO] [Zhida: Talk] zhida:stream:Answer {message: Object, currentTime: 2026-07-20 21:48:24.827} @ https://unpkg.zhimg.com/@cfe/sentry-script@1.3.1/dist/init.js:0
[ 1786113ms] [WARNING] useFixedContainerSlot must be used within FixedContainerProvider, falling back to safe defaults @ chrome-extension://fmkadmapgofadopljbjfkapdkoienihi/build/installHook.js:0
[ 1786117ms] [WARNING] useFixedContainerSlot must be used within FixedContainerProvider, falling back to safe defaults @ chrome-extension://fmkadmapgofadopljbjfkapdkoienihi/build/installHook.js:0
[ 1786121ms] [WARNING] useFixedContainerSlot must be used within FixedContainerProvider, falling back to safe defaults @ chrome-extension://fmkadmapgofadopljbjfkapdkoienihi/build/installHook.js:0
[ 1786125ms] [WARNING] useFixedContainerSlot must be used within FixedContainerProvider, falling back to safe defaults @ chrome-extension://fmkadmapgofadopljbjfkapdkoienihi/build/installHook.js:0
[ 1786127ms] [WARNING] useFixedContainerSlot must be used within FixedContainerProvider, falling back to safe defaults @ chrome-extension://fmkadmapgofadopljbjfkapdkoienihi/build/installHook.js:0
[ 1786128ms] [WARNING] useFixedContainerSlot must be used within FixedContainerProvider, falling back to safe defaults @ chrome-extension://fmkadmapgofadopljbjfkapdkoienihi/build/installHook.js:0
[ 1786133ms] [LOG] [INFO] [Zhida: Talk] zhida:stream:Answer {message: Object, currentTime: 2026-07-20 21:48:24.848} @ https://unpkg.zhimg.com/@cfe/sentry-script@1.3.1/dist/init.js:0
[ 1786166ms] [LOG] [INFO] [Zhida: Talk] zhida:stream:Answer {message: Object, currentTime: 2026-07-20 21:48:24.881} @ https://unpkg.zhimg.com/@cfe/sentry-script@1.3.1/dist/init.js:0
[ 1786167ms] [WARNING] useFixedContainerSlot must be used within FixedContainerProvider, falling back to safe defaults @ chrome-extension://fmkadmapgofadopljbjfkapdkoienihi/build/installHook.js:0
[ 1786171ms] [WARNING] useFixedContainerSlot must be used within FixedContainerProvider, falling back to safe defaults @ chrome-extension://fmkadmapgofadopljbjfkapdkoienihi/build/installHook.js:0
[ 1786175ms] [WARNING] useFixedContainerSlot must be used within FixedContainerProvider, falling back to safe defaults @ chrome-extension://fmkadmapgofadopljbjfkapdkoienihi/build/installHook.js:0
[ 1786180ms] [WARNING] useFixedContainerSlot must be used within FixedContainerProvider, falling back to safe defaults @ chrome-extension://fmkadmapgofadopljbjfkapdkoienihi/build/installHook.js:0
[ 1786181ms] [WARNING] useFixedContainerSlot must be used within FixedContainerProvider, falling back to safe defaults @ chrome-extension://fmkadmapgofadopljbjfkapdkoienihi/build/installHook.js:0
[ 1786183ms] [WARNING] useFixedContainerSlot must be used within FixedContainerProvider, falling back to safe defaults @ chrome-extension://fmkadmapgofadopljbjfkapdkoienihi/build/installHook.js:0
[ 1786184ms] [LOG] [INFO] [Zhida: Talk] zhida:stream:Answer {message: Object, currentTime: 2026-07-20 21:48:24.898} @ https://unpkg.zhimg.com/@cfe/sentry-script@1.3.1/dist/init.js:0
[ 1786220ms] [WARNING] useFixedContainerSlot must be used within FixedContainerProvider, falling back to safe defaults @ chrome-extension://fmkadmapgofadopljbjfkapdkoienihi/build/installHook.js:0
[ 1786221ms] [WARNING] useFixedContainerSlot must be used within FixedContainerProvider, falling back to safe defaults @ chrome-extension://fmkadmapgofadopljbjfkapdkoienihi/build/installHook.js:0
[ 1786222ms] [WARNING] useFixedContainerSlot must be used within FixedContainerProvider, falling back to safe defaults @ chrome-extension://fmkadmapgofadopljbjfkapdkoienihi/build/installHook.js:0
[ 1786269ms] [LOG] [INFO] [Zhida: Talk] zhida:stream:Answer {message: Object, currentTime: 2026-07-20 21:48:24.984} @ https://unpkg.zhimg.com/@cfe/sentry-script@1.3.1/dist/init.js:0
[ 1786271ms] [WARNING] useFixedContainerSlot must be used within FixedContainerProvider, falling back to safe defaults @ chrome-extension://fmkadmapgofadopljbjfkapdkoienihi/build/installHook.js:0
[ 1786275ms] [WARNING] useFixedContainerSlot must be used within FixedContainerProvider, falling back to safe defaults @ chrome-extension://fmkadmapgofadopljbjfkapdkoienihi/build/installHook.js:0
[ 1786279ms] [WARNING] useFixedContainerSlot must be used within FixedContainerProvider, falling back to safe defaults @ chrome-extension://fmkadmapgofadopljbjfkapdkoienihi/build/installHook.js:0
[ 1786283ms] [WARNING] useFixedContainerSlot must be used within FixedContainerProvider, falling back to safe defaults @ chrome-extension://fmkadmapgofadopljbjfkapdkoienihi/build/installHook.js:0
[ 1786285ms] [WARNING] useFixedContainerSlot must be used within FixedContainerProvider, falling back to safe defaults @ chrome-extension://fmkadmapgofadopljbjfkapdkoienihi/build/installHook.js:0
[ 1786286ms] [WARNING] useFixedContainerSlot must be used within FixedContainerProvider, falling back to safe defaults @ chrome-extension://fmkadmapgofadopljbjfkapdkoienihi/build/installHook.js:0
[ 1786327ms] [LOG] [INFO] [Zhida: Talk] zhida:stream:Answer {message: Object, currentTime: 2026-07-20 21:48:25.041} @ https://unpkg.zhimg.com/@cfe/sentry-script@1.3.1/dist/init.js:0
[ 1786328ms] [WARNING] useFixedContainerSlot must be used within FixedContainerProvider, falling back to safe defaults @ chrome-extension://fmkadmapgofadopljbjfkapdkoienihi/build/installHook.js:0
[ 1786332ms] [WARNING] useFixedContainerSlot must be used within FixedContainerProvider, falling back to safe defaults @ chrome-extension://fmkadmapgofadopljbjfkapdkoienihi/build/installHook.js:0
[ 1786336ms] [WARNING] useFixedContainerSlot must be used within FixedContainerProvider, falling back to safe defaults @ chrome-extension://fmkadmapgofadopljbjfkapdkoienihi/build/installHook.js:0
[ 1786340ms] [WARNING] useFixedContainerSlot must be used within FixedContainerProvider, falling back to safe defaults @ chrome-extension://fmkadmapgofadopljbjfkapdkoienihi/build/installHook.js:0
[ 1786342ms] [WARNING] useFixedContainerSlot must be used within FixedContainerProvider, falling back to safe defaults @ chrome-extension://fmkadmapgofadopljbjfkapdkoienihi/build/installHook.js:0
[ 1786343ms] [WARNING] useFixedContainerSlot must be used within FixedContainerProvider, falling back to safe defaults @ chrome-extension://fmkadmapgofadopljbjfkapdkoienihi/build/installHook.js:0
[ 1786345ms] [LOG] [INFO] [Zhida: Talk] zhida:stream:Answer {message: Object, currentTime: 2026-07-20 21:48:25.059} @ https://unpkg.zhimg.com/@cfe/sentry-script@1.3.1/dist/init.js:0
[ 1786350ms] [LOG] [INFO] [Zhida: Talk] zhida:stream:Answer {message: Object, currentTime: 2026-07-20 21:48:25.064} @ https://unpkg.zhimg.com/@cfe/sentry-script@1.3.1/dist/init.js:0
[ 1786377ms] [LOG] [INFO] [Zhida: Talk] zhida:stream:Answer {message: Object, currentTime: 2026-07-20 21:48:25.091} @ https://unpkg.zhimg.com/@cfe/sentry-script@1.3.1/dist/init.js:0
[ 1786378ms] [WARNING] useFixedContainerSlot must be used within FixedContainerProvider, falling back to safe defaults @ chrome-extension://fmkadmapgofadopljbjfkapdkoienihi/build/installHook.js:0
[ 1786382ms] [WARNING] useFixedContainerSlot must be used within FixedContainerProvider, falling back to safe defaults @ chrome-extension://fmkadmapgofadopljbjfkapdkoienihi/build/installHook.js:0
[ 1786386ms] [WARNING] useFixedContainerSlot must be used within FixedContainerProvider, falling back to safe defaults @ chrome-extension://fmkadmapgofadopljbjfkapdkoienihi/build/installHook.js:0
[ 1786390ms] [WARNING] useFixedContainerSlot must be used within FixedContainerProvider, falling back to safe defaults @ chrome-extension://fmkadmapgofadopljbjfkapdkoienihi/build/installHook.js:0
[ 1786392ms] [WARNING] useFixedContainerSlot must be used within FixedContainerProvider, falling back to safe defaults @ chrome-extension://fmkadmapgofadopljbjfkapdkoienihi/build/installHook.js:0
[ 1786393ms] [WARNING] useFixedContainerSlot must be used within FixedContainerProvider, falling back to safe defaults @ chrome-extension://fmkadmapgofadopljbjfkapdkoienihi/build/installHook.js:0
[ 1786430ms] [LOG] [INFO] [Zhida: Talk] zhida:stream:Answer {message: Object, currentTime: 2026-07-20 21:48:25.145} @ https://unpkg.zhimg.com/@cfe/sentry-script@1.3.1/dist/init.js:0
[ 1786435ms] [LOG] [INFO] [Zhida: Talk] zhida:stream:Answer {message: Object, currentTime: 2026-07-20 21:48:25.150} @ https://unpkg.zhimg.com/@cfe/sentry-script@1.3.1/dist/init.js:0
[ 1786446ms] [WARNING] useFixedContainerSlot must be used within FixedContainerProvider, falling back to safe defaults @ chrome-extension://fmkadmapgofadopljbjfkapdkoienihi/build/installHook.js:0
[ 1786447ms] [WARNING] useFixedContainerSlot must be used within FixedContainerProvider, falling back to safe defaults @ chrome-extension://fmkadmapgofadopljbjfkapdkoienihi/build/installHook.js:0
[ 1786448ms] [WARNING] useFixedContainerSlot must be used within FixedContainerProvider, falling back to safe defaults @ chrome-extension://fmkadmapgofadopljbjfkapdkoienihi/build/installHook.js:0
[ 1786463ms] [WARNING] useFixedContainerSlot must be used within FixedContainerProvider, falling back to safe defaults @ chrome-extension://fmkadmapgofadopljbjfkapdkoienihi/build/installHook.js:0
[ 1786465ms] [WARNING] useFixedContainerSlot must be used within FixedContainerProvider, falling back to safe defaults @ chrome-extension://fmkadmapgofadopljbjfkapdkoienihi/build/installHook.js:0
[ 1786466ms] [WARNING] useFixedContainerSlot must be used within FixedContainerProvider, falling back to safe defaults @ chrome-extension://fmkadmapgofadopljbjfkapdkoienihi/build/installHook.js:0
[ 1786481ms] [LOG] [INFO] [Zhida: Talk] zhida:stream:Answer {message: Object, currentTime: 2026-07-20 21:48:25.196} @ https://unpkg.zhimg.com/@cfe/sentry-script@1.3.1/dist/init.js:0
[ 1786482ms] [WARNING] useFixedContainerSlot must be used within FixedContainerProvider, falling back to safe defaults @ chrome-extension://fmkadmapgofadopljbjfkapdkoienihi/build/installHook.js:0
[ 1786486ms] [WARNING] useFixedContainerSlot must be used within FixedContainerProvider, falling back to safe defaults @ chrome-extension://fmkadmapgofadopljbjfkapdkoienihi/build/installHook.js:0
[ 1786490ms] [WARNING] useFixedContainerSlot must be used within FixedContainerProvider, falling back to safe defaults @ chrome-extension://fmkadmapgofadopljbjfkapdkoienihi/build/installHook.js:0
[ 1786495ms] [WARNING] useFixedContainerSlot must be used within FixedContainerProvider, falling back to safe defaults @ chrome-extension://fmkadmapgofadopljbjfkapdkoienihi/build/installHook.js:0
[ 1786496ms] [WARNING] useFixedContainerSlot must be used within FixedContainerProvider, falling back to safe defaults @ chrome-extension://fmkadmapgofadopljbjfkapdkoienihi/build/installHook.js:0
[ 1786497ms] [WARNING] useFixedContainerSlot must be used within FixedContainerProvider, falling back to safe defaults @ chrome-extension://fmkadmapgofadopljbjfkapdkoienihi/build/installHook.js:0
[ 1786499ms] [LOG] [INFO] [Zhida: Talk] zhida:stream:Answer {message: Object, currentTime: 2026-07-20 21:48:25.213} @ https://unpkg.zhimg.com/@cfe/sentry-script@1.3.1/dist/init.js:0
[ 1786533ms] [LOG] [INFO] [Zhida: Talk] zhida:stream:Answer {message: Object, currentTime: 2026-07-20 21:48:25.247} @ https://unpkg.zhimg.com/@cfe/sentry-script@1.3.1/dist/init.js:0
[ 1786534ms] [WARNING] useFixedContainerSlot must be used within FixedContainerProvider, falling back to safe defaults @ chrome-extension://fmkadmapgofadopljbjfkapdkoienihi/build/installHook.js:0
[ 1786538ms] [WARNING] useFixedContainerSlot must be used within FixedContainerProvider, falling back to safe defaults @ chrome-extension://fmkadmapgofadopljbjfkapdkoienihi/build/installHook.js:0
[ 1786541ms] [WARNING] useFixedContainerSlot must be used within FixedContainerProvider, falling back to safe defaults @ chrome-extension://fmkadmapgofadopljbjfkapdkoienihi/build/installHook.js:0
[ 1786546ms] [WARNING] useFixedContainerSlot must be used within FixedContainerProvider, falling back to safe defaults @ chrome-extension://fmkadmapgofadopljbjfkapdkoienihi/build/installHook.js:0
[ 1786548ms] [WARNING] useFixedContainerSlot must be used within FixedContainerProvider, falling back to safe defaults @ chrome-extension://fmkadmapgofadopljbjfkapdkoienihi/build/installHook.js:0
[ 1786549ms] [WARNING] useFixedContainerSlot must be used within FixedContainerProvider, falling back to safe defaults @ chrome-extension://fmkadmapgofadopljbjfkapdkoienihi/build/installHook.js:0
[ 1786555ms] [LOG] [INFO] [Zhida: Talk] zhida:stream:Answer {message: Object, currentTime: 2026-07-20 21:48:25.269} @ https://unpkg.zhimg.com/@cfe/sentry-script@1.3.1/dist/init.js:0
[ 1786561ms] [WARNING] useFixedContainerSlot must be used within FixedContainerProvider, falling back to safe defaults @ chrome-extension://fmkadmapgofadopljbjfkapdkoienihi/build/installHook.js:0
[ 1786562ms] [WARNING] useFixedContainerSlot must be used within FixedContainerProvider, falling back to safe defaults @ chrome-extension://fmkadmapgofadopljbjfkapdkoienihi/build/installHook.js:0
[ 1786563ms] [WARNING] useFixedContainerSlot must be used within FixedContainerProvider, falling back to safe defaults @ chrome-extension://fmkadmapgofadopljbjfkapdkoienihi/build/installHook.js:0
[ 1786588ms] [LOG] [INFO] [Zhida: Talk] zhida:stream:Answer {message: Object, currentTime: 2026-07-20 21:48:25.303} @ https://unpkg.zhimg.com/@cfe/sentry-script@1.3.1/dist/init.js:0
[ 1786589ms] [WARNING] useFixedContainerSlot must be used within FixedContainerProvider, falling back to safe defaults @ chrome-extension://fmkadmapgofadopljbjfkapdkoienihi/build/installHook.js:0
[ 1786593ms] [WARNING] useFixedContainerSlot must be used within FixedContainerProvider, falling back to safe defaults @ chrome-extension://fmkadmapgofadopljbjfkapdkoienihi/build/installHook.js:0
[ 1786597ms] [WARNING] useFixedContainerSlot must be used within FixedContainerProvider, falling back to safe defaults @ chrome-extension://fmkadmapgofadopljbjfkapdkoienihi/build/installHook.js:0
[ 1786602ms] [WARNING] useFixedContainerSlot must be used within FixedContainerProvider, falling back to safe defaults @ chrome-extension://fmkadmapgofadopljbjfkapdkoienihi/build/installHook.js:0
[ 1786603ms] [WARNING] useFixedContainerSlot must be used within FixedContainerProvider, falling back to safe defaults @ chrome-extension://fmkadmapgofadopljbjfkapdkoienihi/build/installHook.js:0
[ 1786605ms] [WARNING] useFixedContainerSlot must be used within FixedContainerProvider, falling back to safe defaults @ chrome-extension://fmkadmapgofadopljbjfkapdkoienihi/build/installHook.js:0
[ 1786606ms] [LOG] [INFO] [Zhida: Talk] zhida:stream:Answer {message: Object, currentTime: 2026-07-20 21:48:25.320} @ https://unpkg.zhimg.com/@cfe/sentry-script@1.3.1/dist/init.js:0
[ 1786614ms] [WARNING] useFixedContainerSlot must be used within FixedContainerProvider, falling back to safe defaults @ chrome-extension://fmkadmapgofadopljbjfkapdkoienihi/build/installHook.js:0
[ 1786646ms] [LOG] [INFO] [Zhida: Talk] zhida:stream:Answer {message: Object, currentTime: 2026-07-20 21:48:25.361} @ https://unpkg.zhimg.com/@cfe/sentry-script@1.3.1/dist/init.js:0
[ 1786648ms] [WARNING] useFixedContainerSlot must be used within FixedContainerProvider, falling back to safe defaults @ chrome-extension://fmkadmapgofadopljbjfkapdkoienihi/build/installHook.js:0
[ 1786652ms] [WARNING] useFixedContainerSlot must be used within FixedContainerProvider, falling back to safe defaults @ chrome-extension://fmkadmapgofadopljbjfkapdkoienihi/build/installHook.js:0
[ 1786656ms] [WARNING] useFixedContainerSlot must be used within FixedContainerProvider, falling back to safe defaults @ chrome-extension://fmkadmapgofadopljbjfkapdkoienihi/build/installHook.js:0
[ 1786660ms] [WARNING] useFixedContainerSlot must be used within FixedContainerProvider, falling back to safe defaults @ chrome-extension://fmkadmapgofadopljbjfkapdkoienihi/build/installHook.js:0
[ 1786662ms] [WARNING] useFixedContainerSlot must be used within FixedContainerProvider, falling back to safe defaults @ chrome-extension://fmkadmapgofadopljbjfkapdkoienihi/build/installHook.js:0
[ 1786663ms] [WARNING] useFixedContainerSlot must be used within FixedContainerProvider, falling back to safe defaults @ chrome-extension://fmkadmapgofadopljbjfkapdkoienihi/build/installHook.js:0
[ 1786664ms] [LOG] [INFO] [Zhida: Talk] zhida:stream:Answer {message: Object, currentTime: 2026-07-20 21:48:25.379} @ https://unpkg.zhimg.com/@cfe/sentry-script@1.3.1/dist/init.js:0
[ 1786693ms] [LOG] [INFO] [Zhida: Talk] zhida:stream:Answer {message: Object, currentTime: 2026-07-20 21:48:25.407} @ https://unpkg.zhimg.com/@cfe/sentry-script@1.3.1/dist/init.js:0
[ 1786693ms] [WARNING] useFixedContainerSlot must be used within FixedContainerProvider, falling back to safe defaults @ chrome-extension://fmkadmapgofadopljbjfkapdkoienihi/build/installHook.js:0
[ 1786697ms] [WARNING] useFixedContainerSlot must be used within FixedContainerProvider, falling back to safe defaults @ chrome-extension://fmkadmapgofadopljbjfkapdkoienihi/build/installHook.js:0
[ 1786701ms] [WARNING] useFixedContainerSlot must be used within FixedContainerProvider, falling back to safe defaults @ chrome-extension://fmkadmapgofadopljbjfkapdkoienihi/build/installHook.js:0
[ 1786705ms] [WARNING] useFixedContainerSlot must be used within FixedContainerProvider, falling back to safe defaults @ chrome-extension://fmkadmapgofadopljbjfkapdkoienihi/build/installHook.js:0
[ 1786707ms] [WARNING] useFixedContainerSlot must be used within FixedContainerProvider, falling back to safe defaults @ chrome-extension://fmkadmapgofadopljbjfkapdkoienihi/build/installHook.js:0
[ 1786708ms] [WARNING] useFixedContainerSlot must be used within FixedContainerProvider, falling back to safe defaults @ chrome-extension://fmkadmapgofadopljbjfkapdkoienihi/build/installHook.js:0
[ 1786712ms] [LOG] [INFO] [Zhida: Talk] zhida:stream:Answer {message: Object, currentTime: 2026-07-20 21:48:25.427} @ https://unpkg.zhimg.com/@cfe/sentry-script@1.3.1/dist/init.js:0
[ 1786740ms] [WARNING] useFixedContainerSlot must be used within FixedContainerProvider, falling back to safe defaults @ chrome-extension://fmkadmapgofadopljbjfkapdkoienihi/build/installHook.js:0
[ 1786742ms] [WARNING] useFixedContainerSlot must be used within FixedContainerProvider, falling back to safe defaults @ chrome-extension://fmkadmapgofadopljbjfkapdkoienihi/build/installHook.js:0
[ 1786743ms] [WARNING] useFixedContainerSlot must be used within FixedContainerProvider, falling back to safe defaults @ chrome-extension://fmkadmapgofadopljbjfkapdkoienihi/build/installHook.js:0
[ 1786797ms] [LOG] [INFO] [Zhida: Talk] zhida:stream:Answer {message: Object, currentTime: 2026-07-20 21:48:25.512} @ https://unpkg.zhimg.com/@cfe/sentry-script@1.3.1/dist/init.js:0
[ 1786799ms] [WARNING] useFixedContainerSlot must be used within FixedContainerProvider, falling back to safe defaults @ chrome-extension://fmkadmapgofadopljbjfkapdkoienihi/build/installHook.js:0
[ 1786803ms] [WARNING] useFixedContainerSlot must be used within FixedContainerProvider, falling back to safe defaults @ chrome-extension://fmkadmapgofadopljbjfkapdkoienihi/build/installHook.js:0
[ 1786807ms] [WARNING] useFixedContainerSlot must be used within FixedContainerProvider, falling back to safe defaults @ chrome-extension://fmkadmapgofadopljbjfkapdkoienihi/build/installHook.js:0
[ 1786811ms] [WARNING] useFixedContainerSlot must be used within FixedContainerProvider, falling back to safe defaults @ chrome-extension://fmkadmapgofadopljbjfkapdkoienihi/build/installHook.js:0
[ 1786813ms] [WARNING] useFixedContainerSlot must be used within FixedContainerProvider, falling back to safe defaults @ chrome-extension://fmkadmapgofadopljbjfkapdkoienihi/build/installHook.js:0
[ 1786814ms] [WARNING] useFixedContainerSlot must be used within FixedContainerProvider, falling back to safe defaults @ chrome-extension://fmkadmapgofadopljbjfkapdkoienihi/build/installHook.js:0
[ 1786818ms] [LOG] [INFO] [Zhida: Talk] zhida:stream:Answer {message: Object, currentTime: 2026-07-20 21:48:25.533} @ https://unpkg.zhimg.com/@cfe/sentry-script@1.3.1/dist/init.js:0
[ 1786868ms] [WARNING] useFixedContainerSlot must be used within FixedContainerProvider, falling back to safe defaults @ chrome-extension://fmkadmapgofadopljbjfkapdkoienihi/build/installHook.js:0
[ 1786869ms] [WARNING] useFixedContainerSlot must be used within FixedContainerProvider, falling back to safe defaults @ chrome-extension://fmkadmapgofadopljbjfkapdkoienihi/build/installHook.js:0
[ 1786870ms] [WARNING] useFixedContainerSlot must be used within FixedContainerProvider, falling back to safe defaults @ chrome-extension://fmkadmapgofadopljbjfkapdkoienihi/build/installHook.js:0
[ 1786908ms] [LOG] [INFO] [Zhida: Talk] zhida:stream:Answer {message: Object, currentTime: 2026-07-20 21:48:25.622} @ https://unpkg.zhimg.com/@cfe/sentry-script@1.3.1/dist/init.js:0
[ 1786960ms] [LOG] [INFO] [Zhida: Talk] zhida:stream:Answer {message: Object, currentTime: 2026-07-20 21:48:25.674} @ https://unpkg.zhimg.com/@cfe/sentry-script@1.3.1/dist/init.js:0
[ 1786972ms] [LOG] [INFO] [Zhida: Talk] zhida:stream:Answer {message: Object, currentTime: 2026-07-20 21:48:25.686} @ https://unpkg.zhimg.com/@cfe/sentry-script@1.3.1/dist/init.js:0
[ 1786973ms] [WARNING] useFixedContainerSlot must be used within FixedContainerProvider, falling back to safe defaults @ chrome-extension://fmkadmapgofadopljbjfkapdkoienihi/build/installHook.js:0
[ 1786977ms] [WARNING] useFixedContainerSlot must be used within FixedContainerProvider, falling back to safe defaults @ chrome-extension://fmkadmapgofadopljbjfkapdkoienihi/build/installHook.js:0
[ 1786981ms] [WARNING] useFixedContainerSlot must be used within FixedContainerProvider, falling back to safe defaults @ chrome-extension://fmkadmapgofadopljbjfkapdkoienihi/build/installHook.js:0
[ 1786986ms] [WARNING] useFixedContainerSlot must be used within FixedContainerProvider, falling back to safe defaults @ chrome-extension://fmkadmapgofadopljbjfkapdkoienihi/build/installHook.js:0
[ 1786988ms] [WARNING] useFixedContainerSlot must be used within FixedContainerProvider, falling back to safe defaults @ chrome-extension://fmkadmapgofadopljbjfkapdkoienihi/build/installHook.js:0
[ 1786989ms] [WARNING] useFixedContainerSlot must be used within FixedContainerProvider, falling back to safe defaults @ chrome-extension://fmkadmapgofadopljbjfkapdkoienihi/build/installHook.js:0
[ 1786991ms] [LOG] [INFO] [Zhida: Talk] zhida:stream:Answer {message: Object, currentTime: 2026-07-20 21:48:25.705} @ https://unpkg.zhimg.com/@cfe/sentry-script@1.3.1/dist/init.js:0
[ 1786991ms] [WARNING] useFixedContainerSlot must be used within FixedContainerProvider, falling back to safe defaults @ chrome-extension://fmkadmapgofadopljbjfkapdkoienihi/build/installHook.js:0
[ 1786995ms] [WARNING] useFixedContainerSlot must be used within FixedContainerProvider, falling back to safe defaults @ chrome-extension://fmkadmapgofadopljbjfkapdkoienihi/build/installHook.js:0
[ 1786998ms] [WARNING] useFixedContainerSlot must be used within FixedContainerProvider, falling back to safe defaults @ chrome-extension://fmkadmapgofadopljbjfkapdkoienihi/build/installHook.js:0
[ 1787003ms] [WARNING] useFixedContainerSlot must be used within FixedContainerProvider, falling back to safe defaults @ chrome-extension://fmkadmapgofadopljbjfkapdkoienihi/build/installHook.js:0
[ 1787005ms] [WARNING] useFixedContainerSlot must be used within FixedContainerProvider, falling back to safe defaults @ chrome-extension://fmkadmapgofadopljbjfkapdkoienihi/build/installHook.js:0
[ 1787006ms] [WARNING] useFixedContainerSlot must be used within FixedContainerProvider, falling back to safe defaults @ chrome-extension://fmkadmapgofadopljbjfkapdkoienihi/build/installHook.js:0
[ 1787011ms] [LOG] [INFO] [Zhida: Talk] zhida:stream:Answer {message: Object, currentTime: 2026-07-20 21:48:25.725} @ https://unpkg.zhimg.com/@cfe/sentry-script@1.3.1/dist/init.js:0
[ 1787020ms] [LOG] [INFO] [Zhida: Talk] zhida:stream:Answer {message: Object, currentTime: 2026-07-20 21:48:25.734} @ https://unpkg.zhimg.com/@cfe/sentry-script@1.3.1/dist/init.js:0
[ 1787021ms] [WARNING] useFixedContainerSlot must be used within FixedContainerProvider, falling back to safe defaults @ chrome-extension://fmkadmapgofadopljbjfkapdkoienihi/build/installHook.js:0
[ 1787024ms] [WARNING] useFixedContainerSlot must be used within FixedContainerProvider, falling back to safe defaults @ chrome-extension://fmkadmapgofadopljbjfkapdkoienihi/build/installHook.js:0
[ 1787028ms] [WARNING] useFixedContainerSlot must be used within FixedContainerProvider, falling back to safe defaults @ chrome-extension://fmkadmapgofadopljbjfkapdkoienihi/build/installHook.js:0
[ 1787033ms] [WARNING] useFixedContainerSlot must be used within FixedContainerProvider, falling back to safe defaults @ chrome-extension://fmkadmapgofadopljbjfkapdkoienihi/build/installHook.js:0
[ 1787034ms] [WARNING] useFixedContainerSlot must be used within FixedContainerProvider, falling back to safe defaults @ chrome-extension://fmkadmapgofadopljbjfkapdkoienihi/build/installHook.js:0
[ 1787036ms] [WARNING] useFixedContainerSlot must be used within FixedContainerProvider, falling back to safe defaults @ chrome-extension://fmkadmapgofadopljbjfkapdkoienihi/build/installHook.js:0
[ 1787081ms] [WARNING] useFixedContainerSlot must be used within FixedContainerProvider, falling back to safe defaults @ chrome-extension://fmkadmapgofadopljbjfkapdkoienihi/build/installHook.js:0
[ 1787083ms] [WARNING] useFixedContainerSlot must be used within FixedContainerProvider, falling back to safe defaults @ chrome-extension://fmkadmapgofadopljbjfkapdkoienihi/build/installHook.js:0
[ 1787084ms] [WARNING] useFixedContainerSlot must be used within FixedContainerProvider, falling back to safe defaults @ chrome-extension://fmkadmapgofadopljbjfkapdkoienihi/build/installHook.js:0
[ 1787097ms] [WARNING] useFixedContainerSlot must be used within FixedContainerProvider, falling back to safe defaults @ chrome-extension://fmkadmapgofadopljbjfkapdkoienihi/build/installHook.js:0
[ 1787098ms] [WARNING] useFixedContainerSlot must be used within FixedContainerProvider, falling back to safe defaults @ chrome-extension://fmkadmapgofadopljbjfkapdkoienihi/build/installHook.js:0
[ 1787099ms] [WARNING] useFixedContainerSlot must be used within FixedContainerProvider, falling back to safe defaults @ chrome-extension://fmkadmapgofadopljbjfkapdkoienihi/build/installHook.js:0
[ 1787117ms] [LOG] [INFO] [Zhida: Talk] zhida:stream:Answer {message: Object, currentTime: 2026-07-20 21:48:25.831} @ https://unpkg.zhimg.com/@cfe/sentry-script@1.3.1/dist/init.js:0
[ 1787118ms] [WARNING] useFixedContainerSlot must be used within FixedContainerProvider, falling back to safe defaults @ chrome-extension://fmkadmapgofadopljbjfkapdkoienihi/build/installHook.js:0
[ 1787122ms] [WARNING] useFixedContainerSlot must be used within FixedContainerProvider, falling back to safe defaults @ chrome-extension://fmkadmapgofadopljbjfkapdkoienihi/build/installHook.js:0
[ 1787125ms] [WARNING] useFixedContainerSlot must be used within FixedContainerProvider, falling back to safe defaults @ chrome-extension://fmkadmapgofadopljbjfkapdkoienihi/build/installHook.js:0
[ 1787130ms] [WARNING] useFixedContainerSlot must be used within FixedContainerProvider, falling back to safe defaults @ chrome-extension://fmkadmapgofadopljbjfkapdkoienihi/build/installHook.js:0
[ 1787132ms] [WARNING] useFixedContainerSlot must be used within FixedContainerProvider, falling back to safe defaults @ chrome-extension://fmkadmapgofadopljbjfkapdkoienihi/build/installHook.js:0
[ 1787133ms] [WARNING] useFixedContainerSlot must be used within FixedContainerProvider, falling back to safe defaults @ chrome-extension://fmkadmapgofadopljbjfkapdkoienihi/build/installHook.js:0
[ 1787134ms] [LOG] [INFO] [Zhida: Talk] zhida:stream:Answer {message: Object, currentTime: 2026-07-20 21:48:25.849} @ https://unpkg.zhimg.com/@cfe/sentry-script@1.3.1/dist/init.js:0
[ 1787145ms] [WARNING] useFixedContainerSlot must be used within FixedContainerProvider, falling back to safe defaults @ chrome-extension://fmkadmapgofadopljbjfkapdkoienihi/build/installHook.js:0
[ 1787146ms] [WARNING] useFixedContainerSlot must be used within FixedContainerProvider, falling back to safe defaults @ chrome-extension://fmkadmapgofadopljbjfkapdkoienihi/build/installHook.js:0
[ 1787147ms] [WARNING] useFixedContainerSlot must be used within FixedContainerProvider, falling back to safe defaults @ chrome-extension://fmkadmapgofadopljbjfkapdkoienihi/build/installHook.js:0
[ 1787170ms] [LOG] [INFO] [Zhida: Talk] zhida:stream:Answer {message: Object, currentTime: 2026-07-20 21:48:25.884} @ https://unpkg.zhimg.com/@cfe/sentry-script@1.3.1/dist/init.js:0
[ 1787171ms] [WARNING] useFixedContainerSlot must be used within FixedContainerProvider, falling back to safe defaults @ chrome-extension://fmkadmapgofadopljbjfkapdkoienihi/build/installHook.js:0
[ 1787175ms] [WARNING] useFixedContainerSlot must be used within FixedContainerProvider, falling back to safe defaults @ chrome-extension://fmkadmapgofadopljbjfkapdkoienihi/build/installHook.js:0
[ 1787179ms] [WARNING] useFixedContainerSlot must be used within FixedContainerProvider, falling back to safe defaults @ chrome-extension://fmkadmapgofadopljbjfkapdkoienihi/build/installHook.js:0
[ 1787183ms] [WARNING] useFixedContainerSlot must be used within FixedContainerProvider, falling back to safe defaults @ chrome-extension://fmkadmapgofadopljbjfkapdkoienihi/build/installHook.js:0
[ 1787185ms] [WARNING] useFixedContainerSlot must be used within FixedContainerProvider, falling back to safe defaults @ chrome-extension://fmkadmapgofadopljbjfkapdkoienihi/build/installHook.js:0
[ 1787186ms] [WARNING] useFixedContainerSlot must be used within FixedContainerProvider, falling back to safe defaults @ chrome-extension://fmkadmapgofadopljbjfkapdkoienihi/build/installHook.js:0
[ 1787187ms] [LOG] [INFO] [Zhida: Talk] zhida:stream:Answer {message: Object, currentTime: 2026-07-20 21:48:25.902} @ https://unpkg.zhimg.com/@cfe/sentry-script@1.3.1/dist/init.js:0
[ 1787196ms] [WARNING] useFixedContainerSlot must be used within FixedContainerProvider, falling back to safe defaults @ chrome-extension://fmkadmapgofadopljbjfkapdkoienihi/build/installHook.js:0
[ 1787219ms] [WARNING] useFixedContainerSlot must be used within FixedContainerProvider, falling back to safe defaults @ chrome-extension://fmkadmapgofadopljbjfkapdkoienihi/build/installHook.js:0
[ 1787220ms] [WARNING] useFixedContainerSlot must be used within FixedContainerProvider, falling back to safe defaults @ chrome-extension://fmkadmapgofadopljbjfkapdkoienihi/build/installHook.js:0
[ 1787222ms] [WARNING] useFixedContainerSlot must be used within FixedContainerProvider, falling back to safe defaults @ chrome-extension://fmkadmapgofadopljbjfkapdkoienihi/build/installHook.js:0
[ 1787228ms] [LOG] [INFO] [Zhida: Talk] zhida:stream:Answer {message: Object, currentTime: 2026-07-20 21:48:25.942} @ https://unpkg.zhimg.com/@cfe/sentry-script@1.3.1/dist/init.js:0
[ 1787277ms] [LOG] [INFO] [Zhida: Talk] zhida:stream:Answer {message: Object, currentTime: 2026-07-20 21:48:25.992} @ https://unpkg.zhimg.com/@cfe/sentry-script@1.3.1/dist/init.js:0
[ 1787303ms] [LOG] [INFO] [Zhida: Talk] zhida:stream:Answer {message: Object, currentTime: 2026-07-20 21:48:26.017} @ https://unpkg.zhimg.com/@cfe/sentry-script@1.3.1/dist/init.js:0
[ 1787304ms] [WARNING] useFixedContainerSlot must be used within FixedContainerProvider, falling back to safe defaults @ chrome-extension://fmkadmapgofadopljbjfkapdkoienihi/build/installHook.js:0
[ 1787308ms] [WARNING] useFixedContainerSlot must be used within FixedContainerProvider, falling back to safe defaults @ chrome-extension://fmkadmapgofadopljbjfkapdkoienihi/build/installHook.js:0
[ 1787312ms] [WARNING] useFixedContainerSlot must be used within FixedContainerProvider, falling back to safe defaults @ chrome-extension://fmkadmapgofadopljbjfkapdkoienihi/build/installHook.js:0
[ 1787317ms] [WARNING] useFixedContainerSlot must be used within FixedContainerProvider, falling back to safe defaults @ chrome-extension://fmkadmapgofadopljbjfkapdkoienihi/build/installHook.js:0
[ 1787318ms] [WARNING] useFixedContainerSlot must be used within FixedContainerProvider, falling back to safe defaults @ chrome-extension://fmkadmapgofadopljbjfkapdkoienihi/build/installHook.js:0
[ 1787320ms] [WARNING] useFixedContainerSlot must be used within FixedContainerProvider, falling back to safe defaults @ chrome-extension://fmkadmapgofadopljbjfkapdkoienihi/build/installHook.js:0
[ 1787321ms] [LOG] [INFO] [Zhida: Talk] zhida:stream:Answer {message: Object, currentTime: 2026-07-20 21:48:26.035} @ https://unpkg.zhimg.com/@cfe/sentry-script@1.3.1/dist/init.js:0
[ 1787322ms] [WARNING] useFixedContainerSlot must be used within FixedContainerProvider, falling back to safe defaults @ chrome-extension://fmkadmapgofadopljbjfkapdkoienihi/build/installHook.js:0
[ 1787325ms] [WARNING] useFixedContainerSlot must be used within FixedContainerProvider, falling back to safe defaults @ chrome-extension://fmkadmapgofadopljbjfkapdkoienihi/build/installHook.js:0
[ 1787329ms] [WARNING] useFixedContainerSlot must be used within FixedContainerProvider, falling back to safe defaults @ chrome-extension://fmkadmapgofadopljbjfkapdkoienihi/build/installHook.js:0
[ 1787333ms] [WARNING] useFixedContainerSlot must be used within FixedContainerProvider, falling back to safe defaults @ chrome-extension://fmkadmapgofadopljbjfkapdkoienihi/build/installHook.js:0
[ 1787335ms] [WARNING] useFixedContainerSlot must be used within FixedContainerProvider, falling back to safe defaults @ chrome-extension://fmkadmapgofadopljbjfkapdkoienihi/build/installHook.js:0
[ 1787336ms] [WARNING] useFixedContainerSlot must be used within FixedContainerProvider, falling back to safe defaults @ chrome-extension://fmkadmapgofadopljbjfkapdkoienihi/build/installHook.js:0
[ 1787381ms] [LOG] [INFO] [Zhida: Talk] zhida:stream:Answer {message: Object, currentTime: 2026-07-20 21:48:26.096} @ https://unpkg.zhimg.com/@cfe/sentry-script@1.3.1/dist/init.js:0
[ 1787382ms] [WARNING] useFixedContainerSlot must be used within FixedContainerProvider, falling back to safe defaults @ chrome-extension://fmkadmapgofadopljbjfkapdkoienihi/build/installHook.js:0
[ 1787386ms] [WARNING] useFixedContainerSlot must be used within FixedContainerProvider, falling back to safe defaults @ chrome-extension://fmkadmapgofadopljbjfkapdkoienihi/build/installHook.js:0
[ 1787390ms] [WARNING] useFixedContainerSlot must be used within FixedContainerProvider, falling back to safe defaults @ chrome-extension://fmkadmapgofadopljbjfkapdkoienihi/build/installHook.js:0
[ 1787394ms] [WARNING] useFixedContainerSlot must be used within FixedContainerProvider, falling back to safe defaults @ chrome-extension://fmkadmapgofadopljbjfkapdkoienihi/build/installHook.js:0
[ 1787396ms] [WARNING] useFixedContainerSlot must be used within FixedContainerProvider, falling back to safe defaults @ chrome-extension://fmkadmapgofadopljbjfkapdkoienihi/build/installHook.js:0
[ 1787397ms] [WARNING] useFixedContainerSlot must be used within FixedContainerProvider, falling back to safe defaults @ chrome-extension://fmkadmapgofadopljbjfkapdkoienihi/build/installHook.js:0
[ 1787399ms] [LOG] [INFO] [Zhida: Talk] zhida:stream:Answer {message: Object, currentTime: 2026-07-20 21:48:26.113} @ https://unpkg.zhimg.com/@cfe/sentry-script@1.3.1/dist/init.js:0
[ 1787426ms] [WARNING] useFixedContainerSlot must be used within FixedContainerProvider, falling back to safe defaults @ chrome-extension://fmkadmapgofadopljbjfkapdkoienihi/build/installHook.js:0
[ 1787428ms] [WARNING] useFixedContainerSlot must be used within FixedContainerProvider, falling back to safe defaults @ chrome-extension://fmkadmapgofadopljbjfkapdkoienihi/build/installHook.js:0
[ 1787429ms] [WARNING] useFixedContainerSlot must be used within FixedContainerProvider, falling back to safe defaults @ chrome-extension://fmkadmapgofadopljbjfkapdkoienihi/build/installHook.js:0
[ 1787542ms] [LOG] [INFO] [Zhida: Talk] zhida:stream:Answer {message: Object, currentTime: 2026-07-20 21:48:26.256} @ https://unpkg.zhimg.com/@cfe/sentry-script@1.3.1/dist/init.js:0
[ 1787543ms] [WARNING] useFixedContainerSlot must be used within FixedContainerProvider, falling back to safe defaults @ chrome-extension://fmkadmapgofadopljbjfkapdkoienihi/build/installHook.js:0
[ 1787547ms] [WARNING] useFixedContainerSlot must be used within FixedContainerProvider, falling back to safe defaults @ chrome-extension://fmkadmapgofadopljbjfkapdkoienihi/build/installHook.js:0
[ 1787551ms] [WARNING] useFixedContainerSlot must be used within FixedContainerProvider, falling back to safe defaults @ chrome-extension://fmkadmapgofadopljbjfkapdkoienihi/build/installHook.js:0
[ 1787556ms] [WARNING] useFixedContainerSlot must be used within FixedContainerProvider, falling back to safe defaults @ chrome-extension://fmkadmapgofadopljbjfkapdkoienihi/build/installHook.js:0
[ 1787557ms] [WARNING] useFixedContainerSlot must be used within FixedContainerProvider, falling back to safe defaults @ chrome-extension://fmkadmapgofadopljbjfkapdkoienihi/build/installHook.js:0
[ 1787558ms] [WARNING] useFixedContainerSlot must be used within FixedContainerProvider, falling back to safe defaults @ chrome-extension://fmkadmapgofadopljbjfkapdkoienihi/build/installHook.js:0
[ 1787560ms] [LOG] [INFO] [Zhida: Talk] zhida:stream:Answer {message: Object, currentTime: 2026-07-20 21:48:26.274} @ https://unpkg.zhimg.com/@cfe/sentry-script@1.3.1/dist/init.js:0
[ 1787592ms] [LOG] [INFO] [Zhida: Talk] zhida:stream:Answer {message: Object, currentTime: 2026-07-20 21:48:26.306} @ https://unpkg.zhimg.com/@cfe/sentry-script@1.3.1/dist/init.js:0
[ 1787593ms] [WARNING] useFixedContainerSlot must be used within FixedContainerProvider, falling back to safe defaults @ chrome-extension://fmkadmapgofadopljbjfkapdkoienihi/build/installHook.js:0
[ 1787596ms] [WARNING] useFixedContainerSlot must be used within FixedContainerProvider, falling back to safe defaults @ chrome-extension://fmkadmapgofadopljbjfkapdkoienihi/build/installHook.js:0
[ 1787600ms] [WARNING] useFixedContainerSlot must be used within FixedContainerProvider, falling back to safe defaults @ chrome-extension://fmkadmapgofadopljbjfkapdkoienihi/build/installHook.js:0
[ 1787605ms] [WARNING] useFixedContainerSlot must be used within FixedContainerProvider, falling back to safe defaults @ chrome-extension://fmkadmapgofadopljbjfkapdkoienihi/build/installHook.js:0
[ 1787606ms] [WARNING] useFixedContainerSlot must be used within FixedContainerProvider, falling back to safe defaults @ chrome-extension://fmkadmapgofadopljbjfkapdkoienihi/build/installHook.js:0
[ 1787608ms] [WARNING] useFixedContainerSlot must be used within FixedContainerProvider, falling back to safe defaults @ chrome-extension://fmkadmapgofadopljbjfkapdkoienihi/build/installHook.js:0
[ 1787612ms] [LOG] [INFO] [Zhida: Talk] zhida:stream:Answer {message: Object, currentTime: 2026-07-20 21:48:26.326} @ https://unpkg.zhimg.com/@cfe/sentry-script@1.3.1/dist/init.js:0
[ 1787657ms] [WARNING] useFixedContainerSlot must be used within FixedContainerProvider, falling back to safe defaults @ chrome-extension://fmkadmapgofadopljbjfkapdkoienihi/build/installHook.js:0
[ 1787658ms] [WARNING] useFixedContainerSlot must be used within FixedContainerProvider, falling back to safe defaults @ chrome-extension://fmkadmapgofadopljbjfkapdkoienihi/build/installHook.js:0
[ 1787659ms] [WARNING] useFixedContainerSlot must be used within FixedContainerProvider, falling back to safe defaults @ chrome-extension://fmkadmapgofadopljbjfkapdkoienihi/build/installHook.js:0
[ 1787701ms] [LOG] [INFO] [Zhida: Talk] zhida:stream:Answer {message: Object, currentTime: 2026-07-20 21:48:26.416} @ https://unpkg.zhimg.com/@cfe/sentry-script@1.3.1/dist/init.js:0
[ 1787702ms] [WARNING] useFixedContainerSlot must be used within FixedContainerProvider, falling back to safe defaults @ chrome-extension://fmkadmapgofadopljbjfkapdkoienihi/build/installHook.js:0
[ 1787706ms] [WARNING] useFixedContainerSlot must be used within FixedContainerProvider, falling back to safe defaults @ chrome-extension://fmkadmapgofadopljbjfkapdkoienihi/build/installHook.js:0
[ 1787710ms] [WARNING] useFixedContainerSlot must be used within FixedContainerProvider, falling back to safe defaults @ chrome-extension://fmkadmapgofadopljbjfkapdkoienihi/build/installHook.js:0
[ 1787715ms] [WARNING] useFixedContainerSlot must be used within FixedContainerProvider, falling back to safe defaults @ chrome-extension://fmkadmapgofadopljbjfkapdkoienihi/build/installHook.js:0
[ 1787716ms] [WARNING] useFixedContainerSlot must be used within FixedContainerProvider, falling back to safe defaults @ chrome-extension://fmkadmapgofadopljbjfkapdkoienihi/build/installHook.js:0
[ 1787718ms] [WARNING] useFixedContainerSlot must be used within FixedContainerProvider, falling back to safe defaults @ chrome-extension://fmkadmapgofadopljbjfkapdkoienihi/build/installHook.js:0
[ 1787719ms] [LOG] [INFO] [Zhida: Talk] zhida:stream:Answer {message: Object, currentTime: 2026-07-20 21:48:26.434} @ https://unpkg.zhimg.com/@cfe/sentry-script@1.3.1/dist/init.js:0
[ 1787728ms] [WARNING] useFixedContainerSlot must be used within FixedContainerProvider, falling back to safe defaults @ chrome-extension://fmkadmapgofadopljbjfkapdkoienihi/build/installHook.js:0
[ 1787750ms] [LOG] [INFO] [Zhida: Talk] zhida:stream:Answer {message: Object, currentTime: 2026-07-20 21:48:26.464} @ https://unpkg.zhimg.com/@cfe/sentry-script@1.3.1/dist/init.js:0
[ 1787755ms] [LOG] [INFO] [Zhida: Talk] zhida:stream:Answer {message: Object, currentTime: 2026-07-20 21:48:26.469} @ https://unpkg.zhimg.com/@cfe/sentry-script@1.3.1/dist/init.js:0
[ 1787756ms] [WARNING] useFixedContainerSlot must be used within FixedContainerProvider, falling back to safe defaults @ chrome-extension://fmkadmapgofadopljbjfkapdkoienihi/build/installHook.js:0
[ 1787760ms] [WARNING] useFixedContainerSlot must be used within FixedContainerProvider, falling back to safe defaults @ chrome-extension://fmkadmapgofadopljbjfkapdkoienihi/build/installHook.js:0
[ 1787763ms] [WARNING] useFixedContainerSlot must be used within FixedContainerProvider, falling back to safe defaults @ chrome-extension://fmkadmapgofadopljbjfkapdkoienihi/build/installHook.js:0
[ 1787768ms] [WARNING] useFixedContainerSlot must be used within FixedContainerProvider, falling back to safe defaults @ chrome-extension://fmkadmapgofadopljbjfkapdkoienihi/build/installHook.js:0
[ 1787770ms] [WARNING] useFixedContainerSlot must be used within FixedContainerProvider, falling back to safe defaults @ chrome-extension://fmkadmapgofadopljbjfkapdkoienihi/build/installHook.js:0
[ 1787771ms] [WARNING] useFixedContainerSlot must be used within FixedContainerProvider, falling back to safe defaults @ chrome-extension://fmkadmapgofadopljbjfkapdkoienihi/build/installHook.js:0
[ 1787798ms] [WARNING] useFixedContainerSlot must be used within FixedContainerProvider, falling back to safe defaults @ chrome-extension://fmkadmapgofadopljbjfkapdkoienihi/build/installHook.js:0
[ 1787800ms] [WARNING] useFixedContainerSlot must be used within FixedContainerProvider, falling back to safe defaults @ chrome-extension://fmkadmapgofadopljbjfkapdkoienihi/build/installHook.js:0
[ 1787801ms] [WARNING] useFixedContainerSlot must be used within FixedContainerProvider, falling back to safe defaults @ chrome-extension://fmkadmapgofadopljbjfkapdkoienihi/build/installHook.js:0
[ 1787819ms] [WARNING] useFixedContainerSlot must be used within FixedContainerProvider, falling back to safe defaults @ chrome-extension://fmkadmapgofadopljbjfkapdkoienihi/build/installHook.js:0
[ 1787820ms] [WARNING] useFixedContainerSlot must be used within FixedContainerProvider, falling back to safe defaults @ chrome-extension://fmkadmapgofadopljbjfkapdkoienihi/build/installHook.js:0
[ 1787822ms] [WARNING] useFixedContainerSlot must be used within FixedContainerProvider, falling back to safe defaults @ chrome-extension://fmkadmapgofadopljbjfkapdkoienihi/build/installHook.js:0
[ 1787857ms] [LOG] [INFO] [Zhida: Talk] zhida:stream:Answer {message: Object, currentTime: 2026-07-20 21:48:26.572} @ https://unpkg.zhimg.com/@cfe/sentry-script@1.3.1/dist/init.js:0
[ 1787862ms] [LOG] [INFO] [Zhida: Talk] zhida:stream:Answer {message: Object, currentTime: 2026-07-20 21:48:26.577} @ https://unpkg.zhimg.com/@cfe/sentry-script@1.3.1/dist/init.js:0
[ 1787863ms] [WARNING] useFixedContainerSlot must be used within FixedContainerProvider, falling back to safe defaults @ chrome-extension://fmkadmapgofadopljbjfkapdkoienihi/build/installHook.js:0
[ 1787867ms] [WARNING] useFixedContainerSlot must be used within FixedContainerProvider, falling back to safe defaults @ chrome-extension://fmkadmapgofadopljbjfkapdkoienihi/build/installHook.js:0
[ 1787871ms] [WARNING] useFixedContainerSlot must be used within FixedContainerProvider, falling back to safe defaults @ chrome-extension://fmkadmapgofadopljbjfkapdkoienihi/build/installHook.js:0
[ 1787876ms] [WARNING] useFixedContainerSlot must be used within FixedContainerProvider, falling back to safe defaults @ chrome-extension://fmkadmapgofadopljbjfkapdkoienihi/build/installHook.js:0
[ 1787877ms] [WARNING] useFixedContainerSlot must be used within FixedContainerProvider, falling back to safe defaults @ chrome-extension://fmkadmapgofadopljbjfkapdkoienihi/build/installHook.js:0
[ 1787878ms] [WARNING] useFixedContainerSlot must be used within FixedContainerProvider, falling back to safe defaults @ chrome-extension://fmkadmapgofadopljbjfkapdkoienihi/build/installHook.js:0
[ 1787909ms] [WARNING] useFixedContainerSlot must be used within FixedContainerProvider, falling back to safe defaults @ chrome-extension://fmkadmapgofadopljbjfkapdkoienihi/build/installHook.js:0
[ 1787910ms] [WARNING] useFixedContainerSlot must be used within FixedContainerProvider, falling back to safe defaults @ chrome-extension://fmkadmapgofadopljbjfkapdkoienihi/build/installHook.js:0
[ 1787911ms] [WARNING] useFixedContainerSlot must be used within FixedContainerProvider, falling back to safe defaults @ chrome-extension://fmkadmapgofadopljbjfkapdkoienihi/build/installHook.js:0
[ 1787913ms] [LOG] [INFO] [Zhida: Talk] zhida:stream:Answer {message: Object, currentTime: 2026-07-20 21:48:26.628} @ https://unpkg.zhimg.com/@cfe/sentry-script@1.3.1/dist/init.js:0
[ 1787914ms] [WARNING] useFixedContainerSlot must be used within FixedContainerProvider, falling back to safe defaults @ chrome-extension://fmkadmapgofadopljbjfkapdkoienihi/build/installHook.js:0
[ 1787918ms] [WARNING] useFixedContainerSlot must be used within FixedContainerProvider, falling back to safe defaults @ chrome-extension://fmkadmapgofadopljbjfkapdkoienihi/build/installHook.js:0
[ 1787922ms] [WARNING] useFixedContainerSlot must be used within FixedContainerProvider, falling back to safe defaults @ chrome-extension://fmkadmapgofadopljbjfkapdkoienihi/build/installHook.js:0
[ 1787926ms] [WARNING] useFixedContainerSlot must be used within FixedContainerProvider, falling back to safe defaults @ chrome-extension://fmkadmapgofadopljbjfkapdkoienihi/build/installHook.js:0
[ 1787928ms] [WARNING] useFixedContainerSlot must be used within FixedContainerProvider, falling back to safe defaults @ chrome-extension://fmkadmapgofadopljbjfkapdkoienihi/build/installHook.js:0
[ 1787929ms] [WARNING] useFixedContainerSlot must be used within FixedContainerProvider, falling back to safe defaults @ chrome-extension://fmkadmapgofadopljbjfkapdkoienihi/build/installHook.js:0
[ 1787930ms] [LOG] [INFO] [Zhida: Talk] zhida:stream:Answer {message: Object, currentTime: 2026-07-20 21:48:26.645} @ https://unpkg.zhimg.com/@cfe/sentry-script@1.3.1/dist/init.js:0
[ 1787963ms] [LOG] [INFO] [Zhida: Talk] zhida:stream:Answer {message: Object, currentTime: 2026-07-20 21:48:26.677} @ https://unpkg.zhimg.com/@cfe/sentry-script@1.3.1/dist/init.js:0
[ 1787964ms] [WARNING] useFixedContainerSlot must be used within FixedContainerProvider, falling back to safe defaults @ chrome-extension://fmkadmapgofadopljbjfkapdkoienihi/build/installHook.js:0
[ 1787967ms] [WARNING] useFixedContainerSlot must be used within FixedContainerProvider, falling back to safe defaults @ chrome-extension://fmkadmapgofadopljbjfkapdkoienihi/build/installHook.js:0
[ 1787971ms] [WARNING] useFixedContainerSlot must be used within FixedContainerProvider, falling back to safe defaults @ chrome-extension://fmkadmapgofadopljbjfkapdkoienihi/build/installHook.js:0
[ 1787975ms] [WARNING] useFixedContainerSlot must be used within FixedContainerProvider, falling back to safe defaults @ chrome-extension://fmkadmapgofadopljbjfkapdkoienihi/build/installHook.js:0
[ 1787977ms] [WARNING] useFixedContainerSlot must be used within FixedContainerProvider, falling back to safe defaults @ chrome-extension://fmkadmapgofadopljbjfkapdkoienihi/build/installHook.js:0
[ 1787978ms] [WARNING] useFixedContainerSlot must be used within FixedContainerProvider, falling back to safe defaults @ chrome-extension://fmkadmapgofadopljbjfkapdkoienihi/build/installHook.js:0
[ 1787982ms] [LOG] [INFO] [Zhida: Talk] zhida:stream:Answer {message: Object, currentTime: 2026-07-20 21:48:26.696} @ https://unpkg.zhimg.com/@cfe/sentry-script@1.3.1/dist/init.js:0
[ 1788015ms] [LOG] [INFO] [Zhida: Talk] zhida:stream:Answer {message: Object, currentTime: 2026-07-20 21:48:26.730} @ https://unpkg.zhimg.com/@cfe/sentry-script@1.3.1/dist/init.js:0
[ 1788016ms] [WARNING] useFixedContainerSlot must be used within FixedContainerProvider, falling back to safe defaults @ chrome-extension://fmkadmapgofadopljbjfkapdkoienihi/build/installHook.js:0
[ 1788020ms] [WARNING] useFixedContainerSlot must be used within FixedContainerProvider, falling back to safe defaults @ chrome-extension://fmkadmapgofadopljbjfkapdkoienihi/build/installHook.js:0
[ 1788024ms] [WARNING] useFixedContainerSlot must be used within FixedContainerProvider, falling back to safe defaults @ chrome-extension://fmkadmapgofadopljbjfkapdkoienihi/build/installHook.js:0
[ 1788029ms] [WARNING] useFixedContainerSlot must be used within FixedContainerProvider, falling back to safe defaults @ chrome-extension://fmkadmapgofadopljbjfkapdkoienihi/build/installHook.js:0
[ 1788030ms] [WARNING] useFixedContainerSlot must be used within FixedContainerProvider, falling back to safe defaults @ chrome-extension://fmkadmapgofadopljbjfkapdkoienihi/build/installHook.js:0
[ 1788031ms] [WARNING] useFixedContainerSlot must be used within FixedContainerProvider, falling back to safe defaults @ chrome-extension://fmkadmapgofadopljbjfkapdkoienihi/build/installHook.js:0
[ 1788033ms] [LOG] [INFO] [Zhida: Talk] zhida:stream:Answer {message: Object, currentTime: 2026-07-20 21:48:26.747} @ https://unpkg.zhimg.com/@cfe/sentry-script@1.3.1/dist/init.js:0
[ 1788068ms] [LOG] [INFO] [Zhida: Talk] zhida:stream:Answer {message: Object, currentTime: 2026-07-20 21:48:26.783} @ https://unpkg.zhimg.com/@cfe/sentry-script@1.3.1/dist/init.js:0
[ 1788070ms] [WARNING] useFixedContainerSlot must be used within FixedContainerProvider, falling back to safe defaults @ chrome-extension://fmkadmapgofadopljbjfkapdkoienihi/build/installHook.js:0
[ 1788074ms] [WARNING] useFixedContainerSlot must be used within FixedContainerProvider, falling back to safe defaults @ chrome-extension://fmkadmapgofadopljbjfkapdkoienihi/build/installHook.js:0
[ 1788077ms] [WARNING] useFixedContainerSlot must be used within FixedContainerProvider, falling back to safe defaults @ chrome-extension://fmkadmapgofadopljbjfkapdkoienihi/build/installHook.js:0
[ 1788082ms] [WARNING] useFixedContainerSlot must be used within FixedContainerProvider, falling back to safe defaults @ chrome-extension://fmkadmapgofadopljbjfkapdkoienihi/build/installHook.js:0
[ 1788083ms] [WARNING] useFixedContainerSlot must be used within FixedContainerProvider, falling back to safe defaults @ chrome-extension://fmkadmapgofadopljbjfkapdkoienihi/build/installHook.js:0
[ 1788085ms] [WARNING] useFixedContainerSlot must be used within FixedContainerProvider, falling back to safe defaults @ chrome-extension://fmkadmapgofadopljbjfkapdkoienihi/build/installHook.js:0
[ 1788126ms] [LOG] [INFO] [Zhida: Talk] zhida:stream:Answer {message: Object, currentTime: 2026-07-20 21:48:26.840} @ https://unpkg.zhimg.com/@cfe/sentry-script@1.3.1/dist/init.js:0
[ 1788126ms] [WARNING] useFixedContainerSlot must be used within FixedContainerProvider, falling back to safe defaults @ chrome-extension://fmkadmapgofadopljbjfkapdkoienihi/build/installHook.js:0
[ 1788130ms] [WARNING] useFixedContainerSlot must be used within FixedContainerProvider, falling back to safe defaults @ chrome-extension://fmkadmapgofadopljbjfkapdkoienihi/build/installHook.js:0
[ 1788134ms] [WARNING] useFixedContainerSlot must be used within FixedContainerProvider, falling back to safe defaults @ chrome-extension://fmkadmapgofadopljbjfkapdkoienihi/build/installHook.js:0
[ 1788138ms] [WARNING] useFixedContainerSlot must be used within FixedContainerProvider, falling back to safe defaults @ chrome-extension://fmkadmapgofadopljbjfkapdkoienihi/build/installHook.js:0
[ 1788140ms] [WARNING] useFixedContainerSlot must be used within FixedContainerProvider, falling back to safe defaults @ chrome-extension://fmkadmapgofadopljbjfkapdkoienihi/build/installHook.js:0
[ 1788141ms] [WARNING] useFixedContainerSlot must be used within FixedContainerProvider, falling back to safe defaults @ chrome-extension://fmkadmapgofadopljbjfkapdkoienihi/build/installHook.js:0
[ 1788143ms] [LOG] [INFO] [Zhida: Talk] zhida:stream:Answer {message: Object, currentTime: 2026-07-20 21:48:26.857} @ https://unpkg.zhimg.com/@cfe/sentry-script@1.3.1/dist/init.js:0
[ 1788152ms] [WARNING] useFixedContainerSlot must be used within FixedContainerProvider, falling back to safe defaults @ chrome-extension://fmkadmapgofadopljbjfkapdkoienihi/build/installHook.js:0
[ 1788153ms] [WARNING] useFixedContainerSlot must be used within FixedContainerProvider, falling back to safe defaults @ chrome-extension://fmkadmapgofadopljbjfkapdkoienihi/build/installHook.js:0
[ 1788154ms] [WARNING] useFixedContainerSlot must be used within FixedContainerProvider, falling back to safe defaults @ chrome-extension://fmkadmapgofadopljbjfkapdkoienihi/build/installHook.js:0
[ 1788175ms] [LOG] [INFO] [Zhida: Talk] zhida:stream:Answer {message: Object, currentTime: 2026-07-20 21:48:26.890} @ https://unpkg.zhimg.com/@cfe/sentry-script@1.3.1/dist/init.js:0
[ 1788176ms] [WARNING] useFixedContainerSlot must be used within FixedContainerProvider, falling back to safe defaults @ chrome-extension://fmkadmapgofadopljbjfkapdkoienihi/build/installHook.js:0
[ 1788180ms] [WARNING] useFixedContainerSlot must be used within FixedContainerProvider, falling back to safe defaults @ chrome-extension://fmkadmapgofadopljbjfkapdkoienihi/build/installHook.js:0
[ 1788184ms] [WARNING] useFixedContainerSlot must be used within FixedContainerProvider, falling back to safe defaults @ chrome-extension://fmkadmapgofadopljbjfkapdkoienihi/build/installHook.js:0
[ 1788188ms] [WARNING] useFixedContainerSlot must be used within FixedContainerProvider, falling back to safe defaults @ chrome-extension://fmkadmapgofadopljbjfkapdkoienihi/build/installHook.js:0
[ 1788190ms] [WARNING] useFixedContainerSlot must be used within FixedContainerProvider, falling back to safe defaults @ chrome-extension://fmkadmapgofadopljbjfkapdkoienihi/build/installHook.js:0
[ 1788191ms] [WARNING] useFixedContainerSlot must be used within FixedContainerProvider, falling back to safe defaults @ chrome-extension://fmkadmapgofadopljbjfkapdkoienihi/build/installHook.js:0
[ 1788192ms] [LOG] [INFO] [Zhida: Talk] zhida:stream:Answer {message: Object, currentTime: 2026-07-20 21:48:26.907} @ https://unpkg.zhimg.com/@cfe/sentry-script@1.3.1/dist/init.js:0
[ 1788207ms] [LOG] [INFO] [Zhida: Talk] zhida:stream:Answer {message: Object, currentTime: 2026-07-20 21:48:26.922} @ https://unpkg.zhimg.com/@cfe/sentry-script@1.3.1/dist/init.js:0
[ 1788227ms] [LOG] [INFO] [Zhida: Talk] zhida:stream:Answer {message: Object, currentTime: 2026-07-20 21:48:26.942} @ https://unpkg.zhimg.com/@cfe/sentry-script@1.3.1/dist/init.js:0
[ 1788228ms] [WARNING] useFixedContainerSlot must be used within FixedContainerProvider, falling back to safe defaults @ chrome-extension://fmkadmapgofadopljbjfkapdkoienihi/build/installHook.js:0
[ 1788232ms] [WARNING] useFixedContainerSlot must be used within FixedContainerProvider, falling back to safe defaults @ chrome-extension://fmkadmapgofadopljbjfkapdkoienihi/build/installHook.js:0
[ 1788236ms] [WARNING] useFixedContainerSlot must be used within FixedContainerProvider, falling back to safe defaults @ chrome-extension://fmkadmapgofadopljbjfkapdkoienihi/build/installHook.js:0
[ 1788240ms] [WARNING] useFixedContainerSlot must be used within FixedContainerProvider, falling back to safe defaults @ chrome-extension://fmkadmapgofadopljbjfkapdkoienihi/build/installHook.js:0
[ 1788242ms] [WARNING] useFixedContainerSlot must be used within FixedContainerProvider, falling back to safe defaults @ chrome-extension://fmkadmapgofadopljbjfkapdkoienihi/build/installHook.js:0
[ 1788243ms] [WARNING] useFixedContainerSlot must be used within FixedContainerProvider, falling back to safe defaults @ chrome-extension://fmkadmapgofadopljbjfkapdkoienihi/build/installHook.js:0
[ 1788247ms] [LOG] [INFO] [Zhida: Talk] zhida:stream:Answer {message: Object, currentTime: 2026-07-20 21:48:26.962} @ https://unpkg.zhimg.com/@cfe/sentry-script@1.3.1/dist/init.js:0
[ 1788258ms] [WARNING] useFixedContainerSlot must be used within FixedContainerProvider, falling back to safe defaults @ chrome-extension://fmkadmapgofadopljbjfkapdkoienihi/build/installHook.js:0
[ 1788319ms] [WARNING] useFixedContainerSlot must be used within FixedContainerProvider, falling back to safe defaults @ chrome-extension://fmkadmapgofadopljbjfkapdkoienihi/build/installHook.js:0
[ 1788320ms] [WARNING] useFixedContainerSlot must be used within FixedContainerProvider, falling back to safe defaults @ chrome-extension://fmkadmapgofadopljbjfkapdkoienihi/build/installHook.js:0
[ 1788321ms] [WARNING] useFixedContainerSlot must be used within FixedContainerProvider, falling back to safe defaults @ chrome-extension://fmkadmapgofadopljbjfkapdkoienihi/build/installHook.js:0
[ 1788335ms] [LOG] [INFO] [Zhida: Talk] zhida:stream:Answer {message: Object, currentTime: 2026-07-20 21:48:27.050} @ https://unpkg.zhimg.com/@cfe/sentry-script@1.3.1/dist/init.js:0
[ 1788336ms] [WARNING] useFixedContainerSlot must be used within FixedContainerProvider, falling back to safe defaults @ chrome-extension://fmkadmapgofadopljbjfkapdkoienihi/build/installHook.js:0
[ 1788340ms] [WARNING] useFixedContainerSlot must be used within FixedContainerProvider, falling back to safe defaults @ chrome-extension://fmkadmapgofadopljbjfkapdkoienihi/build/installHook.js:0
[ 1788344ms] [WARNING] useFixedContainerSlot must be used within FixedContainerProvider, falling back to safe defaults @ chrome-extension://fmkadmapgofadopljbjfkapdkoienihi/build/installHook.js:0
[ 1788349ms] [WARNING] useFixedContainerSlot must be used within FixedContainerProvider, falling back to safe defaults @ chrome-extension://fmkadmapgofadopljbjfkapdkoienihi/build/installHook.js:0
[ 1788351ms] [WARNING] useFixedContainerSlot must be used within FixedContainerProvider, falling back to safe defaults @ chrome-extension://fmkadmapgofadopljbjfkapdkoienihi/build/installHook.js:0
[ 1788352ms] [WARNING] useFixedContainerSlot must be used within FixedContainerProvider, falling back to safe defaults @ chrome-extension://fmkadmapgofadopljbjfkapdkoienihi/build/installHook.js:0
[ 1788353ms] [LOG] [INFO] [Zhida: Talk] zhida:stream:Answer {message: Object, currentTime: 2026-07-20 21:48:27.068} @ https://unpkg.zhimg.com/@cfe/sentry-script@1.3.1/dist/init.js:0
[ 1788423ms] [WARNING] useFixedContainerSlot must be used within FixedContainerProvider, falling back to safe defaults @ chrome-extension://fmkadmapgofadopljbjfkapdkoienihi/build/installHook.js:0
[ 1788424ms] [WARNING] useFixedContainerSlot must be used within FixedContainerProvider, falling back to safe defaults @ chrome-extension://fmkadmapgofadopljbjfkapdkoienihi/build/installHook.js:0
[ 1788426ms] [WARNING] useFixedContainerSlot must be used within FixedContainerProvider, falling back to safe defaults @ chrome-extension://fmkadmapgofadopljbjfkapdkoienihi/build/installHook.js:0
[ 1788443ms] [WARNING] useFixedContainerSlot must be used within FixedContainerProvider, falling back to safe defaults @ chrome-extension://fmkadmapgofadopljbjfkapdkoienihi/build/installHook.js:0
[ 1788444ms] [WARNING] useFixedContainerSlot must be used within FixedContainerProvider, falling back to safe defaults @ chrome-extension://fmkadmapgofadopljbjfkapdkoienihi/build/installHook.js:0
[ 1788445ms] [WARNING] useFixedContainerSlot must be used within FixedContainerProvider, falling back to safe defaults @ chrome-extension://fmkadmapgofadopljbjfkapdkoienihi/build/installHook.js:0
[ 1788447ms] [LOG] [INFO] [Zhida: Talk] zhida:stream:Answer {message: Object, currentTime: 2026-07-20 21:48:27.162} @ https://unpkg.zhimg.com/@cfe/sentry-script@1.3.1/dist/init.js:0
[ 1788471ms] [LOG] [INFO] [Zhida: Talk] zhida:stream:HeartBeat {message: Object, currentTime: 2026-07-20 21:48:27.185} @ https://unpkg.zhimg.com/@cfe/sentry-script@1.3.1/dist/init.js:0
[ 1788476ms] [LOG] [INFO] [Zhida: Talk] zhida:stream:Answer {message: Object, currentTime: 2026-07-20 21:48:27.191} @ https://unpkg.zhimg.com/@cfe/sentry-script@1.3.1/dist/init.js:0
[ 1788477ms] [WARNING] useFixedContainerSlot must be used within FixedContainerProvider, falling back to safe defaults @ chrome-extension://fmkadmapgofadopljbjfkapdkoienihi/build/installHook.js:0
[ 1788481ms] [WARNING] useFixedContainerSlot must be used within FixedContainerProvider, falling back to safe defaults @ chrome-extension://fmkadmapgofadopljbjfkapdkoienihi/build/installHook.js:0
[ 1788485ms] [WARNING] useFixedContainerSlot must be used within FixedContainerProvider, falling back to safe defaults @ chrome-extension://fmkadmapgofadopljbjfkapdkoienihi/build/installHook.js:0
[ 1788490ms] [WARNING] useFixedContainerSlot must be used within FixedContainerProvider, falling back to safe defaults @ chrome-extension://fmkadmapgofadopljbjfkapdkoienihi/build/installHook.js:0
[ 1788491ms] [WARNING] useFixedContainerSlot must be used within FixedContainerProvider, falling back to safe defaults @ chrome-extension://fmkadmapgofadopljbjfkapdkoienihi/build/installHook.js:0
[ 1788493ms] [WARNING] useFixedContainerSlot must be used within FixedContainerProvider, falling back to safe defaults @ chrome-extension://fmkadmapgofadopljbjfkapdkoienihi/build/installHook.js:0
[ 1788494ms] [WARNING] useFixedContainerSlot must be used within FixedContainerProvider, falling back to safe defaults @ chrome-extension://fmkadmapgofadopljbjfkapdkoienihi/build/installHook.js:0
[ 1788496ms] [WARNING] useFixedContainerSlot must be used within FixedContainerProvider, falling back to safe defaults @ chrome-extension://fmkadmapgofadopljbjfkapdkoienihi/build/installHook.js:0
[ 1788497ms] [WARNING] useFixedContainerSlot must be used within FixedContainerProvider, falling back to safe defaults @ chrome-extension://fmkadmapgofadopljbjfkapdkoienihi/build/installHook.js:0
[ 1788502ms] [LOG] [INFO] [Zhida: Talk] zhida:stream:Answer {message: Object, currentTime: 2026-07-20 21:48:27.216} @ https://unpkg.zhimg.com/@cfe/sentry-script@1.3.1/dist/init.js:0
[ 1788547ms] [LOG] [INFO] [Zhida: Talk] zhida:stream:Answer {message: Object, currentTime: 2026-07-20 21:48:27.262} @ https://unpkg.zhimg.com/@cfe/sentry-script@1.3.1/dist/init.js:0
[ 1788552ms] [LOG] [INFO] [Zhida: Talk] zhida:stream:Answer {message: Object, currentTime: 2026-07-20 21:48:27.266} @ https://unpkg.zhimg.com/@cfe/sentry-script@1.3.1/dist/init.js:0
[ 1788553ms] [WARNING] useFixedContainerSlot must be used within FixedContainerProvider, falling back to safe defaults @ chrome-extension://fmkadmapgofadopljbjfkapdkoienihi/build/installHook.js:0
[ 1788557ms] [WARNING] useFixedContainerSlot must be used within FixedContainerProvider, falling back to safe defaults @ chrome-extension://fmkadmapgofadopljbjfkapdkoienihi/build/installHook.js:0
[ 1788561ms] [WARNING] useFixedContainerSlot must be used within FixedContainerProvider, falling back to safe defaults @ chrome-extension://fmkadmapgofadopljbjfkapdkoienihi/build/installHook.js:0
[ 1788565ms] [WARNING] useFixedContainerSlot must be used within FixedContainerProvider, falling back to safe defaults @ chrome-extension://fmkadmapgofadopljbjfkapdkoienihi/build/installHook.js:0
[ 1788567ms] [WARNING] useFixedContainerSlot must be used within FixedContainerProvider, falling back to safe defaults @ chrome-extension://fmkadmapgofadopljbjfkapdkoienihi/build/installHook.js:0
[ 1788568ms] [WARNING] useFixedContainerSlot must be used within FixedContainerProvider, falling back to safe defaults @ chrome-extension://fmkadmapgofadopljbjfkapdkoienihi/build/installHook.js:0
[ 1788574ms] [LOG] [INFO] [Zhida: Talk] zhida:stream:Answer {message: Object, currentTime: 2026-07-20 21:48:27.289} @ https://unpkg.zhimg.com/@cfe/sentry-script@1.3.1/dist/init.js:0
[ 1788575ms] [WARNING] useFixedContainerSlot must be used within FixedContainerProvider, falling back to safe defaults @ chrome-extension://fmkadmapgofadopljbjfkapdkoienihi/build/installHook.js:0
[ 1788579ms] [WARNING] useFixedContainerSlot must be used within FixedContainerProvider, falling back to safe defaults @ chrome-extension://fmkadmapgofadopljbjfkapdkoienihi/build/installHook.js:0
[ 1788582ms] [WARNING] useFixedContainerSlot must be used within FixedContainerProvider, falling back to safe defaults @ chrome-extension://fmkadmapgofadopljbjfkapdkoienihi/build/installHook.js:0
[ 1788587ms] [WARNING] useFixedContainerSlot must be used within FixedContainerProvider, falling back to safe defaults @ chrome-extension://fmkadmapgofadopljbjfkapdkoienihi/build/installHook.js:0
[ 1788589ms] [WARNING] useFixedContainerSlot must be used within FixedContainerProvider, falling back to safe defaults @ chrome-extension://fmkadmapgofadopljbjfkapdkoienihi/build/installHook.js:0
[ 1788590ms] [WARNING] useFixedContainerSlot must be used within FixedContainerProvider, falling back to safe defaults @ chrome-extension://fmkadmapgofadopljbjfkapdkoienihi/build/installHook.js:0
[ 1788598ms] [LOG] [INFO] [Zhida: Talk] zhida:stream:Answer {message: Object, currentTime: 2026-07-20 21:48:27.312} @ https://unpkg.zhimg.com/@cfe/sentry-script@1.3.1/dist/init.js:0
[ 1788719ms] [WARNING] useFixedContainerSlot must be used within FixedContainerProvider, falling back to safe defaults @ chrome-extension://fmkadmapgofadopljbjfkapdkoienihi/build/installHook.js:0
[ 1788721ms] [WARNING] useFixedContainerSlot must be used within FixedContainerProvider, falling back to safe defaults @ chrome-extension://fmkadmapgofadopljbjfkapdkoienihi/build/installHook.js:0
[ 1788722ms] [WARNING] useFixedContainerSlot must be used within FixedContainerProvider, falling back to safe defaults @ chrome-extension://fmkadmapgofadopljbjfkapdkoienihi/build/installHook.js:0
[ 1788729ms] [WARNING] useFixedContainerSlot must be used within FixedContainerProvider, falling back to safe defaults @ chrome-extension://fmkadmapgofadopljbjfkapdkoienihi/build/installHook.js:0
[ 1788730ms] [WARNING] useFixedContainerSlot must be used within FixedContainerProvider, falling back to safe defaults @ chrome-extension://fmkadmapgofadopljbjfkapdkoienihi/build/installHook.js:0
[ 1788731ms] [WARNING] useFixedContainerSlot must be used within FixedContainerProvider, falling back to safe defaults @ chrome-extension://fmkadmapgofadopljbjfkapdkoienihi/build/installHook.js:0
[ 1788760ms] [WARNING] useFixedContainerSlot must be used within FixedContainerProvider, falling back to safe defaults @ chrome-extension://fmkadmapgofadopljbjfkapdkoienihi/build/installHook.js:0
[ 1788816ms] [LOG] [INFO] [Zhida: Talk] zhida:stream:Answer {message: Object, currentTime: 2026-07-20 21:48:27.530} @ https://unpkg.zhimg.com/@cfe/sentry-script@1.3.1/dist/init.js:0
[ 1788821ms] [LOG] [INFO] [Zhida: Talk] zhida:stream:Answer {message: Object, currentTime: 2026-07-20 21:48:27.536} @ https://unpkg.zhimg.com/@cfe/sentry-script@1.3.1/dist/init.js:0
[ 1788822ms] [WARNING] useFixedContainerSlot must be used within FixedContainerProvider, falling back to safe defaults @ chrome-extension://fmkadmapgofadopljbjfkapdkoienihi/build/installHook.js:0
[ 1788826ms] [WARNING] useFixedContainerSlot must be used within FixedContainerProvider, falling back to safe defaults @ chrome-extension://fmkadmapgofadopljbjfkapdkoienihi/build/installHook.js:0
[ 1788830ms] [WARNING] useFixedContainerSlot must be used within FixedContainerProvider, falling back to safe defaults @ chrome-extension://fmkadmapgofadopljbjfkapdkoienihi/build/installHook.js:0
[ 1788835ms] [WARNING] useFixedContainerSlot must be used within FixedContainerProvider, falling back to safe defaults @ chrome-extension://fmkadmapgofadopljbjfkapdkoienihi/build/installHook.js:0
[ 1788836ms] [WARNING] useFixedContainerSlot must be used within FixedContainerProvider, falling back to safe defaults @ chrome-extension://fmkadmapgofadopljbjfkapdkoienihi/build/installHook.js:0
[ 1788838ms] [WARNING] useFixedContainerSlot must be used within FixedContainerProvider, falling back to safe defaults @ chrome-extension://fmkadmapgofadopljbjfkapdkoienihi/build/installHook.js:0
[ 1788839ms] [LOG] [INFO] [Zhida: Talk] zhida:stream:Answer {message: Object, currentTime: 2026-07-20 21:48:27.554} @ https://unpkg.zhimg.com/@cfe/sentry-script@1.3.1/dist/init.js:0
[ 1788845ms] [LOG] [INFO] [Zhida: Talk] zhida:stream:Answer {message: Object, currentTime: 2026-07-20 21:48:27.559} @ https://unpkg.zhimg.com/@cfe/sentry-script@1.3.1/dist/init.js:0
[ 1788845ms] [WARNING] useFixedContainerSlot must be used within FixedContainerProvider, falling back to safe defaults @ chrome-extension://fmkadmapgofadopljbjfkapdkoienihi/build/installHook.js:0
[ 1788849ms] [WARNING] useFixedContainerSlot must be used within FixedContainerProvider, falling back to safe defaults @ chrome-extension://fmkadmapgofadopljbjfkapdkoienihi/build/installHook.js:0
[ 1788853ms] [WARNING] useFixedContainerSlot must be used within FixedContainerProvider, falling back to safe defaults @ chrome-extension://fmkadmapgofadopljbjfkapdkoienihi/build/installHook.js:0
[ 1788857ms] [WARNING] useFixedContainerSlot must be used within FixedContainerProvider, falling back to safe defaults @ chrome-extension://fmkadmapgofadopljbjfkapdkoienihi/build/installHook.js:0
[ 1788859ms] [WARNING] useFixedContainerSlot must be used within FixedContainerProvider, falling back to safe defaults @ chrome-extension://fmkadmapgofadopljbjfkapdkoienihi/build/installHook.js:0
[ 1788860ms] [WARNING] useFixedContainerSlot must be used within FixedContainerProvider, falling back to safe defaults @ chrome-extension://fmkadmapgofadopljbjfkapdkoienihi/build/installHook.js:0
[ 1788861ms] [LOG] [INFO] [Zhida: Talk] zhida:stream:Answer {message: Object, currentTime: 2026-07-20 21:48:27.576} @ https://unpkg.zhimg.com/@cfe/sentry-script@1.3.1/dist/init.js:0
[ 1788862ms] [WARNING] useFixedContainerSlot must be used within FixedContainerProvider, falling back to safe defaults @ chrome-extension://fmkadmapgofadopljbjfkapdkoienihi/build/installHook.js:0
[ 1788866ms] [WARNING] useFixedContainerSlot must be used within FixedContainerProvider, falling back to safe defaults @ chrome-extension://fmkadmapgofadopljbjfkapdkoienihi/build/installHook.js:0
[ 1788869ms] [WARNING] useFixedContainerSlot must be used within FixedContainerProvider, falling back to safe defaults @ chrome-extension://fmkadmapgofadopljbjfkapdkoienihi/build/installHook.js:0
[ 1788877ms] [WARNING] useFixedContainerSlot must be used within FixedContainerProvider, falling back to safe defaults @ chrome-extension://fmkadmapgofadopljbjfkapdkoienihi/build/installHook.js:0
[ 1788878ms] [WARNING] useFixedContainerSlot must be used within FixedContainerProvider, falling back to safe defaults @ chrome-extension://fmkadmapgofadopljbjfkapdkoienihi/build/installHook.js:0
[ 1788880ms] [WARNING] useFixedContainerSlot must be used within FixedContainerProvider, falling back to safe defaults @ chrome-extension://fmkadmapgofadopljbjfkapdkoienihi/build/installHook.js:0
[ 1788885ms] [LOG] [INFO] [Zhida: Talk] zhida:stream:Answer {message: Object, currentTime: 2026-07-20 21:48:27.599} @ https://unpkg.zhimg.com/@cfe/sentry-script@1.3.1/dist/init.js:0
[ 1788885ms] [WARNING] useFixedContainerSlot must be used within FixedContainerProvider, falling back to safe defaults @ chrome-extension://fmkadmapgofadopljbjfkapdkoienihi/build/installHook.js:0
[ 1788889ms] [WARNING] useFixedContainerSlot must be used within FixedContainerProvider, falling back to safe defaults @ chrome-extension://fmkadmapgofadopljbjfkapdkoienihi/build/installHook.js:0
[ 1788893ms] [WARNING] useFixedContainerSlot must be used within FixedContainerProvider, falling back to safe defaults @ chrome-extension://fmkadmapgofadopljbjfkapdkoienihi/build/installHook.js:0
[ 1788897ms] [WARNING] useFixedContainerSlot must be used within FixedContainerProvider, falling back to safe defaults @ chrome-extension://fmkadmapgofadopljbjfkapdkoienihi/build/installHook.js:0
[ 1788899ms] [WARNING] useFixedContainerSlot must be used within FixedContainerProvider, falling back to safe defaults @ chrome-extension://fmkadmapgofadopljbjfkapdkoienihi/build/installHook.js:0
[ 1788900ms] [WARNING] useFixedContainerSlot must be used within FixedContainerProvider, falling back to safe defaults @ chrome-extension://fmkadmapgofadopljbjfkapdkoienihi/build/installHook.js:0
[ 1788903ms] [LOG] [INFO] [Zhida: Talk] zhida:stream:Answer {message: Object, currentTime: 2026-07-20 21:48:27.617} @ https://unpkg.zhimg.com/@cfe/sentry-script@1.3.1/dist/init.js:0
[ 1788914ms] [WARNING] useFixedContainerSlot must be used within FixedContainerProvider, falling back to safe defaults @ chrome-extension://fmkadmapgofadopljbjfkapdkoienihi/build/installHook.js:0
[ 1788915ms] [WARNING] useFixedContainerSlot must be used within FixedContainerProvider, falling back to safe defaults @ chrome-extension://fmkadmapgofadopljbjfkapdkoienihi/build/installHook.js:0
[ 1788916ms] [WARNING] useFixedContainerSlot must be used within FixedContainerProvider, falling back to safe defaults @ chrome-extension://fmkadmapgofadopljbjfkapdkoienihi/build/installHook.js:0
[ 1788973ms] [LOG] [INFO] [Zhida: Talk] zhida:stream:Answer {message: Object, currentTime: 2026-07-20 21:48:27.687} @ https://unpkg.zhimg.com/@cfe/sentry-script@1.3.1/dist/init.js:0
[ 1788983ms] [LOG] [INFO] [Zhida: Talk] zhida:stream:Answer {message: Object, currentTime: 2026-07-20 21:48:27.697} @ https://unpkg.zhimg.com/@cfe/sentry-script@1.3.1/dist/init.js:0
[ 1788984ms] [WARNING] useFixedContainerSlot must be used within FixedContainerProvider, falling back to safe defaults @ chrome-extension://fmkadmapgofadopljbjfkapdkoienihi/build/installHook.js:0
[ 1788988ms] [WARNING] useFixedContainerSlot must be used within FixedContainerProvider, falling back to safe defaults @ chrome-extension://fmkadmapgofadopljbjfkapdkoienihi/build/installHook.js:0
[ 1788991ms] [WARNING] useFixedContainerSlot must be used within FixedContainerProvider, falling back to safe defaults @ chrome-extension://fmkadmapgofadopljbjfkapdkoienihi/build/installHook.js:0
[ 1788996ms] [WARNING] useFixedContainerSlot must be used within FixedContainerProvider, falling back to safe defaults @ chrome-extension://fmkadmapgofadopljbjfkapdkoienihi/build/installHook.js:0
[ 1788998ms] [WARNING] useFixedContainerSlot must be used within FixedContainerProvider, falling back to safe defaults @ chrome-extension://fmkadmapgofadopljbjfkapdkoienihi/build/installHook.js:0
[ 1788999ms] [WARNING] useFixedContainerSlot must be used within FixedContainerProvider, falling back to safe defaults @ chrome-extension://fmkadmapgofadopljbjfkapdkoienihi/build/installHook.js:0
[ 1789009ms] [WARNING] useFixedContainerSlot must be used within FixedContainerProvider, falling back to safe defaults @ chrome-extension://fmkadmapgofadopljbjfkapdkoienihi/build/installHook.js:0
[ 1789010ms] [WARNING] useFixedContainerSlot must be used within FixedContainerProvider, falling back to safe defaults @ chrome-extension://fmkadmapgofadopljbjfkapdkoienihi/build/installHook.js:0
[ 1789011ms] [WARNING] useFixedContainerSlot must be used within FixedContainerProvider, falling back to safe defaults @ chrome-extension://fmkadmapgofadopljbjfkapdkoienihi/build/installHook.js:0
[ 1789023ms] [LOG] [INFO] [Zhida: Talk] zhida:stream:Answer {message: Object, currentTime: 2026-07-20 21:48:27.737} @ https://unpkg.zhimg.com/@cfe/sentry-script@1.3.1/dist/init.js:0
[ 1789031ms] [LOG] [INFO] [Zhida: Talk] zhida:stream:Answer {message: Object, currentTime: 2026-07-20 21:48:27.746} @ https://unpkg.zhimg.com/@cfe/sentry-script@1.3.1/dist/init.js:0
[ 1789032ms] [WARNING] useFixedContainerSlot must be used within FixedContainerProvider, falling back to safe defaults @ chrome-extension://fmkadmapgofadopljbjfkapdkoienihi/build/installHook.js:0
[ 1789036ms] [WARNING] useFixedContainerSlot must be used within FixedContainerProvider, falling back to safe defaults @ chrome-extension://fmkadmapgofadopljbjfkapdkoienihi/build/installHook.js:0
[ 1789040ms] [WARNING] useFixedContainerSlot must be used within FixedContainerProvider, falling back to safe defaults @ chrome-extension://fmkadmapgofadopljbjfkapdkoienihi/build/installHook.js:0
[ 1789045ms] [WARNING] useFixedContainerSlot must be used within FixedContainerProvider, falling back to safe defaults @ chrome-extension://fmkadmapgofadopljbjfkapdkoienihi/build/installHook.js:0
[ 1789046ms] [WARNING] useFixedContainerSlot must be used within FixedContainerProvider, falling back to safe defaults @ chrome-extension://fmkadmapgofadopljbjfkapdkoienihi/build/installHook.js:0
[ 1789048ms] [WARNING] useFixedContainerSlot must be used within FixedContainerProvider, falling back to safe defaults @ chrome-extension://fmkadmapgofadopljbjfkapdkoienihi/build/installHook.js:0
[ 1789141ms] [LOG] [INFO] [Zhida: Talk] zhida:stream:Answer {message: Object, currentTime: 2026-07-20 21:48:27.855} @ https://unpkg.zhimg.com/@cfe/sentry-script@1.3.1/dist/init.js:0
[ 1789142ms] [WARNING] useFixedContainerSlot must be used within FixedContainerProvider, falling back to safe defaults @ chrome-extension://fmkadmapgofadopljbjfkapdkoienihi/build/installHook.js:0
[ 1789146ms] [WARNING] useFixedContainerSlot must be used within FixedContainerProvider, falling back to safe defaults @ chrome-extension://fmkadmapgofadopljbjfkapdkoienihi/build/installHook.js:0
[ 1789149ms] [WARNING] useFixedContainerSlot must be used within FixedContainerProvider, falling back to safe defaults @ chrome-extension://fmkadmapgofadopljbjfkapdkoienihi/build/installHook.js:0
[ 1789154ms] [WARNING] useFixedContainerSlot must be used within FixedContainerProvider, falling back to safe defaults @ chrome-extension://fmkadmapgofadopljbjfkapdkoienihi/build/installHook.js:0
[ 1789156ms] [WARNING] useFixedContainerSlot must be used within FixedContainerProvider, falling back to safe defaults @ chrome-extension://fmkadmapgofadopljbjfkapdkoienihi/build/installHook.js:0
[ 1789157ms] [WARNING] useFixedContainerSlot must be used within FixedContainerProvider, falling back to safe defaults @ chrome-extension://fmkadmapgofadopljbjfkapdkoienihi/build/installHook.js:0
[ 1789172ms] [WARNING] useFixedContainerSlot must be used within FixedContainerProvider, falling back to safe defaults @ chrome-extension://fmkadmapgofadopljbjfkapdkoienihi/build/installHook.js:0
[ 1789173ms] [WARNING] useFixedContainerSlot must be used within FixedContainerProvider, falling back to safe defaults @ chrome-extension://fmkadmapgofadopljbjfkapdkoienihi/build/installHook.js:0
[ 1789174ms] [WARNING] useFixedContainerSlot must be used within FixedContainerProvider, falling back to safe defaults @ chrome-extension://fmkadmapgofadopljbjfkapdkoienihi/build/installHook.js:0
[ 1789179ms] [LOG] [INFO] [Zhida: Talk] zhida:stream:Answer {message: Object, currentTime: 2026-07-20 21:48:27.894} @ https://unpkg.zhimg.com/@cfe/sentry-script@1.3.1/dist/init.js:0
[ 1789184ms] [LOG] [INFO] [Zhida: Talk] zhida:stream:Answer {message: Object, currentTime: 2026-07-20 21:48:27.899} @ https://unpkg.zhimg.com/@cfe/sentry-script@1.3.1/dist/init.js:0
[ 1789195ms] [LOG] [INFO] [Zhida: Talk] zhida:stream:Answer {message: Object, currentTime: 2026-07-20 21:48:27.909} @ https://unpkg.zhimg.com/@cfe/sentry-script@1.3.1/dist/init.js:0
[ 1789196ms] [WARNING] useFixedContainerSlot must be used within FixedContainerProvider, falling back to safe defaults @ chrome-extension://fmkadmapgofadopljbjfkapdkoienihi/build/installHook.js:0
[ 1789200ms] [WARNING] useFixedContainerSlot must be used within FixedContainerProvider, falling back to safe defaults @ chrome-extension://fmkadmapgofadopljbjfkapdkoienihi/build/installHook.js:0
[ 1789204ms] [WARNING] useFixedContainerSlot must be used within FixedContainerProvider, falling back to safe defaults @ chrome-extension://fmkadmapgofadopljbjfkapdkoienihi/build/installHook.js:0
[ 1789208ms] [WARNING] useFixedContainerSlot must be used within FixedContainerProvider, falling back to safe defaults @ chrome-extension://fmkadmapgofadopljbjfkapdkoienihi/build/installHook.js:0
[ 1789210ms] [WARNING] useFixedContainerSlot must be used within FixedContainerProvider, falling back to safe defaults @ chrome-extension://fmkadmapgofadopljbjfkapdkoienihi/build/installHook.js:0
[ 1789211ms] [WARNING] useFixedContainerSlot must be used within FixedContainerProvider, falling back to safe defaults @ chrome-extension://fmkadmapgofadopljbjfkapdkoienihi/build/installHook.js:0
[ 1789213ms] [WARNING] useFixedContainerSlot must be used within FixedContainerProvider, falling back to safe defaults @ chrome-extension://fmkadmapgofadopljbjfkapdkoienihi/build/installHook.js:0
[ 1789214ms] [WARNING] useFixedContainerSlot must be used within FixedContainerProvider, falling back to safe defaults @ chrome-extension://fmkadmapgofadopljbjfkapdkoienihi/build/installHook.js:0
[ 1789215ms] [WARNING] useFixedContainerSlot must be used within FixedContainerProvider, falling back to safe defaults @ chrome-extension://fmkadmapgofadopljbjfkapdkoienihi/build/installHook.js:0
[ 1789230ms] [WARNING] useFixedContainerSlot must be used within FixedContainerProvider, falling back to safe defaults @ chrome-extension://fmkadmapgofadopljbjfkapdkoienihi/build/installHook.js:0
[ 1789231ms] [WARNING] useFixedContainerSlot must be used within FixedContainerProvider, falling back to safe defaults @ chrome-extension://fmkadmapgofadopljbjfkapdkoienihi/build/installHook.js:0
[ 1789232ms] [WARNING] useFixedContainerSlot must be used within FixedContainerProvider, falling back to safe defaults @ chrome-extension://fmkadmapgofadopljbjfkapdkoienihi/build/installHook.js:0
[ 1789236ms] [LOG] [INFO] [Zhida: Talk] zhida:stream:Answer {message: Object, currentTime: 2026-07-20 21:48:27.951} @ https://unpkg.zhimg.com/@cfe/sentry-script@1.3.1/dist/init.js:0
[ 1789285ms] [LOG] [INFO] [Zhida: Talk] zhida:stream:Answer {message: Object, currentTime: 2026-07-20 21:48:28.000} @ https://unpkg.zhimg.com/@cfe/sentry-script@1.3.1/dist/init.js:0
[ 1789295ms] [LOG] [INFO] [Zhida: Talk] zhida:stream:Answer {message: Object, currentTime: 2026-07-20 21:48:28.010} @ https://unpkg.zhimg.com/@cfe/sentry-script@1.3.1/dist/init.js:0
[ 1789297ms] [WARNING] useFixedContainerSlot must be used within FixedContainerProvider, falling back to safe defaults @ chrome-extension://fmkadmapgofadopljbjfkapdkoienihi/build/installHook.js:0
[ 1789301ms] [WARNING] useFixedContainerSlot must be used within FixedContainerProvider, falling back to safe defaults @ chrome-extension://fmkadmapgofadopljbjfkapdkoienihi/build/installHook.js:0
[ 1789304ms] [WARNING] useFixedContainerSlot must be used within FixedContainerProvider, falling back to safe defaults @ chrome-extension://fmkadmapgofadopljbjfkapdkoienihi/build/installHook.js:0
[ 1789309ms] [WARNING] useFixedContainerSlot must be used within FixedContainerProvider, falling back to safe defaults @ chrome-extension://fmkadmapgofadopljbjfkapdkoienihi/build/installHook.js:0
[ 1789311ms] [WARNING] useFixedContainerSlot must be used within FixedContainerProvider, falling back to safe defaults @ chrome-extension://fmkadmapgofadopljbjfkapdkoienihi/build/installHook.js:0
[ 1789312ms] [WARNING] useFixedContainerSlot must be used within FixedContainerProvider, falling back to safe defaults @ chrome-extension://fmkadmapgofadopljbjfkapdkoienihi/build/installHook.js:0
[ 1789339ms] [WARNING] useFixedContainerSlot must be used within FixedContainerProvider, falling back to safe defaults @ chrome-extension://fmkadmapgofadopljbjfkapdkoienihi/build/installHook.js:0
[ 1789340ms] [LOG] [INFO] [Zhida: Talk] zhida:stream:Answer {message: Object, currentTime: 2026-07-20 21:48:28.055} @ https://unpkg.zhimg.com/@cfe/sentry-script@1.3.1/dist/init.js:0
[ 1789348ms] [LOG] [INFO] [Zhida: Talk] zhida:stream:Answer {message: Object, currentTime: 2026-07-20 21:48:28.062} @ https://unpkg.zhimg.com/@cfe/sentry-script@1.3.1/dist/init.js:0
[ 1789349ms] [WARNING] useFixedContainerSlot must be used within FixedContainerProvider, falling back to safe defaults @ chrome-extension://fmkadmapgofadopljbjfkapdkoienihi/build/installHook.js:0
[ 1789353ms] [WARNING] useFixedContainerSlot must be used within FixedContainerProvider, falling back to safe defaults @ chrome-extension://fmkadmapgofadopljbjfkapdkoienihi/build/installHook.js:0
[ 1789356ms] [WARNING] useFixedContainerSlot must be used within FixedContainerProvider, falling back to safe defaults @ chrome-extension://fmkadmapgofadopljbjfkapdkoienihi/build/installHook.js:0
[ 1789361ms] [WARNING] useFixedContainerSlot must be used within FixedContainerProvider, falling back to safe defaults @ chrome-extension://fmkadmapgofadopljbjfkapdkoienihi/build/installHook.js:0
[ 1789363ms] [WARNING] useFixedContainerSlot must be used within FixedContainerProvider, falling back to safe defaults @ chrome-extension://fmkadmapgofadopljbjfkapdkoienihi/build/installHook.js:0
[ 1789364ms] [WARNING] useFixedContainerSlot must be used within FixedContainerProvider, falling back to safe defaults @ chrome-extension://fmkadmapgofadopljbjfkapdkoienihi/build/installHook.js:0
[ 1789482ms] [WARNING] useFixedContainerSlot must be used within FixedContainerProvider, falling back to safe defaults @ chrome-extension://fmkadmapgofadopljbjfkapdkoienihi/build/installHook.js:0
[ 1789483ms] [WARNING] useFixedContainerSlot must be used within FixedContainerProvider, falling back to safe defaults @ chrome-extension://fmkadmapgofadopljbjfkapdkoienihi/build/installHook.js:0
[ 1789484ms] [WARNING] useFixedContainerSlot must be used within FixedContainerProvider, falling back to safe defaults @ chrome-extension://fmkadmapgofadopljbjfkapdkoienihi/build/installHook.js:0
[ 1789495ms] [WARNING] useFixedContainerSlot must be used within FixedContainerProvider, falling back to safe defaults @ chrome-extension://fmkadmapgofadopljbjfkapdkoienihi/build/installHook.js:0
[ 1789497ms] [WARNING] useFixedContainerSlot must be used within FixedContainerProvider, falling back to safe defaults @ chrome-extension://fmkadmapgofadopljbjfkapdkoienihi/build/installHook.js:0
[ 1789498ms] [WARNING] useFixedContainerSlot must be used within FixedContainerProvider, falling back to safe defaults @ chrome-extension://fmkadmapgofadopljbjfkapdkoienihi/build/installHook.js:0
[ 1789513ms] [WARNING] useFixedContainerSlot must be used within FixedContainerProvider, falling back to safe defaults @ chrome-extension://fmkadmapgofadopljbjfkapdkoienihi/build/installHook.js:0
[ 1789514ms] [WARNING] useFixedContainerSlot must be used within FixedContainerProvider, falling back to safe defaults @ chrome-extension://fmkadmapgofadopljbjfkapdkoienihi/build/installHook.js:0
[ 1789515ms] [WARNING] useFixedContainerSlot must be used within FixedContainerProvider, falling back to safe defaults @ chrome-extension://fmkadmapgofadopljbjfkapdkoienihi/build/installHook.js:0
[ 1789830ms] [WARNING] useFixedContainerSlot must be used within FixedContainerProvider, falling back to safe defaults @ chrome-extension://fmkadmapgofadopljbjfkapdkoienihi/build/installHook.js:0
[ 1789831ms] [WARNING] useFixedContainerSlot must be used within FixedContainerProvider, falling back to safe defaults @ chrome-extension://fmkadmapgofadopljbjfkapdkoienihi/build/installHook.js:0
[ 1789832ms] [WARNING] useFixedContainerSlot must be used within FixedContainerProvider, falling back to safe defaults @ chrome-extension://fmkadmapgofadopljbjfkapdkoienihi/build/installHook.js:0
[ 1789839ms] [WARNING] useFixedContainerSlot must be used within FixedContainerProvider, falling back to safe defaults @ chrome-extension://fmkadmapgofadopljbjfkapdkoienihi/build/installHook.js:0
[ 1789862ms] [WARNING] useFixedContainerSlot must be used within FixedContainerProvider, falling back to safe defaults @ chrome-extension://fmkadmapgofadopljbjfkapdkoienihi/build/installHook.js:0
[ 1789863ms] [WARNING] useFixedContainerSlot must be used within FixedContainerProvider, falling back to safe defaults @ chrome-extension://fmkadmapgofadopljbjfkapdkoienihi/build/installHook.js:0
[ 1789864ms] [WARNING] useFixedContainerSlot must be used within FixedContainerProvider, falling back to safe defaults @ chrome-extension://fmkadmapgofadopljbjfkapdkoienihi/build/installHook.js:0
[ 1790300ms] [WARNING] useFixedContainerSlot must be used within FixedContainerProvider, falling back to safe defaults @ chrome-extension://fmkadmapgofadopljbjfkapdkoienihi/build/installHook.js:0
[ 1790301ms] [WARNING] useFixedContainerSlot must be used within FixedContainerProvider, falling back to safe defaults @ chrome-extension://fmkadmapgofadopljbjfkapdkoienihi/build/installHook.js:0
[ 1790302ms] [WARNING] useFixedContainerSlot must be used within FixedContainerProvider, falling back to safe defaults @ chrome-extension://fmkadmapgofadopljbjfkapdkoienihi/build/installHook.js:0
[ 1790427ms] [WARNING] useFixedContainerSlot must be used within FixedContainerProvider, falling back to safe defaults @ chrome-extension://fmkadmapgofadopljbjfkapdkoienihi/build/installHook.js:0
[ 1790429ms] [WARNING] useFixedContainerSlot must be used within FixedContainerProvider, falling back to safe defaults @ chrome-extension://fmkadmapgofadopljbjfkapdkoienihi/build/installHook.js:0
[ 1790430ms] [WARNING] useFixedContainerSlot must be used within FixedContainerProvider, falling back to safe defaults @ chrome-extension://fmkadmapgofadopljbjfkapdkoienihi/build/installHook.js:0
[ 1790431ms] [WARNING] useFixedContainerSlot must be used within FixedContainerProvider, falling back to safe defaults @ chrome-extension://fmkadmapgofadopljbjfkapdkoienihi/build/installHook.js:0
[ 1790443ms] [WARNING] useFixedContainerSlot must be used within FixedContainerProvider, falling back to safe defaults @ chrome-extension://fmkadmapgofadopljbjfkapdkoienihi/build/installHook.js:0
[ 1790444ms] [WARNING] useFixedContainerSlot must be used within FixedContainerProvider, falling back to safe defaults @ chrome-extension://fmkadmapgofadopljbjfkapdkoienihi/build/installHook.js:0
[ 1790445ms] [WARNING] useFixedContainerSlot must be used within FixedContainerProvider, falling back to safe defaults @ chrome-extension://fmkadmapgofadopljbjfkapdkoienihi/build/installHook.js:0
[ 1790929ms] [WARNING] useFixedContainerSlot must be used within FixedContainerProvider, falling back to safe defaults @ chrome-extension://fmkadmapgofadopljbjfkapdkoienihi/build/installHook.js:0
[ 1791072ms] [WARNING] useFixedContainerSlot must be used within FixedContainerProvider, falling back to safe defaults @ chrome-extension://fmkadmapgofadopljbjfkapdkoienihi/build/installHook.js:0
[ 1791073ms] [WARNING] useFixedContainerSlot must be used within FixedContainerProvider, falling back to safe defaults @ chrome-extension://fmkadmapgofadopljbjfkapdkoienihi/build/installHook.js:0
[ 1791074ms] [WARNING] useFixedContainerSlot must be used within FixedContainerProvider, falling back to safe defaults @ chrome-extension://fmkadmapgofadopljbjfkapdkoienihi/build/installHook.js:0
[ 1791078ms] [WARNING] useFixedContainerSlot must be used within FixedContainerProvider, falling back to safe defaults @ chrome-extension://fmkadmapgofadopljbjfkapdkoienihi/build/installHook.js:0
[ 1791473ms] [LOG] [INFO] [Zhida: Talk] zhida:stream:HeartBeat {message: Object, currentTime: 2026-07-20 21:48:30.187} @ https://unpkg.zhimg.com/@cfe/sentry-script@1.3.1/dist/init.js:0
[ 1791579ms] [WARNING] useFixedContainerSlot must be used within FixedContainerProvider, falling back to safe defaults @ chrome-extension://fmkadmapgofadopljbjfkapdkoienihi/build/installHook.js:0
[ 1792269ms] [WARNING] useFixedContainerSlot must be used within FixedContainerProvider, falling back to safe defaults @ chrome-extension://fmkadmapgofadopljbjfkapdkoienihi/build/installHook.js:0
[ 1792271ms] [WARNING] useFixedContainerSlot must be used within FixedContainerProvider, falling back to safe defaults @ chrome-extension://fmkadmapgofadopljbjfkapdkoienihi/build/installHook.js:0
[ 1792272ms] [WARNING] useFixedContainerSlot must be used within FixedContainerProvider, falling back to safe defaults @ chrome-extension://fmkadmapgofadopljbjfkapdkoienihi/build/installHook.js:0
[ 1792278ms] [WARNING] useFixedContainerSlot must be used within FixedContainerProvider, falling back to safe defaults @ chrome-extension://fmkadmapgofadopljbjfkapdkoienihi/build/installHook.js:0
[ 1792778ms] [WARNING] useFixedContainerSlot must be used within FixedContainerProvider, falling back to safe defaults @ chrome-extension://fmkadmapgofadopljbjfkapdkoienihi/build/installHook.js:0
[ 1793087ms] [LOG] [INFO] [Zhida: Talk] zhida:stream:RecommendQueries {message: Object, currentTime: 2026-07-20 21:48:31.801} @ https://unpkg.zhimg.com/@cfe/sentry-script@1.3.1/dist/init.js:0
[ 1793127ms] [LOG] [INFO] [Zhida: Talk] zhida:stream:RecommendQueries {message: Object, currentTime: 2026-07-20 21:48:31.842} @ https://unpkg.zhimg.com/@cfe/sentry-script@1.3.1/dist/init.js:0
[ 1793128ms] [WARNING] useFixedContainerSlot must be used within FixedContainerProvider, falling back to safe defaults @ chrome-extension://fmkadmapgofadopljbjfkapdkoienihi/build/installHook.js:0
[ 1793133ms] [WARNING] useFixedContainerSlot must be used within FixedContainerProvider, falling back to safe defaults @ chrome-extension://fmkadmapgofadopljbjfkapdkoienihi/build/installHook.js:0
[ 1793137ms] [WARNING] useFixedContainerSlot must be used within FixedContainerProvider, falling back to safe defaults @ chrome-extension://fmkadmapgofadopljbjfkapdkoienihi/build/installHook.js:0
[ 1793141ms] [WARNING] useFixedContainerSlot must be used within FixedContainerProvider, falling back to safe defaults @ chrome-extension://fmkadmapgofadopljbjfkapdkoienihi/build/installHook.js:0
[ 1793143ms] [WARNING] useFixedContainerSlot must be used within FixedContainerProvider, falling back to safe defaults @ chrome-extension://fmkadmapgofadopljbjfkapdkoienihi/build/installHook.js:0
[ 1793144ms] [WARNING] useFixedContainerSlot must be used within FixedContainerProvider, falling back to safe defaults @ chrome-extension://fmkadmapgofadopljbjfkapdkoienihi/build/installHook.js:0
[ 1793155ms] [LOG] [INFO] [Zhida: Talk] zhida:stream:End {message: Object, currentTime: 2026-07-20 21:48:31.870} @ https://unpkg.zhimg.com/@cfe/sentry-script@1.3.1/dist/init.js:0
[ 1793173ms] [WARNING] useFixedContainerSlot must be used within FixedContainerProvider, falling back to safe defaults @ chrome-extension://fmkadmapgofadopljbjfkapdkoienihi/build/installHook.js:0
[ 1793174ms] [WARNING] useFixedContainerSlot must be used within FixedContainerProvider, falling back to safe defaults @ chrome-extension://fmkadmapgofadopljbjfkapdkoienihi/build/installHook.js:0
[ 1793175ms] [WARNING] useFixedContainerSlot must be used within FixedContainerProvider, falling back to safe defaults @ chrome-extension://fmkadmapgofadopljbjfkapdkoienihi/build/installHook.js:0
[ 1793184ms] [WARNING] useFixedContainerSlot must be used within FixedContainerProvider, falling back to safe defaults @ chrome-extension://fmkadmapgofadopljbjfkapdkoienihi/build/installHook.js:0
[ 1793222ms] [LOG] [INFO] [Zhida: Talk] zhida:stream:End {message: Object, currentTime: 2026-07-20 21:48:31.936} @ https://unpkg.zhimg.com/@cfe/sentry-script@1.3.1/dist/init.js:0
[ 1793223ms] [WARNING] useFixedContainerSlot must be used within FixedContainerProvider, falling back to safe defaults @ chrome-extension://fmkadmapgofadopljbjfkapdkoienihi/build/installHook.js:0
[ 1793227ms] [WARNING] useFixedContainerSlot must be used within FixedContainerProvider, falling back to safe defaults @ chrome-extension://fmkadmapgofadopljbjfkapdkoienihi/build/installHook.js:0
[ 1793231ms] [WARNING] useFixedContainerSlot must be used within FixedContainerProvider, falling back to safe defaults @ chrome-extension://fmkadmapgofadopljbjfkapdkoienihi/build/installHook.js:0
[ 1793240ms] [WARNING] useFixedContainerSlot must be used within FixedContainerProvider, falling back to safe defaults @ chrome-extension://fmkadmapgofadopljbjfkapdkoienihi/build/installHook.js:0
[ 1793247ms] [WARNING] useFixedContainerSlot must be used within FixedContainerProvider, falling back to safe defaults @ chrome-extension://fmkadmapgofadopljbjfkapdkoienihi/build/installHook.js:0
[ 1793248ms] [WARNING] useFixedContainerSlot must be used within FixedContainerProvider, falling back to safe defaults @ chrome-extension://fmkadmapgofadopljbjfkapdkoienihi/build/installHook.js:0
[ 1793250ms] [WARNING] useFixedContainerSlot must be used within FixedContainerProvider, falling back to safe defaults @ chrome-extension://fmkadmapgofadopljbjfkapdkoienihi/build/installHook.js:0
[ 1793254ms] [WARNING] useFixedContainerSlot must be used within FixedContainerProvider, falling back to safe defaults @ chrome-extension://fmkadmapgofadopljbjfkapdkoienihi/build/installHook.js:0
[ 1793257ms] [WARNING] useFixedContainerSlot must be used within FixedContainerProvider, falling back to safe defaults @ chrome-extension://fmkadmapgofadopljbjfkapdkoienihi/build/installHook.js:0
[ 1793261ms] [WARNING] useFixedContainerSlot must be used within FixedContainerProvider, falling back to safe defaults @ chrome-extension://fmkadmapgofadopljbjfkapdkoienihi/build/installHook.js:0
[ 1793264ms] [WARNING] useFixedContainerSlot must be used within FixedContainerProvider, falling back to safe defaults @ chrome-extension://fmkadmapgofadopljbjfkapdkoienihi/build/installHook.js:0
[ 1793272ms] [WARNING] useFixedContainerSlot must be used within FixedContainerProvider, falling back to safe defaults @ chrome-extension://fmkadmapgofadopljbjfkapdkoienihi/build/installHook.js:0
[ 1793296ms] [WARNING] useFixedContainerSlot must be used within FixedContainerProvider, falling back to safe defaults @ chrome-extension://fmkadmapgofadopljbjfkapdkoienihi/build/installHook.js:0
[ 1793298ms] [WARNING] useFixedContainerSlot must be used within FixedContainerProvider, falling back to safe defaults @ chrome-extension://fmkadmapgofadopljbjfkapdkoienihi/build/installHook.js:0
[ 1793299ms] [WARNING] useFixedContainerSlot must be used within FixedContainerProvider, falling back to safe defaults @ chrome-extension://fmkadmapgofadopljbjfkapdkoienihi/build/installHook.js:0
[ 1793685ms] [WARNING] useFixedContainerSlot must be used within FixedContainerProvider, falling back to safe defaults @ chrome-extension://fmkadmapgofadopljbjfkapdkoienihi/build/installHook.js:0
[ 2078260ms] [ERROR] WebSocket connection to 'wss://mqtt-web.zhihu.com/mqtt?client_info=OS%3DWeb&user_group=zhihu_web' failed:  @ https://static.zhihu.com/heifetz/chunks/lib-74f62c79.f945c58fd5a13abc809e.js:10
[ 2198247ms] [ERROR] WebSocket connection to 'wss://mqtt-web.zhihu.com/mqtt?client_info=OS%3DWeb&user_group=zhihu_web' failed:  @ https://static.zhihu.com/heifetz/chunks/lib-74f62c79.f945c58fd5a13abc809e.js:10
[ 2399077ms] [WARNING] useFixedContainerSlot must be used within FixedContainerProvider, falling back to safe defaults @ chrome-extension://fmkadmapgofadopljbjfkapdkoienihi/build/installHook.js:0
[ 2399184ms] [WARNING] useFixedContainerSlot must be used within FixedContainerProvider, falling back to safe defaults @ chrome-extension://fmkadmapgofadopljbjfkapdkoienihi/build/installHook.js:0
[ 2400478ms] [LOG] [INFO] [QoS] FetchBefore {url: https://www.zhihu.com/ai_ingress/general/me, query: undefined, traceId: c10f70c5-5ba0-4e01-9635-0cf60c6c6449} @ https://unpkg.zhimg.com/@cfe/sentry-script@1.3.1/dist/init.js:0
[ 2400614ms] [LOG] [INFO] [QoS] FetchAfter {url: https://www.zhihu.com/ai_ingress/general/me, query: undefined, traceId: c10f70c5-5ba0-4e01-9635-0cf60c6c6449} @ https://unpkg.zhimg.com/@cfe/sentry-script@1.3.1/dist/init.js:0
[ 2400752ms] [LOG] [INFO] [Zhida: Talk] zhida:stream:Init {message: Object, currentTime: 2026-07-20 21:58:39.466} @ https://unpkg.zhimg.com/@cfe/sentry-script@1.3.1/dist/init.js:0
[ 2400787ms] [WARNING] useFixedContainerSlot must be used within FixedContainerProvider, falling back to safe defaults @ chrome-extension://fmkadmapgofadopljbjfkapdkoienihi/build/installHook.js:0
[ 2400837ms] [LOG] [INFO] [QoS] FetchBefore {url: https://www.zhihu.com/ai_ingress/general/conf, query: undefined, traceId: b335fbff-b8a2-4f76-970b-e36d5bc10190} @ https://unpkg.zhimg.com/@cfe/sentry-script@1.3.1/dist/init.js:0
[ 2400837ms] [LOG] [INFO] [QoS] FetchBefore {url: https://www.zhihu.com/ai_ingress/session/3742485014235963635, query: undefined, traceId: 17b8c674-ffa2-435d-9182-70e1492e5c6b} @ https://unpkg.zhimg.com/@cfe/sentry-script@1.3.1/dist/init.js:0
[ 2400838ms] [LOG] [INFO] [QoS] FetchBefore {url: https://www.zhihu.com/ai_ingress/general/me, query: undefined, traceId: ad98f7c8-45c0-4eb7-ad10-290f111a9e06} @ https://unpkg.zhimg.com/@cfe/sentry-script@1.3.1/dist/init.js:0
[ 2400923ms] [LOG] [INFO] [QoS] FetchAfter {url: https://www.zhihu.com/ai_ingress/general/conf, query: undefined, traceId: b335fbff-b8a2-4f76-970b-e36d5bc10190} @ https://unpkg.zhimg.com/@cfe/sentry-script@1.3.1/dist/init.js:0
[ 2400936ms] [LOG] [INFO] [QoS] FetchAfter {url: https://www.zhihu.com/ai_ingress/general/me, query: undefined, traceId: ad98f7c8-45c0-4eb7-ad10-290f111a9e06} @ https://unpkg.zhimg.com/@cfe/sentry-script@1.3.1/dist/init.js:0
[ 2400954ms] [LOG] [INFO] [QoS] FetchAfter {url: https://www.zhihu.com/ai_ingress/session/3742485014235963635, query: undefined, traceId: 17b8c674-ffa2-435d-9182-70e1492e5c6b} @ https://unpkg.zhimg.com/@cfe/sentry-script@1.3.1/dist/init.js:0
[ 2400959ms] [LOG] [INFO] [QoS] FetchBefore {url: https://zhida.zhihu.com/ai_ingress/session/3742485014235963635/list, query: undefined, traceId: 67aa42af-a1fb-4454-b9ed-9f23cc6a22f0} @ https://unpkg.zhimg.com/@cfe/sentry-script@1.3.1/dist/init.js:0
[ 2401301ms] [LOG] [INFO] [QoS] FetchAfter {url: https://zhida.zhihu.com/ai_ingress/session/3742485014235963635/list, query: undefined, traceId: 67aa42af-a1fb-4454-b9ed-9f23cc6a22f0} @ https://unpkg.zhimg.com/@cfe/sentry-script@1.3.1/dist/init.js:0
[ 2401312ms] [WARNING] useFixedContainerSlot must be used within FixedContainerProvider, falling back to safe defaults @ chrome-extension://fmkadmapgofadopljbjfkapdkoienihi/build/installHook.js:0
[ 2401338ms] [WARNING] useFixedContainerSlot must be used within FixedContainerProvider, falling back to safe defaults @ chrome-extension://fmkadmapgofadopljbjfkapdkoienihi/build/installHook.js:0
[ 2401348ms] [WARNING] useFixedContainerSlot must be used within FixedContainerProvider, falling back to safe defaults @ chrome-extension://fmkadmapgofadopljbjfkapdkoienihi/build/installHook.js:0
[ 2401349ms] [WARNING] useFixedContainerSlot must be used within FixedContainerProvider, falling back to safe defaults @ chrome-extension://fmkadmapgofadopljbjfkapdkoienihi/build/installHook.js:0
[ 2401350ms] [WARNING] useFixedContainerSlot must be used within FixedContainerProvider, falling back to safe defaults @ chrome-extension://fmkadmapgofadopljbjfkapdkoienihi/build/installHook.js:0
[ 2401352ms] [WARNING] useFixedContainerSlot must be used within FixedContainerProvider, falling back to safe defaults @ chrome-extension://fmkadmapgofadopljbjfkapdkoienihi/build/installHook.js:0
[ 2401353ms] [WARNING] useFixedContainerSlot must be used within FixedContainerProvider, falling back to safe defaults @ chrome-extension://fmkadmapgofadopljbjfkapdkoienihi/build/installHook.js:0
[ 2401354ms] [WARNING] useFixedContainerSlot must be used within FixedContainerProvider, falling back to safe defaults @ chrome-extension://fmkadmapgofadopljbjfkapdkoienihi/build/installHook.js:0
[ 2401357ms] [WARNING] useFixedContainerSlot must be used within FixedContainerProvider, falling back to safe defaults @ chrome-extension://fmkadmapgofadopljbjfkapdkoienihi/build/installHook.js:0
[ 2401358ms] [WARNING] useFixedContainerSlot must be used within FixedContainerProvider, falling back to safe defaults @ chrome-extension://fmkadmapgofadopljbjfkapdkoienihi/build/installHook.js:0
[ 2401359ms] [WARNING] useFixedContainerSlot must be used within FixedContainerProvider, falling back to safe defaults @ chrome-extension://fmkadmapgofadopljbjfkapdkoienihi/build/installHook.js:0
[ 2401362ms] [WARNING] useFixedContainerSlot must be used within FixedContainerProvider, falling back to safe defaults @ chrome-extension://fmkadmapgofadopljbjfkapdkoienihi/build/installHook.js:0
[ 2401365ms] [WARNING] useFixedContainerSlot must be used within FixedContainerProvider, falling back to safe defaults @ chrome-extension://fmkadmapgofadopljbjfkapdkoienihi/build/installHook.js:0
[ 2401370ms] [WARNING] useFixedContainerSlot must be used within FixedContainerProvider, falling back to safe defaults @ chrome-extension://fmkadmapgofadopljbjfkapdkoienihi/build/installHook.js:0
[ 2401501ms] [LOG] [INFO] [Zhida: Talk] zhida:stream:Init {message: Object, currentTime: 2026-07-20 21:58:40.215} @ https://unpkg.zhimg.com/@cfe/sentry-script@1.3.1/dist/init.js:0
[ 2401502ms] [WARNING] useFixedContainerSlot must be used within FixedContainerProvider, falling back to safe defaults @ chrome-extension://fmkadmapgofadopljbjfkapdkoienihi/build/installHook.js:0
[ 2401506ms] [WARNING] useFixedContainerSlot must be used within FixedContainerProvider, falling back to safe defaults @ chrome-extension://fmkadmapgofadopljbjfkapdkoienihi/build/installHook.js:0
[ 2401510ms] [WARNING] useFixedContainerSlot must be used within FixedContainerProvider, falling back to safe defaults @ chrome-extension://fmkadmapgofadopljbjfkapdkoienihi/build/installHook.js:0
[ 2401514ms] [WARNING] useFixedContainerSlot must be used within FixedContainerProvider, falling back to safe defaults @ chrome-extension://fmkadmapgofadopljbjfkapdkoienihi/build/installHook.js:0
[ 2401517ms] [WARNING] useFixedContainerSlot must be used within FixedContainerProvider, falling back to safe defaults @ chrome-extension://fmkadmapgofadopljbjfkapdkoienihi/build/installHook.js:0
[ 2401518ms] [WARNING] useFixedContainerSlot must be used within FixedContainerProvider, falling back to safe defaults @ chrome-extension://fmkadmapgofadopljbjfkapdkoienihi/build/installHook.js:0
[ 2401531ms] [WARNING] useFixedContainerSlot must be used within FixedContainerProvider, falling back to safe defaults @ chrome-extension://fmkadmapgofadopljbjfkapdkoienihi/build/installHook.js:0
[ 2401532ms] [WARNING] useFixedContainerSlot must be used within FixedContainerProvider, falling back to safe defaults @ chrome-extension://fmkadmapgofadopljbjfkapdkoienihi/build/installHook.js:0
[ 2401533ms] [WARNING] useFixedContainerSlot must be used within FixedContainerProvider, falling back to safe defaults @ chrome-extension://fmkadmapgofadopljbjfkapdkoienihi/build/installHook.js:0
[ 2401871ms] [WARNING] useFixedContainerSlot must be used within FixedContainerProvider, falling back to safe defaults @ chrome-extension://fmkadmapgofadopljbjfkapdkoienihi/build/installHook.js:0
[ 2402720ms] [LOG] [INFO] [Zhida: Talk] zhida:stream:Cards {message: Object, currentTime: 2026-07-20 21:58:41.434} @ https://unpkg.zhimg.com/@cfe/sentry-script@1.3.1/dist/init.js:0
[ 2402721ms] [WARNING] useFixedContainerSlot must be used within FixedContainerProvider, falling back to safe defaults @ chrome-extension://fmkadmapgofadopljbjfkapdkoienihi/build/installHook.js:0
[ 2402726ms] [WARNING] useFixedContainerSlot must be used within FixedContainerProvider, falling back to safe defaults @ chrome-extension://fmkadmapgofadopljbjfkapdkoienihi/build/installHook.js:0
[ 2402729ms] [WARNING] useFixedContainerSlot must be used within FixedContainerProvider, falling back to safe defaults @ chrome-extension://fmkadmapgofadopljbjfkapdkoienihi/build/installHook.js:0
[ 2402735ms] [WARNING] useFixedContainerSlot must be used within FixedContainerProvider, falling back to safe defaults @ chrome-extension://fmkadmapgofadopljbjfkapdkoienihi/build/installHook.js:0
[ 2402739ms] [WARNING] useFixedContainerSlot must be used within FixedContainerProvider, falling back to safe defaults @ chrome-extension://fmkadmapgofadopljbjfkapdkoienihi/build/installHook.js:0
[ 2402741ms] [WARNING] useFixedContainerSlot must be used within FixedContainerProvider, falling back to safe defaults @ chrome-extension://fmkadmapgofadopljbjfkapdkoienihi/build/installHook.js:0
[ 2402742ms] [LOG] [INFO] [Zhida: Talk] zhida:stream:Answer {message: Object, currentTime: 2026-07-20 21:58:41.456} @ https://unpkg.zhimg.com/@cfe/sentry-script@1.3.1/dist/init.js:0
[ 2402742ms] [WARNING] useFixedContainerSlot must be used within FixedContainerProvider, falling back to safe defaults @ chrome-extension://fmkadmapgofadopljbjfkapdkoienihi/build/installHook.js:0
[ 2402746ms] [WARNING] useFixedContainerSlot must be used within FixedContainerProvider, falling back to safe defaults @ chrome-extension://fmkadmapgofadopljbjfkapdkoienihi/build/installHook.js:0
[ 2402750ms] [WARNING] useFixedContainerSlot must be used within FixedContainerProvider, falling back to safe defaults @ chrome-extension://fmkadmapgofadopljbjfkapdkoienihi/build/installHook.js:0
[ 2402755ms] [WARNING] useFixedContainerSlot must be used within FixedContainerProvider, falling back to safe defaults @ chrome-extension://fmkadmapgofadopljbjfkapdkoienihi/build/installHook.js:0
[ 2402758ms] [WARNING] useFixedContainerSlot must be used within FixedContainerProvider, falling back to safe defaults @ chrome-extension://fmkadmapgofadopljbjfkapdkoienihi/build/installHook.js:0
[ 2402760ms] [WARNING] useFixedContainerSlot must be used within FixedContainerProvider, falling back to safe defaults @ chrome-extension://fmkadmapgofadopljbjfkapdkoienihi/build/installHook.js:0
[ 2402764ms] [WARNING] useFixedContainerSlot must be used within FixedContainerProvider, falling back to safe defaults @ chrome-extension://fmkadmapgofadopljbjfkapdkoienihi/build/installHook.js:0
[ 2402769ms] [LOG] [INFO] [Zhida: Talk] zhida:stream:Cards {message: Object, currentTime: 2026-07-20 21:58:41.483} @ https://unpkg.zhimg.com/@cfe/sentry-script@1.3.1/dist/init.js:0
[ 2402774ms] [LOG] [INFO] [Zhida: Talk] zhida:stream:Answer {message: Object, currentTime: 2026-07-20 21:58:41.488} @ https://unpkg.zhimg.com/@cfe/sentry-script@1.3.1/dist/init.js:0
[ 2402783ms] [WARNING] useFixedContainerSlot must be used within FixedContainerProvider, falling back to safe defaults @ chrome-extension://fmkadmapgofadopljbjfkapdkoienihi/build/installHook.js:0
[ 2402784ms] [WARNING] useFixedContainerSlot must be used within FixedContainerProvider, falling back to safe defaults @ chrome-extension://fmkadmapgofadopljbjfkapdkoienihi/build/installHook.js:0
[ 2402785ms] [WARNING] useFixedContainerSlot must be used within FixedContainerProvider, falling back to safe defaults @ chrome-extension://fmkadmapgofadopljbjfkapdkoienihi/build/installHook.js:0
[ 2402800ms] [LOG] [INFO] [Zhida: Talk] zhida:stream:Answer {message: Object, currentTime: 2026-07-20 21:58:41.515} @ https://unpkg.zhimg.com/@cfe/sentry-script@1.3.1/dist/init.js:0
[ 2402801ms] [WARNING] useFixedContainerSlot must be used within FixedContainerProvider, falling back to safe defaults @ chrome-extension://fmkadmapgofadopljbjfkapdkoienihi/build/installHook.js:0
[ 2402805ms] [WARNING] useFixedContainerSlot must be used within FixedContainerProvider, falling back to safe defaults @ chrome-extension://fmkadmapgofadopljbjfkapdkoienihi/build/installHook.js:0
[ 2402809ms] [WARNING] useFixedContainerSlot must be used within FixedContainerProvider, falling back to safe defaults @ chrome-extension://fmkadmapgofadopljbjfkapdkoienihi/build/installHook.js:0
[ 2402814ms] [WARNING] useFixedContainerSlot must be used within FixedContainerProvider, falling back to safe defaults @ chrome-extension://fmkadmapgofadopljbjfkapdkoienihi/build/installHook.js:0
[ 2402816ms] [WARNING] useFixedContainerSlot must be used within FixedContainerProvider, falling back to safe defaults @ chrome-extension://fmkadmapgofadopljbjfkapdkoienihi/build/installHook.js:0
[ 2402817ms] [WARNING] useFixedContainerSlot must be used within FixedContainerProvider, falling back to safe defaults @ chrome-extension://fmkadmapgofadopljbjfkapdkoienihi/build/installHook.js:0
[ 2402953ms] [LOG] [INFO] [Zhida: Talk] zhida:stream:Answer {message: Object, currentTime: 2026-07-20 21:58:41.667} @ https://unpkg.zhimg.com/@cfe/sentry-script@1.3.1/dist/init.js:0
[ 2402958ms] [LOG] [INFO] [Zhida: Talk] zhida:stream:Answer {message: Object, currentTime: 2026-07-20 21:58:41.673} @ https://unpkg.zhimg.com/@cfe/sentry-script@1.3.1/dist/init.js:0
[ 2402959ms] [WARNING] useFixedContainerSlot must be used within FixedContainerProvider, falling back to safe defaults @ chrome-extension://fmkadmapgofadopljbjfkapdkoienihi/build/installHook.js:0
[ 2402964ms] [WARNING] useFixedContainerSlot must be used within FixedContainerProvider, falling back to safe defaults @ chrome-extension://fmkadmapgofadopljbjfkapdkoienihi/build/installHook.js:0
[ 2402968ms] [WARNING] useFixedContainerSlot must be used within FixedContainerProvider, falling back to safe defaults @ chrome-extension://fmkadmapgofadopljbjfkapdkoienihi/build/installHook.js:0
[ 2402973ms] [WARNING] useFixedContainerSlot must be used within FixedContainerProvider, falling back to safe defaults @ chrome-extension://fmkadmapgofadopljbjfkapdkoienihi/build/installHook.js:0
[ 2402975ms] [WARNING] useFixedContainerSlot must be used within FixedContainerProvider, falling back to safe defaults @ chrome-extension://fmkadmapgofadopljbjfkapdkoienihi/build/installHook.js:0
[ 2402976ms] [WARNING] useFixedContainerSlot must be used within FixedContainerProvider, falling back to safe defaults @ chrome-extension://fmkadmapgofadopljbjfkapdkoienihi/build/installHook.js:0
[ 2402987ms] [LOG] [INFO] [Zhida: Talk] zhida:stream:Answer {message: Object, currentTime: 2026-07-20 21:58:41.702} @ https://unpkg.zhimg.com/@cfe/sentry-script@1.3.1/dist/init.js:0
[ 2403039ms] [LOG] [INFO] [Zhida: Talk] zhida:stream:Answer {message: Object, currentTime: 2026-07-20 21:58:41.754} @ https://unpkg.zhimg.com/@cfe/sentry-script@1.3.1/dist/init.js:0
[ 2403041ms] [WARNING] useFixedContainerSlot must be used within FixedContainerProvider, falling back to safe defaults @ chrome-extension://fmkadmapgofadopljbjfkapdkoienihi/build/installHook.js:0
[ 2403045ms] [WARNING] useFixedContainerSlot must be used within FixedContainerProvider, falling back to safe defaults @ chrome-extension://fmkadmapgofadopljbjfkapdkoienihi/build/installHook.js:0
[ 2403049ms] [WARNING] useFixedContainerSlot must be used within FixedContainerProvider, falling back to safe defaults @ chrome-extension://fmkadmapgofadopljbjfkapdkoienihi/build/installHook.js:0
[ 2403054ms] [WARNING] useFixedContainerSlot must be used within FixedContainerProvider, falling back to safe defaults @ chrome-extension://fmkadmapgofadopljbjfkapdkoienihi/build/installHook.js:0
[ 2403055ms] [WARNING] useFixedContainerSlot must be used within FixedContainerProvider, falling back to safe defaults @ chrome-extension://fmkadmapgofadopljbjfkapdkoienihi/build/installHook.js:0
[ 2403057ms] [WARNING] useFixedContainerSlot must be used within FixedContainerProvider, falling back to safe defaults @ chrome-extension://fmkadmapgofadopljbjfkapdkoienihi/build/installHook.js:0
[ 2403073ms] [LOG] [INFO] [Zhida: Talk] zhida:stream:Answer {message: Object, currentTime: 2026-07-20 21:58:41.788} @ https://unpkg.zhimg.com/@cfe/sentry-script@1.3.1/dist/init.js:0
[ 2403190ms] [LOG] [INFO] [Zhida: Talk] zhida:stream:Answer {message: Object, currentTime: 2026-07-20 21:58:41.904} @ https://unpkg.zhimg.com/@cfe/sentry-script@1.3.1/dist/init.js:0
[ 2403195ms] [LOG] [INFO] [Zhida: Talk] zhida:stream:Answer {message: Object, currentTime: 2026-07-20 21:58:41.909} @ https://unpkg.zhimg.com/@cfe/sentry-script@1.3.1/dist/init.js:0
[ 2403199ms] [LOG] [INFO] [Zhida: Talk] zhida:stream:Answer {message: Object, currentTime: 2026-07-20 21:58:41.914} @ https://unpkg.zhimg.com/@cfe/sentry-script@1.3.1/dist/init.js:0
[ 2403200ms] [WARNING] useFixedContainerSlot must be used within FixedContainerProvider, falling back to safe defaults @ chrome-extension://fmkadmapgofadopljbjfkapdkoienihi/build/installHook.js:0
[ 2403205ms] [WARNING] useFixedContainerSlot must be used within FixedContainerProvider, falling back to safe defaults @ chrome-extension://fmkadmapgofadopljbjfkapdkoienihi/build/installHook.js:0
[ 2403209ms] [WARNING] useFixedContainerSlot must be used within FixedContainerProvider, falling back to safe defaults @ chrome-extension://fmkadmapgofadopljbjfkapdkoienihi/build/installHook.js:0
[ 2403214ms] [WARNING] useFixedContainerSlot must be used within FixedContainerProvider, falling back to safe defaults @ chrome-extension://fmkadmapgofadopljbjfkapdkoienihi/build/installHook.js:0
[ 2403215ms] [WARNING] useFixedContainerSlot must be used within FixedContainerProvider, falling back to safe defaults @ chrome-extension://fmkadmapgofadopljbjfkapdkoienihi/build/installHook.js:0
[ 2403217ms] [WARNING] useFixedContainerSlot must be used within FixedContainerProvider, falling back to safe defaults @ chrome-extension://fmkadmapgofadopljbjfkapdkoienihi/build/installHook.js:0
[ 2403218ms] [LOG] [INFO] [Zhida: Talk] zhida:stream:Answer {message: Object, currentTime: 2026-07-20 21:58:41.932} @ https://unpkg.zhimg.com/@cfe/sentry-script@1.3.1/dist/init.js:0
[ 2403219ms] [WARNING] useFixedContainerSlot must be used within FixedContainerProvider, falling back to safe defaults @ chrome-extension://fmkadmapgofadopljbjfkapdkoienihi/build/installHook.js:0
[ 2403222ms] [WARNING] useFixedContainerSlot must be used within FixedContainerProvider, falling back to safe defaults @ chrome-extension://fmkadmapgofadopljbjfkapdkoienihi/build/installHook.js:0
[ 2403226ms] [WARNING] useFixedContainerSlot must be used within FixedContainerProvider, falling back to safe defaults @ chrome-extension://fmkadmapgofadopljbjfkapdkoienihi/build/installHook.js:0
[ 2403231ms] [WARNING] useFixedContainerSlot must be used within FixedContainerProvider, falling back to safe defaults @ chrome-extension://fmkadmapgofadopljbjfkapdkoienihi/build/installHook.js:0
[ 2403232ms] [WARNING] useFixedContainerSlot must be used within FixedContainerProvider, falling back to safe defaults @ chrome-extension://fmkadmapgofadopljbjfkapdkoienihi/build/installHook.js:0
[ 2403234ms] [WARNING] useFixedContainerSlot must be used within FixedContainerProvider, falling back to safe defaults @ chrome-extension://fmkadmapgofadopljbjfkapdkoienihi/build/installHook.js:0
[ 2403239ms] [LOG] [INFO] [Zhida: Talk] zhida:stream:Answer {message: Object, currentTime: 2026-07-20 21:58:41.954} @ https://unpkg.zhimg.com/@cfe/sentry-script@1.3.1/dist/init.js:0
[ 2403250ms] [LOG] [INFO] [Zhida: Talk] zhida:stream:Answer {message: Object, currentTime: 2026-07-20 21:58:41.965} @ https://unpkg.zhimg.com/@cfe/sentry-script@1.3.1/dist/init.js:0
[ 2403251ms] [WARNING] useFixedContainerSlot must be used within FixedContainerProvider, falling back to safe defaults @ chrome-extension://fmkadmapgofadopljbjfkapdkoienihi/build/installHook.js:0
[ 2403256ms] [WARNING] useFixedContainerSlot must be used within FixedContainerProvider, falling back to safe defaults @ chrome-extension://fmkadmapgofadopljbjfkapdkoienihi/build/installHook.js:0
[ 2403259ms] [WARNING] useFixedContainerSlot must be used within FixedContainerProvider, falling back to safe defaults @ chrome-extension://fmkadmapgofadopljbjfkapdkoienihi/build/installHook.js:0
[ 2403264ms] [WARNING] useFixedContainerSlot must be used within FixedContainerProvider, falling back to safe defaults @ chrome-extension://fmkadmapgofadopljbjfkapdkoienihi/build/installHook.js:0
[ 2403266ms] [WARNING] useFixedContainerSlot must be used within FixedContainerProvider, falling back to safe defaults @ chrome-extension://fmkadmapgofadopljbjfkapdkoienihi/build/installHook.js:0
[ 2403267ms] [WARNING] useFixedContainerSlot must be used within FixedContainerProvider, falling back to safe defaults @ chrome-extension://fmkadmapgofadopljbjfkapdkoienihi/build/installHook.js:0
[ 2403272ms] [WARNING] useFixedContainerSlot must be used within FixedContainerProvider, falling back to safe defaults @ chrome-extension://fmkadmapgofadopljbjfkapdkoienihi/build/installHook.js:0
[ 2403284ms] [LOG] [INFO] [Zhida: Talk] zhida:stream:Answer {message: Object, currentTime: 2026-07-20 21:58:41.999} @ https://unpkg.zhimg.com/@cfe/sentry-script@1.3.1/dist/init.js:0
[ 2403313ms] [LOG] [INFO] [Zhida: Talk] zhida:stream:Answer {message: Object, currentTime: 2026-07-20 21:58:42.027} @ https://unpkg.zhimg.com/@cfe/sentry-script@1.3.1/dist/init.js:0
[ 2403314ms] [WARNING] useFixedContainerSlot must be used within FixedContainerProvider, falling back to safe defaults @ chrome-extension://fmkadmapgofadopljbjfkapdkoienihi/build/installHook.js:0
[ 2403318ms] [WARNING] useFixedContainerSlot must be used within FixedContainerProvider, falling back to safe defaults @ chrome-extension://fmkadmapgofadopljbjfkapdkoienihi/build/installHook.js:0
[ 2403322ms] [WARNING] useFixedContainerSlot must be used within FixedContainerProvider, falling back to safe defaults @ chrome-extension://fmkadmapgofadopljbjfkapdkoienihi/build/installHook.js:0
[ 2403327ms] [WARNING] useFixedContainerSlot must be used within FixedContainerProvider, falling back to safe defaults @ chrome-extension://fmkadmapgofadopljbjfkapdkoienihi/build/installHook.js:0
[ 2403329ms] [WARNING] useFixedContainerSlot must be used within FixedContainerProvider, falling back to safe defaults @ chrome-extension://fmkadmapgofadopljbjfkapdkoienihi/build/installHook.js:0
[ 2403330ms] [WARNING] useFixedContainerSlot must be used within FixedContainerProvider, falling back to safe defaults @ chrome-extension://fmkadmapgofadopljbjfkapdkoienihi/build/installHook.js:0
[ 2403390ms] [LOG] [INFO] [Zhida: Talk] zhida:stream:Answer {message: Object, currentTime: 2026-07-20 21:58:42.105} @ https://unpkg.zhimg.com/@cfe/sentry-script@1.3.1/dist/init.js:0
[ 2403412ms] [LOG] [INFO] [Zhida: Talk] zhida:stream:Answer {message: Object, currentTime: 2026-07-20 21:58:42.126} @ https://unpkg.zhimg.com/@cfe/sentry-script@1.3.1/dist/init.js:0
[ 2403413ms] [WARNING] useFixedContainerSlot must be used within FixedContainerProvider, falling back to safe defaults @ chrome-extension://fmkadmapgofadopljbjfkapdkoienihi/build/installHook.js:0
[ 2403417ms] [WARNING] useFixedContainerSlot must be used within FixedContainerProvider, falling back to safe defaults @ chrome-extension://fmkadmapgofadopljbjfkapdkoienihi/build/installHook.js:0
[ 2403421ms] [WARNING] useFixedContainerSlot must be used within FixedContainerProvider, falling back to safe defaults @ chrome-extension://fmkadmapgofadopljbjfkapdkoienihi/build/installHook.js:0
[ 2403426ms] [WARNING] useFixedContainerSlot must be used within FixedContainerProvider, falling back to safe defaults @ chrome-extension://fmkadmapgofadopljbjfkapdkoienihi/build/installHook.js:0
[ 2403428ms] [WARNING] useFixedContainerSlot must be used within FixedContainerProvider, falling back to safe defaults @ chrome-extension://fmkadmapgofadopljbjfkapdkoienihi/build/installHook.js:0
[ 2403429ms] [WARNING] useFixedContainerSlot must be used within FixedContainerProvider, falling back to safe defaults @ chrome-extension://fmkadmapgofadopljbjfkapdkoienihi/build/installHook.js:0
[ 2403464ms] [LOG] [INFO] [Zhida: Talk] zhida:stream:Answer {message: Object, currentTime: 2026-07-20 21:58:42.179} @ https://unpkg.zhimg.com/@cfe/sentry-script@1.3.1/dist/init.js:0
[ 2403465ms] [WARNING] useFixedContainerSlot must be used within FixedContainerProvider, falling back to safe defaults @ chrome-extension://fmkadmapgofadopljbjfkapdkoienihi/build/installHook.js:0
[ 2403469ms] [WARNING] useFixedContainerSlot must be used within FixedContainerProvider, falling back to safe defaults @ chrome-extension://fmkadmapgofadopljbjfkapdkoienihi/build/installHook.js:0
[ 2403473ms] [WARNING] useFixedContainerSlot must be used within FixedContainerProvider, falling back to safe defaults @ chrome-extension://fmkadmapgofadopljbjfkapdkoienihi/build/installHook.js:0
[ 2403478ms] [WARNING] useFixedContainerSlot must be used within FixedContainerProvider, falling back to safe defaults @ chrome-extension://fmkadmapgofadopljbjfkapdkoienihi/build/installHook.js:0
[ 2403479ms] [WARNING] useFixedContainerSlot must be used within FixedContainerProvider, falling back to safe defaults @ chrome-extension://fmkadmapgofadopljbjfkapdkoienihi/build/installHook.js:0
[ 2403481ms] [WARNING] useFixedContainerSlot must be used within FixedContainerProvider, falling back to safe defaults @ chrome-extension://fmkadmapgofadopljbjfkapdkoienihi/build/installHook.js:0
[ 2403526ms] [LOG] [INFO] [Zhida: Talk] zhida:stream:Answer {message: Object, currentTime: 2026-07-20 21:58:42.240} @ https://unpkg.zhimg.com/@cfe/sentry-script@1.3.1/dist/init.js:0
[ 2403624ms] [LOG] [INFO] [Zhida: Talk] zhida:stream:Answer {message: Object, currentTime: 2026-07-20 21:58:42.338} @ https://unpkg.zhimg.com/@cfe/sentry-script@1.3.1/dist/init.js:0
[ 2403625ms] [WARNING] useFixedContainerSlot must be used within FixedContainerProvider, falling back to safe defaults @ chrome-extension://fmkadmapgofadopljbjfkapdkoienihi/build/installHook.js:0
[ 2403629ms] [WARNING] useFixedContainerSlot must be used within FixedContainerProvider, falling back to safe defaults @ chrome-extension://fmkadmapgofadopljbjfkapdkoienihi/build/installHook.js:0
[ 2403633ms] [WARNING] useFixedContainerSlot must be used within FixedContainerProvider, falling back to safe defaults @ chrome-extension://fmkadmapgofadopljbjfkapdkoienihi/build/installHook.js:0
[ 2403638ms] [WARNING] useFixedContainerSlot must be used within FixedContainerProvider, falling back to safe defaults @ chrome-extension://fmkadmapgofadopljbjfkapdkoienihi/build/installHook.js:0
[ 2403640ms] [WARNING] useFixedContainerSlot must be used within FixedContainerProvider, falling back to safe defaults @ chrome-extension://fmkadmapgofadopljbjfkapdkoienihi/build/installHook.js:0
[ 2403641ms] [WARNING] useFixedContainerSlot must be used within FixedContainerProvider, falling back to safe defaults @ chrome-extension://fmkadmapgofadopljbjfkapdkoienihi/build/installHook.js:0
[ 2403657ms] [LOG] [INFO] [Zhida: Talk] zhida:stream:Answer {message: Object, currentTime: 2026-07-20 21:58:42.371} @ https://unpkg.zhimg.com/@cfe/sentry-script@1.3.1/dist/init.js:0
[ 2403676ms] [LOG] [INFO] [Zhida: Talk] zhida:stream:Answer {message: Object, currentTime: 2026-07-20 21:58:42.391} @ https://unpkg.zhimg.com/@cfe/sentry-script@1.3.1/dist/init.js:0
[ 2403677ms] [WARNING] useFixedContainerSlot must be used within FixedContainerProvider, falling back to safe defaults @ chrome-extension://fmkadmapgofadopljbjfkapdkoienihi/build/installHook.js:0
[ 2403682ms] [WARNING] useFixedContainerSlot must be used within FixedContainerProvider, falling back to safe defaults @ chrome-extension://fmkadmapgofadopljbjfkapdkoienihi/build/installHook.js:0
[ 2403685ms] [WARNING] useFixedContainerSlot must be used within FixedContainerProvider, falling back to safe defaults @ chrome-extension://fmkadmapgofadopljbjfkapdkoienihi/build/installHook.js:0
[ 2403691ms] [WARNING] useFixedContainerSlot must be used within FixedContainerProvider, falling back to safe defaults @ chrome-extension://fmkadmapgofadopljbjfkapdkoienihi/build/installHook.js:0
[ 2403692ms] [WARNING] useFixedContainerSlot must be used within FixedContainerProvider, falling back to safe defaults @ chrome-extension://fmkadmapgofadopljbjfkapdkoienihi/build/installHook.js:0
[ 2403694ms] [WARNING] useFixedContainerSlot must be used within FixedContainerProvider, falling back to safe defaults @ chrome-extension://fmkadmapgofadopljbjfkapdkoienihi/build/installHook.js:0
[ 2403744ms] [LOG] [INFO] [Zhida: Talk] zhida:stream:HeartBeat {message: Object, currentTime: 2026-07-20 21:58:42.459} @ https://unpkg.zhimg.com/@cfe/sentry-script@1.3.1/dist/init.js:0
[ 2403782ms] [LOG] [INFO] [Zhida: Talk] zhida:stream:Answer {message: Object, currentTime: 2026-07-20 21:58:42.496} @ https://unpkg.zhimg.com/@cfe/sentry-script@1.3.1/dist/init.js:0
[ 2403783ms] [WARNING] useFixedContainerSlot must be used within FixedContainerProvider, falling back to safe defaults @ chrome-extension://fmkadmapgofadopljbjfkapdkoienihi/build/installHook.js:0
[ 2403787ms] [WARNING] useFixedContainerSlot must be used within FixedContainerProvider, falling back to safe defaults @ chrome-extension://fmkadmapgofadopljbjfkapdkoienihi/build/installHook.js:0
[ 2403791ms] [WARNING] useFixedContainerSlot must be used within FixedContainerProvider, falling back to safe defaults @ chrome-extension://fmkadmapgofadopljbjfkapdkoienihi/build/installHook.js:0
[ 2403795ms] [WARNING] useFixedContainerSlot must be used within FixedContainerProvider, falling back to safe defaults @ chrome-extension://fmkadmapgofadopljbjfkapdkoienihi/build/installHook.js:0
[ 2403797ms] [WARNING] useFixedContainerSlot must be used within FixedContainerProvider, falling back to safe defaults @ chrome-extension://fmkadmapgofadopljbjfkapdkoienihi/build/installHook.js:0
[ 2403798ms] [WARNING] useFixedContainerSlot must be used within FixedContainerProvider, falling back to safe defaults @ chrome-extension://fmkadmapgofadopljbjfkapdkoienihi/build/installHook.js:0
[ 2403858ms] [LOG] [INFO] [Zhida: Talk] zhida:stream:Answer {message: Object, currentTime: 2026-07-20 21:58:42.573} @ https://unpkg.zhimg.com/@cfe/sentry-script@1.3.1/dist/init.js:0
[ 2403868ms] [WARNING] useFixedContainerSlot must be used within FixedContainerProvider, falling back to safe defaults @ chrome-extension://fmkadmapgofadopljbjfkapdkoienihi/build/installHook.js:0
[ 2403869ms] [WARNING] useFixedContainerSlot must be used within FixedContainerProvider, falling back to safe defaults @ chrome-extension://fmkadmapgofadopljbjfkapdkoienihi/build/installHook.js:0
[ 2403870ms] [WARNING] useFixedContainerSlot must be used within FixedContainerProvider, falling back to safe defaults @ chrome-extension://fmkadmapgofadopljbjfkapdkoienihi/build/installHook.js:0
[ 2403877ms] [WARNING] useFixedContainerSlot must be used within FixedContainerProvider, falling back to safe defaults @ chrome-extension://fmkadmapgofadopljbjfkapdkoienihi/build/installHook.js:0
[ 2403881ms] [LOG] [INFO] [Zhida: Talk] zhida:stream:Answer {message: Object, currentTime: 2026-07-20 21:58:42.596} @ https://unpkg.zhimg.com/@cfe/sentry-script@1.3.1/dist/init.js:0
[ 2403887ms] [LOG] [INFO] [Zhida: Talk] zhida:stream:Answer {message: Object, currentTime: 2026-07-20 21:58:42.601} @ https://unpkg.zhimg.com/@cfe/sentry-script@1.3.1/dist/init.js:0
[ 2403888ms] [WARNING] useFixedContainerSlot must be used within FixedContainerProvider, falling back to safe defaults @ chrome-extension://fmkadmapgofadopljbjfkapdkoienihi/build/installHook.js:0
[ 2403892ms] [WARNING] useFixedContainerSlot must be used within FixedContainerProvider, falling back to safe defaults @ chrome-extension://fmkadmapgofadopljbjfkapdkoienihi/build/installHook.js:0
[ 2403896ms] [WARNING] useFixedContainerSlot must be used within FixedContainerProvider, falling back to safe defaults @ chrome-extension://fmkadmapgofadopljbjfkapdkoienihi/build/installHook.js:0
[ 2403901ms] [WARNING] useFixedContainerSlot must be used within FixedContainerProvider, falling back to safe defaults @ chrome-extension://fmkadmapgofadopljbjfkapdkoienihi/build/installHook.js:0
[ 2403903ms] [WARNING] useFixedContainerSlot must be used within FixedContainerProvider, falling back to safe defaults @ chrome-extension://fmkadmapgofadopljbjfkapdkoienihi/build/installHook.js:0
[ 2403904ms] [WARNING] useFixedContainerSlot must be used within FixedContainerProvider, falling back to safe defaults @ chrome-extension://fmkadmapgofadopljbjfkapdkoienihi/build/installHook.js:0
[ 2403908ms] [LOG] [INFO] [Zhida: Talk] zhida:stream:Answer {message: Object, currentTime: 2026-07-20 21:58:42.623} @ https://unpkg.zhimg.com/@cfe/sentry-script@1.3.1/dist/init.js:0
[ 2403909ms] [WARNING] useFixedContainerSlot must be used within FixedContainerProvider, falling back to safe defaults @ chrome-extension://fmkadmapgofadopljbjfkapdkoienihi/build/installHook.js:0
[ 2403913ms] [WARNING] useFixedContainerSlot must be used within FixedContainerProvider, falling back to safe defaults @ chrome-extension://fmkadmapgofadopljbjfkapdkoienihi/build/installHook.js:0
[ 2403918ms] [WARNING] useFixedContainerSlot must be used within FixedContainerProvider, falling back to safe defaults @ chrome-extension://fmkadmapgofadopljbjfkapdkoienihi/build/installHook.js:0
[ 2403923ms] [WARNING] useFixedContainerSlot must be used within FixedContainerProvider, falling back to safe defaults @ chrome-extension://fmkadmapgofadopljbjfkapdkoienihi/build/installHook.js:0
[ 2403924ms] [WARNING] useFixedContainerSlot must be used within FixedContainerProvider, falling back to safe defaults @ chrome-extension://fmkadmapgofadopljbjfkapdkoienihi/build/installHook.js:0
[ 2403926ms] [WARNING] useFixedContainerSlot must be used within FixedContainerProvider, falling back to safe defaults @ chrome-extension://fmkadmapgofadopljbjfkapdkoienihi/build/installHook.js:0
[ 2403930ms] [LOG] [INFO] [Zhida: Talk] zhida:stream:Answer {message: Object, currentTime: 2026-07-20 21:58:42.644} @ https://unpkg.zhimg.com/@cfe/sentry-script@1.3.1/dist/init.js:0
[ 2404021ms] [WARNING] useFixedContainerSlot must be used within FixedContainerProvider, falling back to safe defaults @ chrome-extension://fmkadmapgofadopljbjfkapdkoienihi/build/installHook.js:0
[ 2404023ms] [WARNING] useFixedContainerSlot must be used within FixedContainerProvider, falling back to safe defaults @ chrome-extension://fmkadmapgofadopljbjfkapdkoienihi/build/installHook.js:0
[ 2404024ms] [WARNING] useFixedContainerSlot must be used within FixedContainerProvider, falling back to safe defaults @ chrome-extension://fmkadmapgofadopljbjfkapdkoienihi/build/installHook.js:0
[ 2404097ms] [LOG] [INFO] [Zhida: Talk] zhida:stream:Answer {message: Object, currentTime: 2026-07-20 21:58:42.811} @ https://unpkg.zhimg.com/@cfe/sentry-script@1.3.1/dist/init.js:0
[ 2404098ms] [WARNING] useFixedContainerSlot must be used within FixedContainerProvider, falling back to safe defaults @ chrome-extension://fmkadmapgofadopljbjfkapdkoienihi/build/installHook.js:0
[ 2404102ms] [WARNING] useFixedContainerSlot must be used within FixedContainerProvider, falling back to safe defaults @ chrome-extension://fmkadmapgofadopljbjfkapdkoienihi/build/installHook.js:0
[ 2404106ms] [WARNING] useFixedContainerSlot must be used within FixedContainerProvider, falling back to safe defaults @ chrome-extension://fmkadmapgofadopljbjfkapdkoienihi/build/installHook.js:0
[ 2404111ms] [WARNING] useFixedContainerSlot must be used within FixedContainerProvider, falling back to safe defaults @ chrome-extension://fmkadmapgofadopljbjfkapdkoienihi/build/installHook.js:0
[ 2404113ms] [WARNING] useFixedContainerSlot must be used within FixedContainerProvider, falling back to safe defaults @ chrome-extension://fmkadmapgofadopljbjfkapdkoienihi/build/installHook.js:0
[ 2404114ms] [WARNING] useFixedContainerSlot must be used within FixedContainerProvider, falling back to safe defaults @ chrome-extension://fmkadmapgofadopljbjfkapdkoienihi/build/installHook.js:0
[ 2404115ms] [LOG] [INFO] [Zhida: Talk] zhida:stream:Answer {message: Object, currentTime: 2026-07-20 21:58:42.830} @ https://unpkg.zhimg.com/@cfe/sentry-script@1.3.1/dist/init.js:0
[ 2404190ms] [LOG] [INFO] [Zhida: Talk] zhida:stream:Answer {message: Object, currentTime: 2026-07-20 21:58:42.904} @ https://unpkg.zhimg.com/@cfe/sentry-script@1.3.1/dist/init.js:0
[ 2404195ms] [WARNING] useFixedContainerSlot must be used within FixedContainerProvider, falling back to safe defaults @ chrome-extension://fmkadmapgofadopljbjfkapdkoienihi/build/installHook.js:0
[ 2404197ms] [WARNING] useFixedContainerSlot must be used within FixedContainerProvider, falling back to safe defaults @ chrome-extension://fmkadmapgofadopljbjfkapdkoienihi/build/installHook.js:0
[ 2404198ms] [WARNING] useFixedContainerSlot must be used within FixedContainerProvider, falling back to safe defaults @ chrome-extension://fmkadmapgofadopljbjfkapdkoienihi/build/installHook.js:0
[ 2404211ms] [LOG] [INFO] [Zhida: Talk] zhida:stream:Answer {message: Object, currentTime: 2026-07-20 21:58:42.926} @ https://unpkg.zhimg.com/@cfe/sentry-script@1.3.1/dist/init.js:0
[ 2404212ms] [WARNING] useFixedContainerSlot must be used within FixedContainerProvider, falling back to safe defaults @ chrome-extension://fmkadmapgofadopljbjfkapdkoienihi/build/installHook.js:0
[ 2404217ms] [WARNING] useFixedContainerSlot must be used within FixedContainerProvider, falling back to safe defaults @ chrome-extension://fmkadmapgofadopljbjfkapdkoienihi/build/installHook.js:0
[ 2404221ms] [WARNING] useFixedContainerSlot must be used within FixedContainerProvider, falling back to safe defaults @ chrome-extension://fmkadmapgofadopljbjfkapdkoienihi/build/installHook.js:0
[ 2404226ms] [WARNING] useFixedContainerSlot must be used within FixedContainerProvider, falling back to safe defaults @ chrome-extension://fmkadmapgofadopljbjfkapdkoienihi/build/installHook.js:0
[ 2404227ms] [WARNING] useFixedContainerSlot must be used within FixedContainerProvider, falling back to safe defaults @ chrome-extension://fmkadmapgofadopljbjfkapdkoienihi/build/installHook.js:0
[ 2404229ms] [WARNING] useFixedContainerSlot must be used within FixedContainerProvider, falling back to safe defaults @ chrome-extension://fmkadmapgofadopljbjfkapdkoienihi/build/installHook.js:0
[ 2404260ms] [LOG] [INFO] [Zhida: Talk] zhida:stream:Answer {message: Object, currentTime: 2026-07-20 21:58:42.974} @ https://unpkg.zhimg.com/@cfe/sentry-script@1.3.1/dist/init.js:0
[ 2404261ms] [WARNING] useFixedContainerSlot must be used within FixedContainerProvider, falling back to safe defaults @ chrome-extension://fmkadmapgofadopljbjfkapdkoienihi/build/installHook.js:0
[ 2404265ms] [WARNING] useFixedContainerSlot must be used within FixedContainerProvider, falling back to safe defaults @ chrome-extension://fmkadmapgofadopljbjfkapdkoienihi/build/installHook.js:0
[ 2404269ms] [WARNING] useFixedContainerSlot must be used within FixedContainerProvider, falling back to safe defaults @ chrome-extension://fmkadmapgofadopljbjfkapdkoienihi/build/installHook.js:0
[ 2404274ms] [WARNING] useFixedContainerSlot must be used within FixedContainerProvider, falling back to safe defaults @ chrome-extension://fmkadmapgofadopljbjfkapdkoienihi/build/installHook.js:0
[ 2404275ms] [WARNING] useFixedContainerSlot must be used within FixedContainerProvider, falling back to safe defaults @ chrome-extension://fmkadmapgofadopljbjfkapdkoienihi/build/installHook.js:0
[ 2404277ms] [WARNING] useFixedContainerSlot must be used within FixedContainerProvider, falling back to safe defaults @ chrome-extension://fmkadmapgofadopljbjfkapdkoienihi/build/installHook.js:0
[ 2404298ms] [LOG] [INFO] [Zhida: Talk] zhida:stream:Answer {message: Object, currentTime: 2026-07-20 21:58:43.013} @ https://unpkg.zhimg.com/@cfe/sentry-script@1.3.1/dist/init.js:0
[ 2404346ms] [LOG] [INFO] [Zhida: Talk] zhida:stream:Answer {message: Object, currentTime: 2026-07-20 21:58:43.061} @ https://unpkg.zhimg.com/@cfe/sentry-script@1.3.1/dist/init.js:0
[ 2404366ms] [LOG] [INFO] [Zhida: Talk] zhida:stream:Answer {message: Object, currentTime: 2026-07-20 21:58:43.080} @ https://unpkg.zhimg.com/@cfe/sentry-script@1.3.1/dist/init.js:0
[ 2404367ms] [WARNING] useFixedContainerSlot must be used within FixedContainerProvider, falling back to safe defaults @ chrome-extension://fmkadmapgofadopljbjfkapdkoienihi/build/installHook.js:0
[ 2404371ms] [WARNING] useFixedContainerSlot must be used within FixedContainerProvider, falling back to safe defaults @ chrome-extension://fmkadmapgofadopljbjfkapdkoienihi/build/installHook.js:0
[ 2404375ms] [WARNING] useFixedContainerSlot must be used within FixedContainerProvider, falling back to safe defaults @ chrome-extension://fmkadmapgofadopljbjfkapdkoienihi/build/installHook.js:0
[ 2404380ms] [WARNING] useFixedContainerSlot must be used within FixedContainerProvider, falling back to safe defaults @ chrome-extension://fmkadmapgofadopljbjfkapdkoienihi/build/installHook.js:0
[ 2404382ms] [WARNING] useFixedContainerSlot must be used within FixedContainerProvider, falling back to safe defaults @ chrome-extension://fmkadmapgofadopljbjfkapdkoienihi/build/installHook.js:0
[ 2404383ms] [WARNING] useFixedContainerSlot must be used within FixedContainerProvider, falling back to safe defaults @ chrome-extension://fmkadmapgofadopljbjfkapdkoienihi/build/installHook.js:0
[ 2404388ms] [WARNING] useFixedContainerSlot must be used within FixedContainerProvider, falling back to safe defaults @ chrome-extension://fmkadmapgofadopljbjfkapdkoienihi/build/installHook.js:0
[ 2404400ms] [LOG] [INFO] [Zhida: Talk] zhida:stream:Answer {message: Object, currentTime: 2026-07-20 21:58:43.114} @ https://unpkg.zhimg.com/@cfe/sentry-script@1.3.1/dist/init.js:0
[ 2404419ms] [LOG] [INFO] [Zhida: Talk] zhida:stream:Answer {message: Object, currentTime: 2026-07-20 21:58:43.134} @ https://unpkg.zhimg.com/@cfe/sentry-script@1.3.1/dist/init.js:0
[ 2404420ms] [WARNING] useFixedContainerSlot must be used within FixedContainerProvider, falling back to safe defaults @ chrome-extension://fmkadmapgofadopljbjfkapdkoienihi/build/installHook.js:0
[ 2404424ms] [WARNING] useFixedContainerSlot must be used within FixedContainerProvider, falling back to safe defaults @ chrome-extension://fmkadmapgofadopljbjfkapdkoienihi/build/installHook.js:0
[ 2404428ms] [WARNING] useFixedContainerSlot must be used within FixedContainerProvider, falling back to safe defaults @ chrome-extension://fmkadmapgofadopljbjfkapdkoienihi/build/installHook.js:0
[ 2404433ms] [WARNING] useFixedContainerSlot must be used within FixedContainerProvider, falling back to safe defaults @ chrome-extension://fmkadmapgofadopljbjfkapdkoienihi/build/installHook.js:0
[ 2404434ms] [WARNING] useFixedContainerSlot must be used within FixedContainerProvider, falling back to safe defaults @ chrome-extension://fmkadmapgofadopljbjfkapdkoienihi/build/installHook.js:0
[ 2404436ms] [WARNING] useFixedContainerSlot must be used within FixedContainerProvider, falling back to safe defaults @ chrome-extension://fmkadmapgofadopljbjfkapdkoienihi/build/installHook.js:0
[ 2404455ms] [LOG] [INFO] [Zhida: Talk] zhida:stream:Answer {message: Object, currentTime: 2026-07-20 21:58:43.169} @ https://unpkg.zhimg.com/@cfe/sentry-script@1.3.1/dist/init.js:0
[ 2404558ms] [LOG] [INFO] [Zhida: Talk] zhida:stream:Answer {message: Object, currentTime: 2026-07-20 21:58:43.272} @ https://unpkg.zhimg.com/@cfe/sentry-script@1.3.1/dist/init.js:0
[ 2404579ms] [LOG] [INFO] [Zhida: Talk] zhida:stream:Answer {message: Object, currentTime: 2026-07-20 21:58:43.293} @ https://unpkg.zhimg.com/@cfe/sentry-script@1.3.1/dist/init.js:0
[ 2404580ms] [WARNING] useFixedContainerSlot must be used within FixedContainerProvider, falling back to safe defaults @ chrome-extension://fmkadmapgofadopljbjfkapdkoienihi/build/installHook.js:0
[ 2404584ms] [WARNING] useFixedContainerSlot must be used within FixedContainerProvider, falling back to safe defaults @ chrome-extension://fmkadmapgofadopljbjfkapdkoienihi/build/installHook.js:0
[ 2404588ms] [WARNING] useFixedContainerSlot must be used within FixedContainerProvider, falling back to safe defaults @ chrome-extension://fmkadmapgofadopljbjfkapdkoienihi/build/installHook.js:0
[ 2404593ms] [WARNING] useFixedContainerSlot must be used within FixedContainerProvider, falling back to safe defaults @ chrome-extension://fmkadmapgofadopljbjfkapdkoienihi/build/installHook.js:0
[ 2404594ms] [WARNING] useFixedContainerSlot must be used within FixedContainerProvider, falling back to safe defaults @ chrome-extension://fmkadmapgofadopljbjfkapdkoienihi/build/installHook.js:0
[ 2404596ms] [WARNING] useFixedContainerSlot must be used within FixedContainerProvider, falling back to safe defaults @ chrome-extension://fmkadmapgofadopljbjfkapdkoienihi/build/installHook.js:0
[ 2404602ms] [WARNING] useFixedContainerSlot must be used within FixedContainerProvider, falling back to safe defaults @ chrome-extension://fmkadmapgofadopljbjfkapdkoienihi/build/installHook.js:0
[ 2404603ms] [WARNING] useFixedContainerSlot must be used within FixedContainerProvider, falling back to safe defaults @ chrome-extension://fmkadmapgofadopljbjfkapdkoienihi/build/installHook.js:0
[ 2404604ms] [WARNING] useFixedContainerSlot must be used within FixedContainerProvider, falling back to safe defaults @ chrome-extension://fmkadmapgofadopljbjfkapdkoienihi/build/installHook.js:0
[ 2404745ms] [LOG] [INFO] [Zhida: Talk] zhida:stream:Answer {message: Object, currentTime: 2026-07-20 21:58:43.459} @ https://unpkg.zhimg.com/@cfe/sentry-script@1.3.1/dist/init.js:0
[ 2404746ms] [WARNING] useFixedContainerSlot must be used within FixedContainerProvider, falling back to safe defaults @ chrome-extension://fmkadmapgofadopljbjfkapdkoienihi/build/installHook.js:0
[ 2404750ms] [WARNING] useFixedContainerSlot must be used within FixedContainerProvider, falling back to safe defaults @ chrome-extension://fmkadmapgofadopljbjfkapdkoienihi/build/installHook.js:0
[ 2404754ms] [WARNING] useFixedContainerSlot must be used within FixedContainerProvider, falling back to safe defaults @ chrome-extension://fmkadmapgofadopljbjfkapdkoienihi/build/installHook.js:0
[ 2404759ms] [WARNING] useFixedContainerSlot must be used within FixedContainerProvider, falling back to safe defaults @ chrome-extension://fmkadmapgofadopljbjfkapdkoienihi/build/installHook.js:0
[ 2404761ms] [WARNING] useFixedContainerSlot must be used within FixedContainerProvider, falling back to safe defaults @ chrome-extension://fmkadmapgofadopljbjfkapdkoienihi/build/installHook.js:0
[ 2404762ms] [WARNING] useFixedContainerSlot must be used within FixedContainerProvider, falling back to safe defaults @ chrome-extension://fmkadmapgofadopljbjfkapdkoienihi/build/installHook.js:0
[ 2404771ms] [LOG] [INFO] [Zhida: Talk] zhida:stream:Answer {message: Object, currentTime: 2026-07-20 21:58:43.486} @ https://unpkg.zhimg.com/@cfe/sentry-script@1.3.1/dist/init.js:0
[ 2404867ms] [WARNING] useFixedContainerSlot must be used within FixedContainerProvider, falling back to safe defaults @ chrome-extension://fmkadmapgofadopljbjfkapdkoienihi/build/installHook.js:0
[ 2404949ms] [WARNING] useFixedContainerSlot must be used within FixedContainerProvider, falling back to safe defaults @ chrome-extension://fmkadmapgofadopljbjfkapdkoienihi/build/installHook.js:0
[ 2404999ms] [WARNING] useFixedContainerSlot must be used within FixedContainerProvider, falling back to safe defaults @ chrome-extension://fmkadmapgofadopljbjfkapdkoienihi/build/installHook.js:0
[ 2405005ms] [WARNING] useFixedContainerSlot must be used within FixedContainerProvider, falling back to safe defaults @ chrome-extension://fmkadmapgofadopljbjfkapdkoienihi/build/installHook.js:0
[ 2405007ms] [WARNING] useFixedContainerSlot must be used within FixedContainerProvider, falling back to safe defaults @ chrome-extension://fmkadmapgofadopljbjfkapdkoienihi/build/installHook.js:0
[ 2405008ms] [WARNING] useFixedContainerSlot must be used within FixedContainerProvider, falling back to safe defaults @ chrome-extension://fmkadmapgofadopljbjfkapdkoienihi/build/installHook.js:0
[ 2405010ms] [LOG] [INFO] [Zhida: Talk] zhida:stream:Answer {message: Object, currentTime: 2026-07-20 21:58:43.725} @ https://unpkg.zhimg.com/@cfe/sentry-script@1.3.1/dist/init.js:0
[ 2405011ms] [WARNING] useFixedContainerSlot must be used within FixedContainerProvider, falling back to safe defaults @ chrome-extension://fmkadmapgofadopljbjfkapdkoienihi/build/installHook.js:0
[ 2405016ms] [WARNING] useFixedContainerSlot must be used within FixedContainerProvider, falling back to safe defaults @ chrome-extension://fmkadmapgofadopljbjfkapdkoienihi/build/installHook.js:0
[ 2405020ms] [WARNING] useFixedContainerSlot must be used within FixedContainerProvider, falling back to safe defaults @ chrome-extension://fmkadmapgofadopljbjfkapdkoienihi/build/installHook.js:0
[ 2405025ms] [WARNING] useFixedContainerSlot must be used within FixedContainerProvider, falling back to safe defaults @ chrome-extension://fmkadmapgofadopljbjfkapdkoienihi/build/installHook.js:0
[ 2405027ms] [WARNING] useFixedContainerSlot must be used within FixedContainerProvider, falling back to safe defaults @ chrome-extension://fmkadmapgofadopljbjfkapdkoienihi/build/installHook.js:0
[ 2405028ms] [WARNING] useFixedContainerSlot must be used within FixedContainerProvider, falling back to safe defaults @ chrome-extension://fmkadmapgofadopljbjfkapdkoienihi/build/installHook.js:0
[ 2405063ms] [WARNING] useFixedContainerSlot must be used within FixedContainerProvider, falling back to safe defaults @ chrome-extension://fmkadmapgofadopljbjfkapdkoienihi/build/installHook.js:0
[ 2405064ms] [WARNING] useFixedContainerSlot must be used within FixedContainerProvider, falling back to safe defaults @ chrome-extension://fmkadmapgofadopljbjfkapdkoienihi/build/installHook.js:0
[ 2405066ms] [WARNING] useFixedContainerSlot must be used within FixedContainerProvider, falling back to safe defaults @ chrome-extension://fmkadmapgofadopljbjfkapdkoienihi/build/installHook.js:0
[ 2405070ms] [LOG] [INFO] [Zhida: Talk] zhida:stream:Answer {message: Object, currentTime: 2026-07-20 21:58:43.784} @ https://unpkg.zhimg.com/@cfe/sentry-script@1.3.1/dist/init.js:0
[ 2405071ms] [WARNING] useFixedContainerSlot must be used within FixedContainerProvider, falling back to safe defaults @ chrome-extension://fmkadmapgofadopljbjfkapdkoienihi/build/installHook.js:0
[ 2405075ms] [WARNING] useFixedContainerSlot must be used within FixedContainerProvider, falling back to safe defaults @ chrome-extension://fmkadmapgofadopljbjfkapdkoienihi/build/installHook.js:0
[ 2405079ms] [WARNING] useFixedContainerSlot must be used within FixedContainerProvider, falling back to safe defaults @ chrome-extension://fmkadmapgofadopljbjfkapdkoienihi/build/installHook.js:0
[ 2405084ms] [WARNING] useFixedContainerSlot must be used within FixedContainerProvider, falling back to safe defaults @ chrome-extension://fmkadmapgofadopljbjfkapdkoienihi/build/installHook.js:0
[ 2405086ms] [WARNING] useFixedContainerSlot must be used within FixedContainerProvider, falling back to safe defaults @ chrome-extension://fmkadmapgofadopljbjfkapdkoienihi/build/installHook.js:0
[ 2405087ms] [WARNING] useFixedContainerSlot must be used within FixedContainerProvider, falling back to safe defaults @ chrome-extension://fmkadmapgofadopljbjfkapdkoienihi/build/installHook.js:0
[ 2405120ms] [WARNING] useFixedContainerSlot must be used within FixedContainerProvider, falling back to safe defaults @ chrome-extension://fmkadmapgofadopljbjfkapdkoienihi/build/installHook.js:0
[ 2405176ms] [WARNING] useFixedContainerSlot must be used within FixedContainerProvider, falling back to safe defaults @ chrome-extension://fmkadmapgofadopljbjfkapdkoienihi/build/installHook.js:0
[ 2405188ms] [LOG] [INFO] [Zhida: Talk] zhida:stream:Answer {message: Object, currentTime: 2026-07-20 21:58:43.902} @ https://unpkg.zhimg.com/@cfe/sentry-script@1.3.1/dist/init.js:0
[ 2405189ms] [WARNING] useFixedContainerSlot must be used within FixedContainerProvider, falling back to safe defaults @ chrome-extension://fmkadmapgofadopljbjfkapdkoienihi/build/installHook.js:0
[ 2405193ms] [WARNING] useFixedContainerSlot must be used within FixedContainerProvider, falling back to safe defaults @ chrome-extension://fmkadmapgofadopljbjfkapdkoienihi/build/installHook.js:0
[ 2405198ms] [WARNING] useFixedContainerSlot must be used within FixedContainerProvider, falling back to safe defaults @ chrome-extension://fmkadmapgofadopljbjfkapdkoienihi/build/installHook.js:0
[ 2405203ms] [WARNING] useFixedContainerSlot must be used within FixedContainerProvider, falling back to safe defaults @ chrome-extension://fmkadmapgofadopljbjfkapdkoienihi/build/installHook.js:0
[ 2405205ms] [WARNING] useFixedContainerSlot must be used within FixedContainerProvider, falling back to safe defaults @ chrome-extension://fmkadmapgofadopljbjfkapdkoienihi/build/installHook.js:0
[ 2405207ms] [WARNING] useFixedContainerSlot must be used within FixedContainerProvider, falling back to safe defaults @ chrome-extension://fmkadmapgofadopljbjfkapdkoienihi/build/installHook.js:0
[ 2405245ms] [LOG] [INFO] [Zhida: Talk] zhida:stream:Answer {message: Object, currentTime: 2026-07-20 21:58:43.960} @ https://unpkg.zhimg.com/@cfe/sentry-script@1.3.1/dist/init.js:0
[ 2405247ms] [WARNING] useFixedContainerSlot must be used within FixedContainerProvider, falling back to safe defaults @ chrome-extension://fmkadmapgofadopljbjfkapdkoienihi/build/installHook.js:0
[ 2405251ms] [WARNING] useFixedContainerSlot must be used within FixedContainerProvider, falling back to safe defaults @ chrome-extension://fmkadmapgofadopljbjfkapdkoienihi/build/installHook.js:0
[ 2405256ms] [WARNING] useFixedContainerSlot must be used within FixedContainerProvider, falling back to safe defaults @ chrome-extension://fmkadmapgofadopljbjfkapdkoienihi/build/installHook.js:0
[ 2405261ms] [WARNING] useFixedContainerSlot must be used within FixedContainerProvider, falling back to safe defaults @ chrome-extension://fmkadmapgofadopljbjfkapdkoienihi/build/installHook.js:0
[ 2405263ms] [WARNING] useFixedContainerSlot must be used within FixedContainerProvider, falling back to safe defaults @ chrome-extension://fmkadmapgofadopljbjfkapdkoienihi/build/installHook.js:0
[ 2405265ms] [WARNING] useFixedContainerSlot must be used within FixedContainerProvider, falling back to safe defaults @ chrome-extension://fmkadmapgofadopljbjfkapdkoienihi/build/installHook.js:0
[ 2405270ms] [LOG] [INFO] [Zhida: Talk] zhida:stream:Answer {message: Object, currentTime: 2026-07-20 21:58:43.984} @ https://unpkg.zhimg.com/@cfe/sentry-script@1.3.1/dist/init.js:0
[ 2405271ms] [WARNING] useFixedContainerSlot must be used within FixedContainerProvider, falling back to safe defaults @ chrome-extension://fmkadmapgofadopljbjfkapdkoienihi/build/installHook.js:0
[ 2405275ms] [WARNING] useFixedContainerSlot must be used within FixedContainerProvider, falling back to safe defaults @ chrome-extension://fmkadmapgofadopljbjfkapdkoienihi/build/installHook.js:0
[ 2405278ms] [WARNING] useFixedContainerSlot must be used within FixedContainerProvider, falling back to safe defaults @ chrome-extension://fmkadmapgofadopljbjfkapdkoienihi/build/installHook.js:0
[ 2405283ms] [WARNING] useFixedContainerSlot must be used within FixedContainerProvider, falling back to safe defaults @ chrome-extension://fmkadmapgofadopljbjfkapdkoienihi/build/installHook.js:0
[ 2405285ms] [WARNING] useFixedContainerSlot must be used within FixedContainerProvider, falling back to safe defaults @ chrome-extension://fmkadmapgofadopljbjfkapdkoienihi/build/installHook.js:0
[ 2405286ms] [WARNING] useFixedContainerSlot must be used within FixedContainerProvider, falling back to safe defaults @ chrome-extension://fmkadmapgofadopljbjfkapdkoienihi/build/installHook.js:0
[ 2405316ms] [WARNING] useFixedContainerSlot must be used within FixedContainerProvider, falling back to safe defaults @ chrome-extension://fmkadmapgofadopljbjfkapdkoienihi/build/installHook.js:0
[ 2405317ms] [WARNING] useFixedContainerSlot must be used within FixedContainerProvider, falling back to safe defaults @ chrome-extension://fmkadmapgofadopljbjfkapdkoienihi/build/installHook.js:0
[ 2405318ms] [WARNING] useFixedContainerSlot must be used within FixedContainerProvider, falling back to safe defaults @ chrome-extension://fmkadmapgofadopljbjfkapdkoienihi/build/installHook.js:0
[ 2405322ms] [LOG] [INFO] [Zhida: Talk] zhida:stream:Answer {message: Object, currentTime: 2026-07-20 21:58:44.036} @ https://unpkg.zhimg.com/@cfe/sentry-script@1.3.1/dist/init.js:0
[ 2405323ms] [WARNING] useFixedContainerSlot must be used within FixedContainerProvider, falling back to safe defaults @ chrome-extension://fmkadmapgofadopljbjfkapdkoienihi/build/installHook.js:0
[ 2405327ms] [WARNING] useFixedContainerSlot must be used within FixedContainerProvider, falling back to safe defaults @ chrome-extension://fmkadmapgofadopljbjfkapdkoienihi/build/installHook.js:0
[ 2405331ms] [WARNING] useFixedContainerSlot must be used within FixedContainerProvider, falling back to safe defaults @ chrome-extension://fmkadmapgofadopljbjfkapdkoienihi/build/installHook.js:0
[ 2405336ms] [WARNING] useFixedContainerSlot must be used within FixedContainerProvider, falling back to safe defaults @ chrome-extension://fmkadmapgofadopljbjfkapdkoienihi/build/installHook.js:0
[ 2405338ms] [WARNING] useFixedContainerSlot must be used within FixedContainerProvider, falling back to safe defaults @ chrome-extension://fmkadmapgofadopljbjfkapdkoienihi/build/installHook.js:0
[ 2405339ms] [WARNING] useFixedContainerSlot must be used within FixedContainerProvider, falling back to safe defaults @ chrome-extension://fmkadmapgofadopljbjfkapdkoienihi/build/installHook.js:0
[ 2405376ms] [LOG] [INFO] [Zhida: Talk] zhida:stream:Answer {message: Object, currentTime: 2026-07-20 21:58:44.090} @ https://unpkg.zhimg.com/@cfe/sentry-script@1.3.1/dist/init.js:0
[ 2405377ms] [WARNING] useFixedContainerSlot must be used within FixedContainerProvider, falling back to safe defaults @ chrome-extension://fmkadmapgofadopljbjfkapdkoienihi/build/installHook.js:0
[ 2405381ms] [WARNING] useFixedContainerSlot must be used within FixedContainerProvider, falling back to safe defaults @ chrome-extension://fmkadmapgofadopljbjfkapdkoienihi/build/installHook.js:0
[ 2405385ms] [WARNING] useFixedContainerSlot must be used within FixedContainerProvider, falling back to safe defaults @ chrome-extension://fmkadmapgofadopljbjfkapdkoienihi/build/installHook.js:0
[ 2405390ms] [WARNING] useFixedContainerSlot must be used within FixedContainerProvider, falling back to safe defaults @ chrome-extension://fmkadmapgofadopljbjfkapdkoienihi/build/installHook.js:0
[ 2405392ms] [WARNING] useFixedContainerSlot must be used within FixedContainerProvider, falling back to safe defaults @ chrome-extension://fmkadmapgofadopljbjfkapdkoienihi/build/installHook.js:0
[ 2405393ms] [WARNING] useFixedContainerSlot must be used within FixedContainerProvider, falling back to safe defaults @ chrome-extension://fmkadmapgofadopljbjfkapdkoienihi/build/installHook.js:0
[ 2405429ms] [LOG] [INFO] [Zhida: Talk] zhida:stream:Answer {message: Object, currentTime: 2026-07-20 21:58:44.143} @ https://unpkg.zhimg.com/@cfe/sentry-script@1.3.1/dist/init.js:0
[ 2405430ms] [WARNING] useFixedContainerSlot must be used within FixedContainerProvider, falling back to safe defaults @ chrome-extension://fmkadmapgofadopljbjfkapdkoienihi/build/installHook.js:0
[ 2405434ms] [WARNING] useFixedContainerSlot must be used within FixedContainerProvider, falling back to safe defaults @ chrome-extension://fmkadmapgofadopljbjfkapdkoienihi/build/installHook.js:0
[ 2405438ms] [WARNING] useFixedContainerSlot must be used within FixedContainerProvider, falling back to safe defaults @ chrome-extension://fmkadmapgofadopljbjfkapdkoienihi/build/installHook.js:0
[ 2405443ms] [WARNING] useFixedContainerSlot must be used within FixedContainerProvider, falling back to safe defaults @ chrome-extension://fmkadmapgofadopljbjfkapdkoienihi/build/installHook.js:0
[ 2405445ms] [WARNING] useFixedContainerSlot must be used within FixedContainerProvider, falling back to safe defaults @ chrome-extension://fmkadmapgofadopljbjfkapdkoienihi/build/installHook.js:0
[ 2405446ms] [WARNING] useFixedContainerSlot must be used within FixedContainerProvider, falling back to safe defaults @ chrome-extension://fmkadmapgofadopljbjfkapdkoienihi/build/installHook.js:0
[ 2405498ms] [WARNING] useFixedContainerSlot must be used within FixedContainerProvider, falling back to safe defaults @ chrome-extension://fmkadmapgofadopljbjfkapdkoienihi/build/installHook.js:0
[ 2405535ms] [LOG] [INFO] [Zhida: Talk] zhida:stream:Answer {message: Object, currentTime: 2026-07-20 21:58:44.250} @ https://unpkg.zhimg.com/@cfe/sentry-script@1.3.1/dist/init.js:0
[ 2405536ms] [WARNING] useFixedContainerSlot must be used within FixedContainerProvider, falling back to safe defaults @ chrome-extension://fmkadmapgofadopljbjfkapdkoienihi/build/installHook.js:0
[ 2405540ms] [WARNING] useFixedContainerSlot must be used within FixedContainerProvider, falling back to safe defaults @ chrome-extension://fmkadmapgofadopljbjfkapdkoienihi/build/installHook.js:0
[ 2405544ms] [WARNING] useFixedContainerSlot must be used within FixedContainerProvider, falling back to safe defaults @ chrome-extension://fmkadmapgofadopljbjfkapdkoienihi/build/installHook.js:0
[ 2405549ms] [WARNING] useFixedContainerSlot must be used within FixedContainerProvider, falling back to safe defaults @ chrome-extension://fmkadmapgofadopljbjfkapdkoienihi/build/installHook.js:0
[ 2405551ms] [WARNING] useFixedContainerSlot must be used within FixedContainerProvider, falling back to safe defaults @ chrome-extension://fmkadmapgofadopljbjfkapdkoienihi/build/installHook.js:0
[ 2405552ms] [WARNING] useFixedContainerSlot must be used within FixedContainerProvider, falling back to safe defaults @ chrome-extension://fmkadmapgofadopljbjfkapdkoienihi/build/installHook.js:0
[ 2405590ms] [LOG] [INFO] [Zhida: Talk] zhida:stream:Answer {message: Object, currentTime: 2026-07-20 21:58:44.304} @ https://unpkg.zhimg.com/@cfe/sentry-script@1.3.1/dist/init.js:0
[ 2405591ms] [WARNING] useFixedContainerSlot must be used within FixedContainerProvider, falling back to safe defaults @ chrome-extension://fmkadmapgofadopljbjfkapdkoienihi/build/installHook.js:0
[ 2405595ms] [WARNING] useFixedContainerSlot must be used within FixedContainerProvider, falling back to safe defaults @ chrome-extension://fmkadmapgofadopljbjfkapdkoienihi/build/installHook.js:0
[ 2405599ms] [WARNING] useFixedContainerSlot must be used within FixedContainerProvider, falling back to safe defaults @ chrome-extension://fmkadmapgofadopljbjfkapdkoienihi/build/installHook.js:0
[ 2405604ms] [WARNING] useFixedContainerSlot must be used within FixedContainerProvider, falling back to safe defaults @ chrome-extension://fmkadmapgofadopljbjfkapdkoienihi/build/installHook.js:0
[ 2405605ms] [WARNING] useFixedContainerSlot must be used within FixedContainerProvider, falling back to safe defaults @ chrome-extension://fmkadmapgofadopljbjfkapdkoienihi/build/installHook.js:0
[ 2405607ms] [WARNING] useFixedContainerSlot must be used within FixedContainerProvider, falling back to safe defaults @ chrome-extension://fmkadmapgofadopljbjfkapdkoienihi/build/installHook.js:0
[ 2405616ms] [WARNING] useFixedContainerSlot must be used within FixedContainerProvider, falling back to safe defaults @ chrome-extension://fmkadmapgofadopljbjfkapdkoienihi/build/installHook.js:0
[ 2405617ms] [WARNING] useFixedContainerSlot must be used within FixedContainerProvider, falling back to safe defaults @ chrome-extension://fmkadmapgofadopljbjfkapdkoienihi/build/installHook.js:0
[ 2405618ms] [WARNING] useFixedContainerSlot must be used within FixedContainerProvider, falling back to safe defaults @ chrome-extension://fmkadmapgofadopljbjfkapdkoienihi/build/installHook.js:0
[ 2405658ms] [WARNING] useFixedContainerSlot must be used within FixedContainerProvider, falling back to safe defaults @ chrome-extension://fmkadmapgofadopljbjfkapdkoienihi/build/installHook.js:0
[ 2405660ms] [WARNING] useFixedContainerSlot must be used within FixedContainerProvider, falling back to safe defaults @ chrome-extension://fmkadmapgofadopljbjfkapdkoienihi/build/installHook.js:0
[ 2405661ms] [WARNING] useFixedContainerSlot must be used within FixedContainerProvider, falling back to safe defaults @ chrome-extension://fmkadmapgofadopljbjfkapdkoienihi/build/installHook.js:0
[ 2405689ms] [WARNING] useFixedContainerSlot must be used within FixedContainerProvider, falling back to safe defaults @ chrome-extension://fmkadmapgofadopljbjfkapdkoienihi/build/installHook.js:0
[ 2405690ms] [WARNING] useFixedContainerSlot must be used within FixedContainerProvider, falling back to safe defaults @ chrome-extension://fmkadmapgofadopljbjfkapdkoienihi/build/installHook.js:0
[ 2405691ms] [WARNING] useFixedContainerSlot must be used within FixedContainerProvider, falling back to safe defaults @ chrome-extension://fmkadmapgofadopljbjfkapdkoienihi/build/installHook.js:0
[ 2405697ms] [LOG] [INFO] [Zhida: Talk] zhida:stream:Answer {message: Object, currentTime: 2026-07-20 21:58:44.411} @ https://unpkg.zhimg.com/@cfe/sentry-script@1.3.1/dist/init.js:0
[ 2405698ms] [WARNING] useFixedContainerSlot must be used within FixedContainerProvider, falling back to safe defaults @ chrome-extension://fmkadmapgofadopljbjfkapdkoienihi/build/installHook.js:0
[ 2405702ms] [WARNING] useFixedContainerSlot must be used within FixedContainerProvider, falling back to safe defaults @ chrome-extension://fmkadmapgofadopljbjfkapdkoienihi/build/installHook.js:0
[ 2405705ms] [WARNING] useFixedContainerSlot must be used within FixedContainerProvider, falling back to safe defaults @ chrome-extension://fmkadmapgofadopljbjfkapdkoienihi/build/installHook.js:0
[ 2405710ms] [WARNING] useFixedContainerSlot must be used within FixedContainerProvider, falling back to safe defaults @ chrome-extension://fmkadmapgofadopljbjfkapdkoienihi/build/installHook.js:0
[ 2405712ms] [WARNING] useFixedContainerSlot must be used within FixedContainerProvider, falling back to safe defaults @ chrome-extension://fmkadmapgofadopljbjfkapdkoienihi/build/installHook.js:0
[ 2405713ms] [WARNING] useFixedContainerSlot must be used within FixedContainerProvider, falling back to safe defaults @ chrome-extension://fmkadmapgofadopljbjfkapdkoienihi/build/installHook.js:0
[ 2405836ms] [WARNING] useFixedContainerSlot must be used within FixedContainerProvider, falling back to safe defaults @ chrome-extension://fmkadmapgofadopljbjfkapdkoienihi/build/installHook.js:0
[ 2405837ms] [WARNING] useFixedContainerSlot must be used within FixedContainerProvider, falling back to safe defaults @ chrome-extension://fmkadmapgofadopljbjfkapdkoienihi/build/installHook.js:0
[ 2405839ms] [WARNING] useFixedContainerSlot must be used within FixedContainerProvider, falling back to safe defaults @ chrome-extension://fmkadmapgofadopljbjfkapdkoienihi/build/installHook.js:0
[ 2405856ms] [LOG] [INFO] [Zhida: Talk] zhida:stream:Answer {message: Object, currentTime: 2026-07-20 21:58:44.570} @ https://unpkg.zhimg.com/@cfe/sentry-script@1.3.1/dist/init.js:0
[ 2405857ms] [WARNING] useFixedContainerSlot must be used within FixedContainerProvider, falling back to safe defaults @ chrome-extension://fmkadmapgofadopljbjfkapdkoienihi/build/installHook.js:0
[ 2405861ms] [WARNING] useFixedContainerSlot must be used within FixedContainerProvider, falling back to safe defaults @ chrome-extension://fmkadmapgofadopljbjfkapdkoienihi/build/installHook.js:0
[ 2405865ms] [WARNING] useFixedContainerSlot must be used within FixedContainerProvider, falling back to safe defaults @ chrome-extension://fmkadmapgofadopljbjfkapdkoienihi/build/installHook.js:0
[ 2405870ms] [WARNING] useFixedContainerSlot must be used within FixedContainerProvider, falling back to safe defaults @ chrome-extension://fmkadmapgofadopljbjfkapdkoienihi/build/installHook.js:0
[ 2405871ms] [WARNING] useFixedContainerSlot must be used within FixedContainerProvider, falling back to safe defaults @ chrome-extension://fmkadmapgofadopljbjfkapdkoienihi/build/installHook.js:0
[ 2405873ms] [WARNING] useFixedContainerSlot must be used within FixedContainerProvider, falling back to safe defaults @ chrome-extension://fmkadmapgofadopljbjfkapdkoienihi/build/installHook.js:0
[ 2405874ms] [LOG] [INFO] [Zhida: Talk] zhida:stream:Answer {message: Object, currentTime: 2026-07-20 21:58:44.588} @ https://unpkg.zhimg.com/@cfe/sentry-script@1.3.1/dist/init.js:0
[ 2405875ms] [WARNING] useFixedContainerSlot must be used within FixedContainerProvider, falling back to safe defaults @ chrome-extension://fmkadmapgofadopljbjfkapdkoienihi/build/installHook.js:0
[ 2405878ms] [WARNING] useFixedContainerSlot must be used within FixedContainerProvider, falling back to safe defaults @ chrome-extension://fmkadmapgofadopljbjfkapdkoienihi/build/installHook.js:0
[ 2405882ms] [WARNING] useFixedContainerSlot must be used within FixedContainerProvider, falling back to safe defaults @ chrome-extension://fmkadmapgofadopljbjfkapdkoienihi/build/installHook.js:0
[ 2405886ms] [WARNING] useFixedContainerSlot must be used within FixedContainerProvider, falling back to safe defaults @ chrome-extension://fmkadmapgofadopljbjfkapdkoienihi/build/installHook.js:0
[ 2405888ms] [WARNING] useFixedContainerSlot must be used within FixedContainerProvider, falling back to safe defaults @ chrome-extension://fmkadmapgofadopljbjfkapdkoienihi/build/installHook.js:0
[ 2405889ms] [WARNING] useFixedContainerSlot must be used within FixedContainerProvider, falling back to safe defaults @ chrome-extension://fmkadmapgofadopljbjfkapdkoienihi/build/installHook.js:0
[ 2406118ms] [LOG] [INFO] [Zhida: Talk] zhida:stream:Answer {message: Object, currentTime: 2026-07-20 21:58:44.833} @ https://unpkg.zhimg.com/@cfe/sentry-script@1.3.1/dist/init.js:0
[ 2406119ms] [WARNING] useFixedContainerSlot must be used within FixedContainerProvider, falling back to safe defaults @ chrome-extension://fmkadmapgofadopljbjfkapdkoienihi/build/installHook.js:0
[ 2406124ms] [WARNING] useFixedContainerSlot must be used within FixedContainerProvider, falling back to safe defaults @ chrome-extension://fmkadmapgofadopljbjfkapdkoienihi/build/installHook.js:0
[ 2406128ms] [WARNING] useFixedContainerSlot must be used within FixedContainerProvider, falling back to safe defaults @ chrome-extension://fmkadmapgofadopljbjfkapdkoienihi/build/installHook.js:0
[ 2406133ms] [WARNING] useFixedContainerSlot must be used within FixedContainerProvider, falling back to safe defaults @ chrome-extension://fmkadmapgofadopljbjfkapdkoienihi/build/installHook.js:0
[ 2406135ms] [WARNING] useFixedContainerSlot must be used within FixedContainerProvider, falling back to safe defaults @ chrome-extension://fmkadmapgofadopljbjfkapdkoienihi/build/installHook.js:0
[ 2406136ms] [WARNING] useFixedContainerSlot must be used within FixedContainerProvider, falling back to safe defaults @ chrome-extension://fmkadmapgofadopljbjfkapdkoienihi/build/installHook.js:0
[ 2406138ms] [WARNING] useFixedContainerSlot must be used within FixedContainerProvider, falling back to safe defaults @ chrome-extension://fmkadmapgofadopljbjfkapdkoienihi/build/installHook.js:0
[ 2406158ms] [WARNING] useFixedContainerSlot must be used within FixedContainerProvider, falling back to safe defaults @ chrome-extension://fmkadmapgofadopljbjfkapdkoienihi/build/installHook.js:0
[ 2406160ms] [WARNING] useFixedContainerSlot must be used within FixedContainerProvider, falling back to safe defaults @ chrome-extension://fmkadmapgofadopljbjfkapdkoienihi/build/installHook.js:0
[ 2406161ms] [WARNING] useFixedContainerSlot must be used within FixedContainerProvider, falling back to safe defaults @ chrome-extension://fmkadmapgofadopljbjfkapdkoienihi/build/installHook.js:0
[ 2406229ms] [LOG] [INFO] [Zhida: Talk] zhida:stream:Answer {message: Object, currentTime: 2026-07-20 21:58:44.943} @ https://unpkg.zhimg.com/@cfe/sentry-script@1.3.1/dist/init.js:0
[ 2406230ms] [WARNING] useFixedContainerSlot must be used within FixedContainerProvider, falling back to safe defaults @ chrome-extension://fmkadmapgofadopljbjfkapdkoienihi/build/installHook.js:0
[ 2406234ms] [WARNING] useFixedContainerSlot must be used within FixedContainerProvider, falling back to safe defaults @ chrome-extension://fmkadmapgofadopljbjfkapdkoienihi/build/installHook.js:0
[ 2406238ms] [WARNING] useFixedContainerSlot must be used within FixedContainerProvider, falling back to safe defaults @ chrome-extension://fmkadmapgofadopljbjfkapdkoienihi/build/installHook.js:0
[ 2406243ms] [WARNING] useFixedContainerSlot must be used within FixedContainerProvider, falling back to safe defaults @ chrome-extension://fmkadmapgofadopljbjfkapdkoienihi/build/installHook.js:0
[ 2406244ms] [WARNING] useFixedContainerSlot must be used within FixedContainerProvider, falling back to safe defaults @ chrome-extension://fmkadmapgofadopljbjfkapdkoienihi/build/installHook.js:0
[ 2406246ms] [WARNING] useFixedContainerSlot must be used within FixedContainerProvider, falling back to safe defaults @ chrome-extension://fmkadmapgofadopljbjfkapdkoienihi/build/installHook.js:0
[ 2406247ms] [LOG] [INFO] [Zhida: Talk] zhida:stream:Answer {message: Object, currentTime: 2026-07-20 21:58:44.962} @ https://unpkg.zhimg.com/@cfe/sentry-script@1.3.1/dist/init.js:0
[ 2406248ms] [WARNING] useFixedContainerSlot must be used within FixedContainerProvider, falling back to safe defaults @ chrome-extension://fmkadmapgofadopljbjfkapdkoienihi/build/installHook.js:0
[ 2406252ms] [WARNING] useFixedContainerSlot must be used within FixedContainerProvider, falling back to safe defaults @ chrome-extension://fmkadmapgofadopljbjfkapdkoienihi/build/installHook.js:0
[ 2406255ms] [WARNING] useFixedContainerSlot must be used within FixedContainerProvider, falling back to safe defaults @ chrome-extension://fmkadmapgofadopljbjfkapdkoienihi/build/installHook.js:0
[ 2406260ms] [WARNING] useFixedContainerSlot must be used within FixedContainerProvider, falling back to safe defaults @ chrome-extension://fmkadmapgofadopljbjfkapdkoienihi/build/installHook.js:0
[ 2406262ms] [WARNING] useFixedContainerSlot must be used within FixedContainerProvider, falling back to safe defaults @ chrome-extension://fmkadmapgofadopljbjfkapdkoienihi/build/installHook.js:0
[ 2406263ms] [WARNING] useFixedContainerSlot must be used within FixedContainerProvider, falling back to safe defaults @ chrome-extension://fmkadmapgofadopljbjfkapdkoienihi/build/installHook.js:0
[ 2406272ms] [WARNING] useFixedContainerSlot must be used within FixedContainerProvider, falling back to safe defaults @ chrome-extension://fmkadmapgofadopljbjfkapdkoienihi/build/installHook.js:0
[ 2406273ms] [WARNING] useFixedContainerSlot must be used within FixedContainerProvider, falling back to safe defaults @ chrome-extension://fmkadmapgofadopljbjfkapdkoienihi/build/installHook.js:0
[ 2406274ms] [WARNING] useFixedContainerSlot must be used within FixedContainerProvider, falling back to safe defaults @ chrome-extension://fmkadmapgofadopljbjfkapdkoienihi/build/installHook.js:0
[ 2406284ms] [LOG] [INFO] [Zhida: Talk] zhida:stream:Answer {message: Object, currentTime: 2026-07-20 21:58:44.999} @ https://unpkg.zhimg.com/@cfe/sentry-script@1.3.1/dist/init.js:0
[ 2406285ms] [WARNING] useFixedContainerSlot must be used within FixedContainerProvider, falling back to safe defaults @ chrome-extension://fmkadmapgofadopljbjfkapdkoienihi/build/installHook.js:0
[ 2406289ms] [WARNING] useFixedContainerSlot must be used within FixedContainerProvider, falling back to safe defaults @ chrome-extension://fmkadmapgofadopljbjfkapdkoienihi/build/installHook.js:0
[ 2406293ms] [WARNING] useFixedContainerSlot must be used within FixedContainerProvider, falling back to safe defaults @ chrome-extension://fmkadmapgofadopljbjfkapdkoienihi/build/installHook.js:0
[ 2406298ms] [WARNING] useFixedContainerSlot must be used within FixedContainerProvider, falling back to safe defaults @ chrome-extension://fmkadmapgofadopljbjfkapdkoienihi/build/installHook.js:0
[ 2406300ms] [WARNING] useFixedContainerSlot must be used within FixedContainerProvider, falling back to safe defaults @ chrome-extension://fmkadmapgofadopljbjfkapdkoienihi/build/installHook.js:0
[ 2406301ms] [WARNING] useFixedContainerSlot must be used within FixedContainerProvider, falling back to safe defaults @ chrome-extension://fmkadmapgofadopljbjfkapdkoienihi/build/installHook.js:0
[ 2406337ms] [LOG] [INFO] [Zhida: Talk] zhida:stream:Answer {message: Object, currentTime: 2026-07-20 21:58:45.051} @ https://unpkg.zhimg.com/@cfe/sentry-script@1.3.1/dist/init.js:0
[ 2406338ms] [WARNING] useFixedContainerSlot must be used within FixedContainerProvider, falling back to safe defaults @ chrome-extension://fmkadmapgofadopljbjfkapdkoienihi/build/installHook.js:0
[ 2406342ms] [WARNING] useFixedContainerSlot must be used within FixedContainerProvider, falling back to safe defaults @ chrome-extension://fmkadmapgofadopljbjfkapdkoienihi/build/installHook.js:0
[ 2406346ms] [WARNING] useFixedContainerSlot must be used within FixedContainerProvider, falling back to safe defaults @ chrome-extension://fmkadmapgofadopljbjfkapdkoienihi/build/installHook.js:0
[ 2406351ms] [WARNING] useFixedContainerSlot must be used within FixedContainerProvider, falling back to safe defaults @ chrome-extension://fmkadmapgofadopljbjfkapdkoienihi/build/installHook.js:0
[ 2406352ms] [WARNING] useFixedContainerSlot must be used within FixedContainerProvider, falling back to safe defaults @ chrome-extension://fmkadmapgofadopljbjfkapdkoienihi/build/installHook.js:0
[ 2406353ms] [WARNING] useFixedContainerSlot must be used within FixedContainerProvider, falling back to safe defaults @ chrome-extension://fmkadmapgofadopljbjfkapdkoienihi/build/installHook.js:0
[ 2406392ms] [LOG] [INFO] [Zhida: Talk] zhida:stream:Answer {message: Object, currentTime: 2026-07-20 21:58:45.106} @ https://unpkg.zhimg.com/@cfe/sentry-script@1.3.1/dist/init.js:0
[ 2406393ms] [WARNING] useFixedContainerSlot must be used within FixedContainerProvider, falling back to safe defaults @ chrome-extension://fmkadmapgofadopljbjfkapdkoienihi/build/installHook.js:0
[ 2406397ms] [WARNING] useFixedContainerSlot must be used within FixedContainerProvider, falling back to safe defaults @ chrome-extension://fmkadmapgofadopljbjfkapdkoienihi/build/installHook.js:0
[ 2406402ms] [WARNING] useFixedContainerSlot must be used within FixedContainerProvider, falling back to safe defaults @ chrome-extension://fmkadmapgofadopljbjfkapdkoienihi/build/installHook.js:0
[ 2406407ms] [WARNING] useFixedContainerSlot must be used within FixedContainerProvider, falling back to safe defaults @ chrome-extension://fmkadmapgofadopljbjfkapdkoienihi/build/installHook.js:0
[ 2406408ms] [WARNING] useFixedContainerSlot must be used within FixedContainerProvider, falling back to safe defaults @ chrome-extension://fmkadmapgofadopljbjfkapdkoienihi/build/installHook.js:0
[ 2406410ms] [WARNING] useFixedContainerSlot must be used within FixedContainerProvider, falling back to safe defaults @ chrome-extension://fmkadmapgofadopljbjfkapdkoienihi/build/installHook.js:0
[ 2406445ms] [LOG] [INFO] [Zhida: Talk] zhida:stream:Answer {message: Object, currentTime: 2026-07-20 21:58:45.159} @ https://unpkg.zhimg.com/@cfe/sentry-script@1.3.1/dist/init.js:0
[ 2406446ms] [WARNING] useFixedContainerSlot must be used within FixedContainerProvider, falling back to safe defaults @ chrome-extension://fmkadmapgofadopljbjfkapdkoienihi/build/installHook.js:0
[ 2406450ms] [WARNING] useFixedContainerSlot must be used within FixedContainerProvider, falling back to safe defaults @ chrome-extension://fmkadmapgofadopljbjfkapdkoienihi/build/installHook.js:0
[ 2406454ms] [WARNING] useFixedContainerSlot must be used within FixedContainerProvider, falling back to safe defaults @ chrome-extension://fmkadmapgofadopljbjfkapdkoienihi/build/installHook.js:0
[ 2406459ms] [WARNING] useFixedContainerSlot must be used within FixedContainerProvider, falling back to safe defaults @ chrome-extension://fmkadmapgofadopljbjfkapdkoienihi/build/installHook.js:0
[ 2406460ms] [WARNING] useFixedContainerSlot must be used within FixedContainerProvider, falling back to safe defaults @ chrome-extension://fmkadmapgofadopljbjfkapdkoienihi/build/installHook.js:0
[ 2406462ms] [WARNING] useFixedContainerSlot must be used within FixedContainerProvider, falling back to safe defaults @ chrome-extension://fmkadmapgofadopljbjfkapdkoienihi/build/installHook.js:0
[ 2406505ms] [WARNING] useFixedContainerSlot must be used within FixedContainerProvider, falling back to safe defaults @ chrome-extension://fmkadmapgofadopljbjfkapdkoienihi/build/installHook.js:0
[ 2406507ms] [WARNING] useFixedContainerSlot must be used within FixedContainerProvider, falling back to safe defaults @ chrome-extension://fmkadmapgofadopljbjfkapdkoienihi/build/installHook.js:0
[ 2406508ms] [WARNING] useFixedContainerSlot must be used within FixedContainerProvider, falling back to safe defaults @ chrome-extension://fmkadmapgofadopljbjfkapdkoienihi/build/installHook.js:0
[ 2406548ms] [WARNING] useFixedContainerSlot must be used within FixedContainerProvider, falling back to safe defaults @ chrome-extension://fmkadmapgofadopljbjfkapdkoienihi/build/installHook.js:0
[ 2406550ms] [WARNING] useFixedContainerSlot must be used within FixedContainerProvider, falling back to safe defaults @ chrome-extension://fmkadmapgofadopljbjfkapdkoienihi/build/installHook.js:0
[ 2406551ms] [WARNING] useFixedContainerSlot must be used within FixedContainerProvider, falling back to safe defaults @ chrome-extension://fmkadmapgofadopljbjfkapdkoienihi/build/installHook.js:0
[ 2406555ms] [LOG] [INFO] [Zhida: Talk] zhida:stream:Answer {message: Object, currentTime: 2026-07-20 21:58:45.269} @ https://unpkg.zhimg.com/@cfe/sentry-script@1.3.1/dist/init.js:0
[ 2406556ms] [WARNING] useFixedContainerSlot must be used within FixedContainerProvider, falling back to safe defaults @ chrome-extension://fmkadmapgofadopljbjfkapdkoienihi/build/installHook.js:0
[ 2406560ms] [WARNING] useFixedContainerSlot must be used within FixedContainerProvider, falling back to safe defaults @ chrome-extension://fmkadmapgofadopljbjfkapdkoienihi/build/installHook.js:0
[ 2406564ms] [WARNING] useFixedContainerSlot must be used within FixedContainerProvider, falling back to safe defaults @ chrome-extension://fmkadmapgofadopljbjfkapdkoienihi/build/installHook.js:0
[ 2406569ms] [WARNING] useFixedContainerSlot must be used within FixedContainerProvider, falling back to safe defaults @ chrome-extension://fmkadmapgofadopljbjfkapdkoienihi/build/installHook.js:0
[ 2406570ms] [WARNING] useFixedContainerSlot must be used within FixedContainerProvider, falling back to safe defaults @ chrome-extension://fmkadmapgofadopljbjfkapdkoienihi/build/installHook.js:0
[ 2406572ms] [WARNING] useFixedContainerSlot must be used within FixedContainerProvider, falling back to safe defaults @ chrome-extension://fmkadmapgofadopljbjfkapdkoienihi/build/installHook.js:0
[ 2406577ms] [WARNING] useFixedContainerSlot must be used within FixedContainerProvider, falling back to safe defaults @ chrome-extension://fmkadmapgofadopljbjfkapdkoienihi/build/installHook.js:0
[ 2406578ms] [WARNING] useFixedContainerSlot must be used within FixedContainerProvider, falling back to safe defaults @ chrome-extension://fmkadmapgofadopljbjfkapdkoienihi/build/installHook.js:0
[ 2406579ms] [WARNING] useFixedContainerSlot must be used within FixedContainerProvider, falling back to safe defaults @ chrome-extension://fmkadmapgofadopljbjfkapdkoienihi/build/installHook.js:0
[ 2406605ms] [LOG] [INFO] [Zhida: Talk] zhida:stream:Answer {message: Object, currentTime: 2026-07-20 21:58:45.320} @ https://unpkg.zhimg.com/@cfe/sentry-script@1.3.1/dist/init.js:0
[ 2406606ms] [WARNING] useFixedContainerSlot must be used within FixedContainerProvider, falling back to safe defaults @ chrome-extension://fmkadmapgofadopljbjfkapdkoienihi/build/installHook.js:0
[ 2406610ms] [WARNING] useFixedContainerSlot must be used within FixedContainerProvider, falling back to safe defaults @ chrome-extension://fmkadmapgofadopljbjfkapdkoienihi/build/installHook.js:0
[ 2406614ms] [WARNING] useFixedContainerSlot must be used within FixedContainerProvider, falling back to safe defaults @ chrome-extension://fmkadmapgofadopljbjfkapdkoienihi/build/installHook.js:0
[ 2406619ms] [WARNING] useFixedContainerSlot must be used within FixedContainerProvider, falling back to safe defaults @ chrome-extension://fmkadmapgofadopljbjfkapdkoienihi/build/installHook.js:0
[ 2406621ms] [WARNING] useFixedContainerSlot must be used within FixedContainerProvider, falling back to safe defaults @ chrome-extension://fmkadmapgofadopljbjfkapdkoienihi/build/installHook.js:0
[ 2406622ms] [WARNING] useFixedContainerSlot must be used within FixedContainerProvider, falling back to safe defaults @ chrome-extension://fmkadmapgofadopljbjfkapdkoienihi/build/installHook.js:0
[ 2406639ms] [WARNING] useFixedContainerSlot must be used within FixedContainerProvider, falling back to safe defaults @ chrome-extension://fmkadmapgofadopljbjfkapdkoienihi/build/installHook.js:0
[ 2406712ms] [LOG] [INFO] [Zhida: Talk] zhida:stream:Answer {message: Object, currentTime: 2026-07-20 21:58:45.426} @ https://unpkg.zhimg.com/@cfe/sentry-script@1.3.1/dist/init.js:0
[ 2406713ms] [WARNING] useFixedContainerSlot must be used within FixedContainerProvider, falling back to safe defaults @ chrome-extension://fmkadmapgofadopljbjfkapdkoienihi/build/installHook.js:0
[ 2406717ms] [WARNING] useFixedContainerSlot must be used within FixedContainerProvider, falling back to safe defaults @ chrome-extension://fmkadmapgofadopljbjfkapdkoienihi/build/installHook.js:0
[ 2406721ms] [WARNING] useFixedContainerSlot must be used within FixedContainerProvider, falling back to safe defaults @ chrome-extension://fmkadmapgofadopljbjfkapdkoienihi/build/installHook.js:0
[ 2406726ms] [WARNING] useFixedContainerSlot must be used within FixedContainerProvider, falling back to safe defaults @ chrome-extension://fmkadmapgofadopljbjfkapdkoienihi/build/installHook.js:0
[ 2406728ms] [WARNING] useFixedContainerSlot must be used within FixedContainerProvider, falling back to safe defaults @ chrome-extension://fmkadmapgofadopljbjfkapdkoienihi/build/installHook.js:0
[ 2406729ms] [WARNING] useFixedContainerSlot must be used within FixedContainerProvider, falling back to safe defaults @ chrome-extension://fmkadmapgofadopljbjfkapdkoienihi/build/installHook.js:0
[ 2406765ms] [LOG] [INFO] [Zhida: Talk] zhida:stream:Answer {message: Object, currentTime: 2026-07-20 21:58:45.480} @ https://unpkg.zhimg.com/@cfe/sentry-script@1.3.1/dist/init.js:0
[ 2406766ms] [WARNING] useFixedContainerSlot must be used within FixedContainerProvider, falling back to safe defaults @ chrome-extension://fmkadmapgofadopljbjfkapdkoienihi/build/installHook.js:0
[ 2406770ms] [WARNING] useFixedContainerSlot must be used within FixedContainerProvider, falling back to safe defaults @ chrome-extension://fmkadmapgofadopljbjfkapdkoienihi/build/installHook.js:0
[ 2406774ms] [WARNING] useFixedContainerSlot must be used within FixedContainerProvider, falling back to safe defaults @ chrome-extension://fmkadmapgofadopljbjfkapdkoienihi/build/installHook.js:0
[ 2406779ms] [WARNING] useFixedContainerSlot must be used within FixedContainerProvider, falling back to safe defaults @ chrome-extension://fmkadmapgofadopljbjfkapdkoienihi/build/installHook.js:0
[ 2406781ms] [WARNING] useFixedContainerSlot must be used within FixedContainerProvider, falling back to safe defaults @ chrome-extension://fmkadmapgofadopljbjfkapdkoienihi/build/installHook.js:0
[ 2406782ms] [WARNING] useFixedContainerSlot must be used within FixedContainerProvider, falling back to safe defaults @ chrome-extension://fmkadmapgofadopljbjfkapdkoienihi/build/installHook.js:0
[ 2406818ms] [LOG] [INFO] [Zhida: Talk] zhida:stream:Answer {message: Object, currentTime: 2026-07-20 21:58:45.533} @ https://unpkg.zhimg.com/@cfe/sentry-script@1.3.1/dist/init.js:0
[ 2406819ms] [WARNING] useFixedContainerSlot must be used within FixedContainerProvider, falling back to safe defaults @ chrome-extension://fmkadmapgofadopljbjfkapdkoienihi/build/installHook.js:0
[ 2406823ms] [WARNING] useFixedContainerSlot must be used within FixedContainerProvider, falling back to safe defaults @ chrome-extension://fmkadmapgofadopljbjfkapdkoienihi/build/installHook.js:0
[ 2406826ms] [WARNING] useFixedContainerSlot must be used within FixedContainerProvider, falling back to safe defaults @ chrome-extension://fmkadmapgofadopljbjfkapdkoienihi/build/installHook.js:0
[ 2406831ms] [WARNING] useFixedContainerSlot must be used within FixedContainerProvider, falling back to safe defaults @ chrome-extension://fmkadmapgofadopljbjfkapdkoienihi/build/installHook.js:0
[ 2406833ms] [WARNING] useFixedContainerSlot must be used within FixedContainerProvider, falling back to safe defaults @ chrome-extension://fmkadmapgofadopljbjfkapdkoienihi/build/installHook.js:0
[ 2406834ms] [WARNING] useFixedContainerSlot must be used within FixedContainerProvider, falling back to safe defaults @ chrome-extension://fmkadmapgofadopljbjfkapdkoienihi/build/installHook.js:0
[ 2406863ms] [WARNING] useFixedContainerSlot must be used within FixedContainerProvider, falling back to safe defaults @ chrome-extension://fmkadmapgofadopljbjfkapdkoienihi/build/installHook.js:0
[ 2406864ms] [WARNING] useFixedContainerSlot must be used within FixedContainerProvider, falling back to safe defaults @ chrome-extension://fmkadmapgofadopljbjfkapdkoienihi/build/installHook.js:0
[ 2406866ms] [WARNING] useFixedContainerSlot must be used within FixedContainerProvider, falling back to safe defaults @ chrome-extension://fmkadmapgofadopljbjfkapdkoienihi/build/installHook.js:0
[ 2406876ms] [LOG] [INFO] [Zhida: Talk] zhida:stream:Answer {message: Object, currentTime: 2026-07-20 21:58:45.590} @ https://unpkg.zhimg.com/@cfe/sentry-script@1.3.1/dist/init.js:0
[ 2406877ms] [WARNING] useFixedContainerSlot must be used within FixedContainerProvider, falling back to safe defaults @ chrome-extension://fmkadmapgofadopljbjfkapdkoienihi/build/installHook.js:0
[ 2406880ms] [WARNING] useFixedContainerSlot must be used within FixedContainerProvider, falling back to safe defaults @ chrome-extension://fmkadmapgofadopljbjfkapdkoienihi/build/installHook.js:0
[ 2406884ms] [WARNING] useFixedContainerSlot must be used within FixedContainerProvider, falling back to safe defaults @ chrome-extension://fmkadmapgofadopljbjfkapdkoienihi/build/installHook.js:0
[ 2406889ms] [WARNING] useFixedContainerSlot must be used within FixedContainerProvider, falling back to safe defaults @ chrome-extension://fmkadmapgofadopljbjfkapdkoienihi/build/installHook.js:0
[ 2406891ms] [WARNING] useFixedContainerSlot must be used within FixedContainerProvider, falling back to safe defaults @ chrome-extension://fmkadmapgofadopljbjfkapdkoienihi/build/installHook.js:0
[ 2406892ms] [WARNING] useFixedContainerSlot must be used within FixedContainerProvider, falling back to safe defaults @ chrome-extension://fmkadmapgofadopljbjfkapdkoienihi/build/installHook.js:0
[ 2406899ms] [WARNING] useFixedContainerSlot must be used within FixedContainerProvider, falling back to safe defaults @ chrome-extension://fmkadmapgofadopljbjfkapdkoienihi/build/installHook.js:0
[ 2406900ms] [WARNING] useFixedContainerSlot must be used within FixedContainerProvider, falling back to safe defaults @ chrome-extension://fmkadmapgofadopljbjfkapdkoienihi/build/installHook.js:0
[ 2406901ms] [WARNING] useFixedContainerSlot must be used within FixedContainerProvider, falling back to safe defaults @ chrome-extension://fmkadmapgofadopljbjfkapdkoienihi/build/installHook.js:0
[ 2406910ms] [WARNING] useFixedContainerSlot must be used within FixedContainerProvider, falling back to safe defaults @ chrome-extension://fmkadmapgofadopljbjfkapdkoienihi/build/installHook.js:0
[ 2406911ms] [WARNING] useFixedContainerSlot must be used within FixedContainerProvider, falling back to safe defaults @ chrome-extension://fmkadmapgofadopljbjfkapdkoienihi/build/installHook.js:0
[ 2406912ms] [WARNING] useFixedContainerSlot must be used within FixedContainerProvider, falling back to safe defaults @ chrome-extension://fmkadmapgofadopljbjfkapdkoienihi/build/installHook.js:0
[ 2406986ms] [LOG] [INFO] [Zhida: Talk] zhida:stream:Answer {message: Object, currentTime: 2026-07-20 21:58:45.701} @ https://unpkg.zhimg.com/@cfe/sentry-script@1.3.1/dist/init.js:0
[ 2406987ms] [WARNING] useFixedContainerSlot must be used within FixedContainerProvider, falling back to safe defaults @ chrome-extension://fmkadmapgofadopljbjfkapdkoienihi/build/installHook.js:0
[ 2406992ms] [WARNING] useFixedContainerSlot must be used within FixedContainerProvider, falling back to safe defaults @ chrome-extension://fmkadmapgofadopljbjfkapdkoienihi/build/installHook.js:0
[ 2406995ms] [WARNING] useFixedContainerSlot must be used within FixedContainerProvider, falling back to safe defaults @ chrome-extension://fmkadmapgofadopljbjfkapdkoienihi/build/installHook.js:0
[ 2407001ms] [WARNING] useFixedContainerSlot must be used within FixedContainerProvider, falling back to safe defaults @ chrome-extension://fmkadmapgofadopljbjfkapdkoienihi/build/installHook.js:0
[ 2407002ms] [WARNING] useFixedContainerSlot must be used within FixedContainerProvider, falling back to safe defaults @ chrome-extension://fmkadmapgofadopljbjfkapdkoienihi/build/installHook.js:0
[ 2407004ms] [WARNING] useFixedContainerSlot must be used within FixedContainerProvider, falling back to safe defaults @ chrome-extension://fmkadmapgofadopljbjfkapdkoienihi/build/installHook.js:0
[ 2407094ms] [LOG] [INFO] [Zhida: Talk] zhida:stream:Answer {message: Object, currentTime: 2026-07-20 21:58:45.808} @ https://unpkg.zhimg.com/@cfe/sentry-script@1.3.1/dist/init.js:0
[ 2407095ms] [WARNING] useFixedContainerSlot must be used within FixedContainerProvider, falling back to safe defaults @ chrome-extension://fmkadmapgofadopljbjfkapdkoienihi/build/installHook.js:0
[ 2407099ms] [WARNING] useFixedContainerSlot must be used within FixedContainerProvider, falling back to safe defaults @ chrome-extension://fmkadmapgofadopljbjfkapdkoienihi/build/installHook.js:0
[ 2407103ms] [WARNING] useFixedContainerSlot must be used within FixedContainerProvider, falling back to safe defaults @ chrome-extension://fmkadmapgofadopljbjfkapdkoienihi/build/installHook.js:0
[ 2407108ms] [WARNING] useFixedContainerSlot must be used within FixedContainerProvider, falling back to safe defaults @ chrome-extension://fmkadmapgofadopljbjfkapdkoienihi/build/installHook.js:0
[ 2407110ms] [WARNING] useFixedContainerSlot must be used within FixedContainerProvider, falling back to safe defaults @ chrome-extension://fmkadmapgofadopljbjfkapdkoienihi/build/installHook.js:0
[ 2407111ms] [WARNING] useFixedContainerSlot must be used within FixedContainerProvider, falling back to safe defaults @ chrome-extension://fmkadmapgofadopljbjfkapdkoienihi/build/installHook.js:0
[ 2407184ms] [WARNING] useFixedContainerSlot must be used within FixedContainerProvider, falling back to safe defaults @ chrome-extension://fmkadmapgofadopljbjfkapdkoienihi/build/installHook.js:0
[ 2407252ms] [LOG] [INFO] [Zhida: Talk] zhida:stream:Answer {message: Object, currentTime: 2026-07-20 21:58:45.967} @ https://unpkg.zhimg.com/@cfe/sentry-script@1.3.1/dist/init.js:0
[ 2407253ms] [WARNING] useFixedContainerSlot must be used within FixedContainerProvider, falling back to safe defaults @ chrome-extension://fmkadmapgofadopljbjfkapdkoienihi/build/installHook.js:0
[ 2407257ms] [WARNING] useFixedContainerSlot must be used within FixedContainerProvider, falling back to safe defaults @ chrome-extension://fmkadmapgofadopljbjfkapdkoienihi/build/installHook.js:0
[ 2407261ms] [WARNING] useFixedContainerSlot must be used within FixedContainerProvider, falling back to safe defaults @ chrome-extension://fmkadmapgofadopljbjfkapdkoienihi/build/installHook.js:0
[ 2407266ms] [WARNING] useFixedContainerSlot must be used within FixedContainerProvider, falling back to safe defaults @ chrome-extension://fmkadmapgofadopljbjfkapdkoienihi/build/installHook.js:0
[ 2407268ms] [WARNING] useFixedContainerSlot must be used within FixedContainerProvider, falling back to safe defaults @ chrome-extension://fmkadmapgofadopljbjfkapdkoienihi/build/installHook.js:0
[ 2407269ms] [WARNING] useFixedContainerSlot must be used within FixedContainerProvider, falling back to safe defaults @ chrome-extension://fmkadmapgofadopljbjfkapdkoienihi/build/installHook.js:0
[ 2407297ms] [WARNING] useFixedContainerSlot must be used within FixedContainerProvider, falling back to safe defaults @ chrome-extension://fmkadmapgofadopljbjfkapdkoienihi/build/installHook.js:0
[ 2407298ms] [WARNING] useFixedContainerSlot must be used within FixedContainerProvider, falling back to safe defaults @ chrome-extension://fmkadmapgofadopljbjfkapdkoienihi/build/installHook.js:0
[ 2407299ms] [WARNING] useFixedContainerSlot must be used within FixedContainerProvider, falling back to safe defaults @ chrome-extension://fmkadmapgofadopljbjfkapdkoienihi/build/installHook.js:0
[ 2407328ms] [WARNING] useFixedContainerSlot must be used within FixedContainerProvider, falling back to safe defaults @ chrome-extension://fmkadmapgofadopljbjfkapdkoienihi/build/installHook.js:0
[ 2407330ms] [WARNING] useFixedContainerSlot must be used within FixedContainerProvider, falling back to safe defaults @ chrome-extension://fmkadmapgofadopljbjfkapdkoienihi/build/installHook.js:0
[ 2407331ms] [WARNING] useFixedContainerSlot must be used within FixedContainerProvider, falling back to safe defaults @ chrome-extension://fmkadmapgofadopljbjfkapdkoienihi/build/installHook.js:0
[ 2407361ms] [WARNING] useFixedContainerSlot must be used within FixedContainerProvider, falling back to safe defaults @ chrome-extension://fmkadmapgofadopljbjfkapdkoienihi/build/installHook.js:0
[ 2407363ms] [WARNING] useFixedContainerSlot must be used within FixedContainerProvider, falling back to safe defaults @ chrome-extension://fmkadmapgofadopljbjfkapdkoienihi/build/installHook.js:0
[ 2407364ms] [WARNING] useFixedContainerSlot must be used within FixedContainerProvider, falling back to safe defaults @ chrome-extension://fmkadmapgofadopljbjfkapdkoienihi/build/installHook.js:0
[ 2407466ms] [LOG] [INFO] [Zhida: Talk] zhida:stream:Answer {message: Object, currentTime: 2026-07-20 21:58:46.180} @ https://unpkg.zhimg.com/@cfe/sentry-script@1.3.1/dist/init.js:0
[ 2407467ms] [WARNING] useFixedContainerSlot must be used within FixedContainerProvider, falling back to safe defaults @ chrome-extension://fmkadmapgofadopljbjfkapdkoienihi/build/installHook.js:0
[ 2407471ms] [WARNING] useFixedContainerSlot must be used within FixedContainerProvider, falling back to safe defaults @ chrome-extension://fmkadmapgofadopljbjfkapdkoienihi/build/installHook.js:0
[ 2407475ms] [WARNING] useFixedContainerSlot must be used within FixedContainerProvider, falling back to safe defaults @ chrome-extension://fmkadmapgofadopljbjfkapdkoienihi/build/installHook.js:0
[ 2407479ms] [WARNING] useFixedContainerSlot must be used within FixedContainerProvider, falling back to safe defaults @ chrome-extension://fmkadmapgofadopljbjfkapdkoienihi/build/installHook.js:0
[ 2407481ms] [WARNING] useFixedContainerSlot must be used within FixedContainerProvider, falling back to safe defaults @ chrome-extension://fmkadmapgofadopljbjfkapdkoienihi/build/installHook.js:0
[ 2407482ms] [WARNING] useFixedContainerSlot must be used within FixedContainerProvider, falling back to safe defaults @ chrome-extension://fmkadmapgofadopljbjfkapdkoienihi/build/installHook.js:0
[ 2407489ms] [WARNING] useFixedContainerSlot must be used within FixedContainerProvider, falling back to safe defaults @ chrome-extension://fmkadmapgofadopljbjfkapdkoienihi/build/installHook.js:0
[ 2407490ms] [WARNING] useFixedContainerSlot must be used within FixedContainerProvider, falling back to safe defaults @ chrome-extension://fmkadmapgofadopljbjfkapdkoienihi/build/installHook.js:0
[ 2407492ms] [WARNING] useFixedContainerSlot must be used within FixedContainerProvider, falling back to safe defaults @ chrome-extension://fmkadmapgofadopljbjfkapdkoienihi/build/installHook.js:0
[ 2407517ms] [LOG] [INFO] [Zhida: Talk] zhida:stream:Answer {message: Object, currentTime: 2026-07-20 21:58:46.232} @ https://unpkg.zhimg.com/@cfe/sentry-script@1.3.1/dist/init.js:0
[ 2407518ms] [WARNING] useFixedContainerSlot must be used within FixedContainerProvider, falling back to safe defaults @ chrome-extension://fmkadmapgofadopljbjfkapdkoienihi/build/installHook.js:0
[ 2407522ms] [WARNING] useFixedContainerSlot must be used within FixedContainerProvider, falling back to safe defaults @ chrome-extension://fmkadmapgofadopljbjfkapdkoienihi/build/installHook.js:0
[ 2407525ms] [WARNING] useFixedContainerSlot must be used within FixedContainerProvider, falling back to safe defaults @ chrome-extension://fmkadmapgofadopljbjfkapdkoienihi/build/installHook.js:0
[ 2407530ms] [WARNING] useFixedContainerSlot must be used within FixedContainerProvider, falling back to safe defaults @ chrome-extension://fmkadmapgofadopljbjfkapdkoienihi/build/installHook.js:0
[ 2407532ms] [WARNING] useFixedContainerSlot must be used within FixedContainerProvider, falling back to safe defaults @ chrome-extension://fmkadmapgofadopljbjfkapdkoienihi/build/installHook.js:0
[ 2407533ms] [WARNING] useFixedContainerSlot must be used within FixedContainerProvider, falling back to safe defaults @ chrome-extension://fmkadmapgofadopljbjfkapdkoienihi/build/installHook.js:0
[ 2407569ms] [LOG] [INFO] [Zhida: Talk] zhida:stream:Answer {message: Object, currentTime: 2026-07-20 21:58:46.284} @ https://unpkg.zhimg.com/@cfe/sentry-script@1.3.1/dist/init.js:0
[ 2407570ms] [WARNING] useFixedContainerSlot must be used within FixedContainerProvider, falling back to safe defaults @ chrome-extension://fmkadmapgofadopljbjfkapdkoienihi/build/installHook.js:0
[ 2407574ms] [WARNING] useFixedContainerSlot must be used within FixedContainerProvider, falling back to safe defaults @ chrome-extension://fmkadmapgofadopljbjfkapdkoienihi/build/installHook.js:0
[ 2407578ms] [WARNING] useFixedContainerSlot must be used within FixedContainerProvider, falling back to safe defaults @ chrome-extension://fmkadmapgofadopljbjfkapdkoienihi/build/installHook.js:0
[ 2407582ms] [WARNING] useFixedContainerSlot must be used within FixedContainerProvider, falling back to safe defaults @ chrome-extension://fmkadmapgofadopljbjfkapdkoienihi/build/installHook.js:0
[ 2407584ms] [WARNING] useFixedContainerSlot must be used within FixedContainerProvider, falling back to safe defaults @ chrome-extension://fmkadmapgofadopljbjfkapdkoienihi/build/installHook.js:0
[ 2407585ms] [WARNING] useFixedContainerSlot must be used within FixedContainerProvider, falling back to safe defaults @ chrome-extension://fmkadmapgofadopljbjfkapdkoienihi/build/installHook.js:0
[ 2407622ms] [LOG] [INFO] [Zhida: Talk] zhida:stream:Answer {message: Object, currentTime: 2026-07-20 21:58:46.336} @ https://unpkg.zhimg.com/@cfe/sentry-script@1.3.1/dist/init.js:0
[ 2407623ms] [WARNING] useFixedContainerSlot must be used within FixedContainerProvider, falling back to safe defaults @ chrome-extension://fmkadmapgofadopljbjfkapdkoienihi/build/installHook.js:0
[ 2407627ms] [WARNING] useFixedContainerSlot must be used within FixedContainerProvider, falling back to safe defaults @ chrome-extension://fmkadmapgofadopljbjfkapdkoienihi/build/installHook.js:0
[ 2407631ms] [WARNING] useFixedContainerSlot must be used within FixedContainerProvider, falling back to safe defaults @ chrome-extension://fmkadmapgofadopljbjfkapdkoienihi/build/installHook.js:0
[ 2407636ms] [WARNING] useFixedContainerSlot must be used within FixedContainerProvider, falling back to safe defaults @ chrome-extension://fmkadmapgofadopljbjfkapdkoienihi/build/installHook.js:0
[ 2407637ms] [WARNING] useFixedContainerSlot must be used within FixedContainerProvider, falling back to safe defaults @ chrome-extension://fmkadmapgofadopljbjfkapdkoienihi/build/installHook.js:0
[ 2407639ms] [WARNING] useFixedContainerSlot must be used within FixedContainerProvider, falling back to safe defaults @ chrome-extension://fmkadmapgofadopljbjfkapdkoienihi/build/installHook.js:0
[ 2407675ms] [LOG] [INFO] [Zhida: Talk] zhida:stream:Answer {message: Object, currentTime: 2026-07-20 21:58:46.390} @ https://unpkg.zhimg.com/@cfe/sentry-script@1.3.1/dist/init.js:0
[ 2407676ms] [WARNING] useFixedContainerSlot must be used within FixedContainerProvider, falling back to safe defaults @ chrome-extension://fmkadmapgofadopljbjfkapdkoienihi/build/installHook.js:0
[ 2407680ms] [WARNING] useFixedContainerSlot must be used within FixedContainerProvider, falling back to safe defaults @ chrome-extension://fmkadmapgofadopljbjfkapdkoienihi/build/installHook.js:0
[ 2407684ms] [WARNING] useFixedContainerSlot must be used within FixedContainerProvider, falling back to safe defaults @ chrome-extension://fmkadmapgofadopljbjfkapdkoienihi/build/installHook.js:0
[ 2407688ms] [WARNING] useFixedContainerSlot must be used within FixedContainerProvider, falling back to safe defaults @ chrome-extension://fmkadmapgofadopljbjfkapdkoienihi/build/installHook.js:0
[ 2407690ms] [WARNING] useFixedContainerSlot must be used within FixedContainerProvider, falling back to safe defaults @ chrome-extension://fmkadmapgofadopljbjfkapdkoienihi/build/installHook.js:0
[ 2407691ms] [WARNING] useFixedContainerSlot must be used within FixedContainerProvider, falling back to safe defaults @ chrome-extension://fmkadmapgofadopljbjfkapdkoienihi/build/installHook.js:0
[ 2407705ms] [WARNING] useFixedContainerSlot must be used within FixedContainerProvider, falling back to safe defaults @ chrome-extension://fmkadmapgofadopljbjfkapdkoienihi/build/installHook.js:0
[ 2407706ms] [WARNING] useFixedContainerSlot must be used within FixedContainerProvider, falling back to safe defaults @ chrome-extension://fmkadmapgofadopljbjfkapdkoienihi/build/installHook.js:0
[ 2407707ms] [WARNING] useFixedContainerSlot must be used within FixedContainerProvider, falling back to safe defaults @ chrome-extension://fmkadmapgofadopljbjfkapdkoienihi/build/installHook.js:0
[ 2407712ms] [WARNING] useFixedContainerSlot must be used within FixedContainerProvider, falling back to safe defaults @ chrome-extension://fmkadmapgofadopljbjfkapdkoienihi/build/installHook.js:0
[ 2407835ms] [LOG] [INFO] [Zhida: Talk] zhida:stream:Answer {message: Object, currentTime: 2026-07-20 21:58:46.550} @ https://unpkg.zhimg.com/@cfe/sentry-script@1.3.1/dist/init.js:0
[ 2407836ms] [WARNING] useFixedContainerSlot must be used within FixedContainerProvider, falling back to safe defaults @ chrome-extension://fmkadmapgofadopljbjfkapdkoienihi/build/installHook.js:0
[ 2407840ms] [WARNING] useFixedContainerSlot must be used within FixedContainerProvider, falling back to safe defaults @ chrome-extension://fmkadmapgofadopljbjfkapdkoienihi/build/installHook.js:0
[ 2407844ms] [WARNING] useFixedContainerSlot must be used within FixedContainerProvider, falling back to safe defaults @ chrome-extension://fmkadmapgofadopljbjfkapdkoienihi/build/installHook.js:0
[ 2407849ms] [WARNING] useFixedContainerSlot must be used within FixedContainerProvider, falling back to safe defaults @ chrome-extension://fmkadmapgofadopljbjfkapdkoienihi/build/installHook.js:0
[ 2407850ms] [WARNING] useFixedContainerSlot must be used within FixedContainerProvider, falling back to safe defaults @ chrome-extension://fmkadmapgofadopljbjfkapdkoienihi/build/installHook.js:0
[ 2407852ms] [WARNING] useFixedContainerSlot must be used within FixedContainerProvider, falling back to safe defaults @ chrome-extension://fmkadmapgofadopljbjfkapdkoienihi/build/installHook.js:0
[ 2407889ms] [LOG] [INFO] [Zhida: Talk] zhida:stream:Answer {message: Object, currentTime: 2026-07-20 21:58:46.603} @ https://unpkg.zhimg.com/@cfe/sentry-script@1.3.1/dist/init.js:0
[ 2407890ms] [WARNING] useFixedContainerSlot must be used within FixedContainerProvider, falling back to safe defaults @ chrome-extension://fmkadmapgofadopljbjfkapdkoienihi/build/installHook.js:0
[ 2407893ms] [WARNING] useFixedContainerSlot must be used within FixedContainerProvider, falling back to safe defaults @ chrome-extension://fmkadmapgofadopljbjfkapdkoienihi/build/installHook.js:0
[ 2407897ms] [WARNING] useFixedContainerSlot must be used within FixedContainerProvider, falling back to safe defaults @ chrome-extension://fmkadmapgofadopljbjfkapdkoienihi/build/installHook.js:0
[ 2407902ms] [WARNING] useFixedContainerSlot must be used within FixedContainerProvider, falling back to safe defaults @ chrome-extension://fmkadmapgofadopljbjfkapdkoienihi/build/installHook.js:0
[ 2407903ms] [WARNING] useFixedContainerSlot must be used within FixedContainerProvider, falling back to safe defaults @ chrome-extension://fmkadmapgofadopljbjfkapdkoienihi/build/installHook.js:0
[ 2407905ms] [WARNING] useFixedContainerSlot must be used within FixedContainerProvider, falling back to safe defaults @ chrome-extension://fmkadmapgofadopljbjfkapdkoienihi/build/installHook.js:0
[ 2408009ms] [WARNING] useFixedContainerSlot must be used within FixedContainerProvider, falling back to safe defaults @ chrome-extension://fmkadmapgofadopljbjfkapdkoienihi/build/installHook.js:0
[ 2408011ms] [WARNING] useFixedContainerSlot must be used within FixedContainerProvider, falling back to safe defaults @ chrome-extension://fmkadmapgofadopljbjfkapdkoienihi/build/installHook.js:0
[ 2408012ms] [WARNING] useFixedContainerSlot must be used within FixedContainerProvider, falling back to safe defaults @ chrome-extension://fmkadmapgofadopljbjfkapdkoienihi/build/installHook.js:0
[ 2408028ms] [WARNING] useFixedContainerSlot must be used within FixedContainerProvider, falling back to safe defaults @ chrome-extension://fmkadmapgofadopljbjfkapdkoienihi/build/installHook.js:0
[ 2408029ms] [WARNING] useFixedContainerSlot must be used within FixedContainerProvider, falling back to safe defaults @ chrome-extension://fmkadmapgofadopljbjfkapdkoienihi/build/installHook.js:0
[ 2408030ms] [WARNING] useFixedContainerSlot must be used within FixedContainerProvider, falling back to safe defaults @ chrome-extension://fmkadmapgofadopljbjfkapdkoienihi/build/installHook.js:0
[ 2408050ms] [LOG] [INFO] [Zhida: Talk] zhida:stream:Answer {message: Object, currentTime: 2026-07-20 21:58:46.764} @ https://unpkg.zhimg.com/@cfe/sentry-script@1.3.1/dist/init.js:0
[ 2408051ms] [WARNING] useFixedContainerSlot must be used within FixedContainerProvider, falling back to safe defaults @ chrome-extension://fmkadmapgofadopljbjfkapdkoienihi/build/installHook.js:0
[ 2408055ms] [WARNING] useFixedContainerSlot must be used within FixedContainerProvider, falling back to safe defaults @ chrome-extension://fmkadmapgofadopljbjfkapdkoienihi/build/installHook.js:0
[ 2408058ms] [WARNING] useFixedContainerSlot must be used within FixedContainerProvider, falling back to safe defaults @ chrome-extension://fmkadmapgofadopljbjfkapdkoienihi/build/installHook.js:0
[ 2408064ms] [WARNING] useFixedContainerSlot must be used within FixedContainerProvider, falling back to safe defaults @ chrome-extension://fmkadmapgofadopljbjfkapdkoienihi/build/installHook.js:0
[ 2408065ms] [WARNING] useFixedContainerSlot must be used within FixedContainerProvider, falling back to safe defaults @ chrome-extension://fmkadmapgofadopljbjfkapdkoienihi/build/installHook.js:0
[ 2408067ms] [WARNING] useFixedContainerSlot must be used within FixedContainerProvider, falling back to safe defaults @ chrome-extension://fmkadmapgofadopljbjfkapdkoienihi/build/installHook.js:0
[ 2408102ms] [LOG] [INFO] [Zhida: Talk] zhida:stream:Answer {message: Object, currentTime: 2026-07-20 21:58:46.817} @ https://unpkg.zhimg.com/@cfe/sentry-script@1.3.1/dist/init.js:0
[ 2408103ms] [WARNING] useFixedContainerSlot must be used within FixedContainerProvider, falling back to safe defaults @ chrome-extension://fmkadmapgofadopljbjfkapdkoienihi/build/installHook.js:0
[ 2408107ms] [WARNING] useFixedContainerSlot must be used within FixedContainerProvider, falling back to safe defaults @ chrome-extension://fmkadmapgofadopljbjfkapdkoienihi/build/installHook.js:0
[ 2408111ms] [WARNING] useFixedContainerSlot must be used within FixedContainerProvider, falling back to safe defaults @ chrome-extension://fmkadmapgofadopljbjfkapdkoienihi/build/installHook.js:0
[ 2408116ms] [WARNING] useFixedContainerSlot must be used within FixedContainerProvider, falling back to safe defaults @ chrome-extension://fmkadmapgofadopljbjfkapdkoienihi/build/installHook.js:0
[ 2408118ms] [WARNING] useFixedContainerSlot must be used within FixedContainerProvider, falling back to safe defaults @ chrome-extension://fmkadmapgofadopljbjfkapdkoienihi/build/installHook.js:0
[ 2408119ms] [WARNING] useFixedContainerSlot must be used within FixedContainerProvider, falling back to safe defaults @ chrome-extension://fmkadmapgofadopljbjfkapdkoienihi/build/installHook.js:0
[ 2408156ms] [LOG] [INFO] [Zhida: Talk] zhida:stream:Answer {message: Object, currentTime: 2026-07-20 21:58:46.871} @ https://unpkg.zhimg.com/@cfe/sentry-script@1.3.1/dist/init.js:0
[ 2408157ms] [WARNING] useFixedContainerSlot must be used within FixedContainerProvider, falling back to safe defaults @ chrome-extension://fmkadmapgofadopljbjfkapdkoienihi/build/installHook.js:0
[ 2408161ms] [WARNING] useFixedContainerSlot must be used within FixedContainerProvider, falling back to safe defaults @ chrome-extension://fmkadmapgofadopljbjfkapdkoienihi/build/installHook.js:0
[ 2408165ms] [WARNING] useFixedContainerSlot must be used within FixedContainerProvider, falling back to safe defaults @ chrome-extension://fmkadmapgofadopljbjfkapdkoienihi/build/installHook.js:0
[ 2408170ms] [WARNING] useFixedContainerSlot must be used within FixedContainerProvider, falling back to safe defaults @ chrome-extension://fmkadmapgofadopljbjfkapdkoienihi/build/installHook.js:0
[ 2408171ms] [WARNING] useFixedContainerSlot must be used within FixedContainerProvider, falling back to safe defaults @ chrome-extension://fmkadmapgofadopljbjfkapdkoienihi/build/installHook.js:0
[ 2408173ms] [WARNING] useFixedContainerSlot must be used within FixedContainerProvider, falling back to safe defaults @ chrome-extension://fmkadmapgofadopljbjfkapdkoienihi/build/installHook.js:0
[ 2408210ms] [LOG] [INFO] [Zhida: Talk] zhida:stream:Answer {message: Object, currentTime: 2026-07-20 21:58:46.924} @ https://unpkg.zhimg.com/@cfe/sentry-script@1.3.1/dist/init.js:0
[ 2408211ms] [WARNING] useFixedContainerSlot must be used within FixedContainerProvider, falling back to safe defaults @ chrome-extension://fmkadmapgofadopljbjfkapdkoienihi/build/installHook.js:0
[ 2408214ms] [WARNING] useFixedContainerSlot must be used within FixedContainerProvider, falling back to safe defaults @ chrome-extension://fmkadmapgofadopljbjfkapdkoienihi/build/installHook.js:0
[ 2408218ms] [WARNING] useFixedContainerSlot must be used within FixedContainerProvider, falling back to safe defaults @ chrome-extension://fmkadmapgofadopljbjfkapdkoienihi/build/installHook.js:0
[ 2408223ms] [WARNING] useFixedContainerSlot must be used within FixedContainerProvider, falling back to safe defaults @ chrome-extension://fmkadmapgofadopljbjfkapdkoienihi/build/installHook.js:0
[ 2408225ms] [WARNING] useFixedContainerSlot must be used within FixedContainerProvider, falling back to safe defaults @ chrome-extension://fmkadmapgofadopljbjfkapdkoienihi/build/installHook.js:0
[ 2408226ms] [WARNING] useFixedContainerSlot must be used within FixedContainerProvider, falling back to safe defaults @ chrome-extension://fmkadmapgofadopljbjfkapdkoienihi/build/installHook.js:0
[ 2408231ms] [WARNING] useFixedContainerSlot must be used within FixedContainerProvider, falling back to safe defaults @ chrome-extension://fmkadmapgofadopljbjfkapdkoienihi/build/installHook.js:0
[ 2408329ms] [LOG] [INFO] [Zhida: Talk] zhida:stream:Answer {message: Object, currentTime: 2026-07-20 21:58:47.044} @ https://unpkg.zhimg.com/@cfe/sentry-script@1.3.1/dist/init.js:0
[ 2408330ms] [WARNING] useFixedContainerSlot must be used within FixedContainerProvider, falling back to safe defaults @ chrome-extension://fmkadmapgofadopljbjfkapdkoienihi/build/installHook.js:0
[ 2408334ms] [WARNING] useFixedContainerSlot must be used within FixedContainerProvider, falling back to safe defaults @ chrome-extension://fmkadmapgofadopljbjfkapdkoienihi/build/installHook.js:0
[ 2408338ms] [WARNING] useFixedContainerSlot must be used within FixedContainerProvider, falling back to safe defaults @ chrome-extension://fmkadmapgofadopljbjfkapdkoienihi/build/installHook.js:0
[ 2408343ms] [WARNING] useFixedContainerSlot must be used within FixedContainerProvider, falling back to safe defaults @ chrome-extension://fmkadmapgofadopljbjfkapdkoienihi/build/installHook.js:0
[ 2408345ms] [WARNING] useFixedContainerSlot must be used within FixedContainerProvider, falling back to safe defaults @ chrome-extension://fmkadmapgofadopljbjfkapdkoienihi/build/installHook.js:0
[ 2408346ms] [WARNING] useFixedContainerSlot must be used within FixedContainerProvider, falling back to safe defaults @ chrome-extension://fmkadmapgofadopljbjfkapdkoienihi/build/installHook.js:0
[ 2408385ms] [WARNING] useFixedContainerSlot must be used within FixedContainerProvider, falling back to safe defaults @ chrome-extension://fmkadmapgofadopljbjfkapdkoienihi/build/installHook.js:0
[ 2408387ms] [WARNING] useFixedContainerSlot must be used within FixedContainerProvider, falling back to safe defaults @ chrome-extension://fmkadmapgofadopljbjfkapdkoienihi/build/installHook.js:0
[ 2408388ms] [WARNING] useFixedContainerSlot must be used within FixedContainerProvider, falling back to safe defaults @ chrome-extension://fmkadmapgofadopljbjfkapdkoienihi/build/installHook.js:0
[ 2408398ms] [LOG] [INFO] [Zhida: Talk] zhida:stream:Answer {message: Object, currentTime: 2026-07-20 21:58:47.112} @ https://unpkg.zhimg.com/@cfe/sentry-script@1.3.1/dist/init.js:0
[ 2408399ms] [WARNING] useFixedContainerSlot must be used within FixedContainerProvider, falling back to safe defaults @ chrome-extension://fmkadmapgofadopljbjfkapdkoienihi/build/installHook.js:0
[ 2408403ms] [WARNING] useFixedContainerSlot must be used within FixedContainerProvider, falling back to safe defaults @ chrome-extension://fmkadmapgofadopljbjfkapdkoienihi/build/installHook.js:0
[ 2408406ms] [WARNING] useFixedContainerSlot must be used within FixedContainerProvider, falling back to safe defaults @ chrome-extension://fmkadmapgofadopljbjfkapdkoienihi/build/installHook.js:0
[ 2408412ms] [WARNING] useFixedContainerSlot must be used within FixedContainerProvider, falling back to safe defaults @ chrome-extension://fmkadmapgofadopljbjfkapdkoienihi/build/installHook.js:0
[ 2408413ms] [WARNING] useFixedContainerSlot must be used within FixedContainerProvider, falling back to safe defaults @ chrome-extension://fmkadmapgofadopljbjfkapdkoienihi/build/installHook.js:0
[ 2408415ms] [WARNING] useFixedContainerSlot must be used within FixedContainerProvider, falling back to safe defaults @ chrome-extension://fmkadmapgofadopljbjfkapdkoienihi/build/installHook.js:0
[ 2408417ms] [WARNING] useFixedContainerSlot must be used within FixedContainerProvider, falling back to safe defaults @ chrome-extension://fmkadmapgofadopljbjfkapdkoienihi/build/installHook.js:0
[ 2408418ms] [WARNING] useFixedContainerSlot must be used within FixedContainerProvider, falling back to safe defaults @ chrome-extension://fmkadmapgofadopljbjfkapdkoienihi/build/installHook.js:0
[ 2408419ms] [WARNING] useFixedContainerSlot must be used within FixedContainerProvider, falling back to safe defaults @ chrome-extension://fmkadmapgofadopljbjfkapdkoienihi/build/installHook.js:0
[ 2408429ms] [LOG] [INFO] [Zhida: Talk] zhida:stream:Answer {message: Object, currentTime: 2026-07-20 21:58:47.144} @ https://unpkg.zhimg.com/@cfe/sentry-script@1.3.1/dist/init.js:0
[ 2408431ms] [WARNING] useFixedContainerSlot must be used within FixedContainerProvider, falling back to safe defaults @ chrome-extension://fmkadmapgofadopljbjfkapdkoienihi/build/installHook.js:0
[ 2408435ms] [WARNING] useFixedContainerSlot must be used within FixedContainerProvider, falling back to safe defaults @ chrome-extension://fmkadmapgofadopljbjfkapdkoienihi/build/installHook.js:0
[ 2408439ms] [WARNING] useFixedContainerSlot must be used within FixedContainerProvider, falling back to safe defaults @ chrome-extension://fmkadmapgofadopljbjfkapdkoienihi/build/installHook.js:0
[ 2408444ms] [WARNING] useFixedContainerSlot must be used within FixedContainerProvider, falling back to safe defaults @ chrome-extension://fmkadmapgofadopljbjfkapdkoienihi/build/installHook.js:0
[ 2408446ms] [WARNING] useFixedContainerSlot must be used within FixedContainerProvider, falling back to safe defaults @ chrome-extension://fmkadmapgofadopljbjfkapdkoienihi/build/installHook.js:0
[ 2408447ms] [WARNING] useFixedContainerSlot must be used within FixedContainerProvider, falling back to safe defaults @ chrome-extension://fmkadmapgofadopljbjfkapdkoienihi/build/installHook.js:0
[ 2408449ms] [WARNING] useFixedContainerSlot must be used within FixedContainerProvider, falling back to safe defaults @ chrome-extension://fmkadmapgofadopljbjfkapdkoienihi/build/installHook.js:0
[ 2408451ms] [WARNING] useFixedContainerSlot must be used within FixedContainerProvider, falling back to safe defaults @ chrome-extension://fmkadmapgofadopljbjfkapdkoienihi/build/installHook.js:0
[ 2408452ms] [WARNING] useFixedContainerSlot must be used within FixedContainerProvider, falling back to safe defaults @ chrome-extension://fmkadmapgofadopljbjfkapdkoienihi/build/installHook.js:0
[ 2408586ms] [LOG] [INFO] [Zhida: Talk] zhida:stream:Answer {message: Object, currentTime: 2026-07-20 21:58:47.300} @ https://unpkg.zhimg.com/@cfe/sentry-script@1.3.1/dist/init.js:0
[ 2408587ms] [WARNING] useFixedContainerSlot must be used within FixedContainerProvider, falling back to safe defaults @ chrome-extension://fmkadmapgofadopljbjfkapdkoienihi/build/installHook.js:0
[ 2408591ms] [WARNING] useFixedContainerSlot must be used within FixedContainerProvider, falling back to safe defaults @ chrome-extension://fmkadmapgofadopljbjfkapdkoienihi/build/installHook.js:0
[ 2408594ms] [WARNING] useFixedContainerSlot must be used within FixedContainerProvider, falling back to safe defaults @ chrome-extension://fmkadmapgofadopljbjfkapdkoienihi/build/installHook.js:0
[ 2408600ms] [WARNING] useFixedContainerSlot must be used within FixedContainerProvider, falling back to safe defaults @ chrome-extension://fmkadmapgofadopljbjfkapdkoienihi/build/installHook.js:0
[ 2408601ms] [WARNING] useFixedContainerSlot must be used within FixedContainerProvider, falling back to safe defaults @ chrome-extension://fmkadmapgofadopljbjfkapdkoienihi/build/installHook.js:0
[ 2408603ms] [WARNING] useFixedContainerSlot must be used within FixedContainerProvider, falling back to safe defaults @ chrome-extension://fmkadmapgofadopljbjfkapdkoienihi/build/installHook.js:0
[ 2408694ms] [LOG] [INFO] [Zhida: Talk] zhida:stream:Answer {message: Object, currentTime: 2026-07-20 21:58:47.409} @ https://unpkg.zhimg.com/@cfe/sentry-script@1.3.1/dist/init.js:0
[ 2408696ms] [WARNING] useFixedContainerSlot must be used within FixedContainerProvider, falling back to safe defaults @ chrome-extension://fmkadmapgofadopljbjfkapdkoienihi/build/installHook.js:0
[ 2408700ms] [WARNING] useFixedContainerSlot must be used within FixedContainerProvider, falling back to safe defaults @ chrome-extension://fmkadmapgofadopljbjfkapdkoienihi/build/installHook.js:0
[ 2408703ms] [WARNING] useFixedContainerSlot must be used within FixedContainerProvider, falling back to safe defaults @ chrome-extension://fmkadmapgofadopljbjfkapdkoienihi/build/installHook.js:0
[ 2408709ms] [WARNING] useFixedContainerSlot must be used within FixedContainerProvider, falling back to safe defaults @ chrome-extension://fmkadmapgofadopljbjfkapdkoienihi/build/installHook.js:0
[ 2408710ms] [WARNING] useFixedContainerSlot must be used within FixedContainerProvider, falling back to safe defaults @ chrome-extension://fmkadmapgofadopljbjfkapdkoienihi/build/installHook.js:0
[ 2408712ms] [WARNING] useFixedContainerSlot must be used within FixedContainerProvider, falling back to safe defaults @ chrome-extension://fmkadmapgofadopljbjfkapdkoienihi/build/installHook.js:0
[ 2408783ms] [WARNING] useFixedContainerSlot must be used within FixedContainerProvider, falling back to safe defaults @ chrome-extension://fmkadmapgofadopljbjfkapdkoienihi/build/installHook.js:0
[ 2408784ms] [WARNING] useFixedContainerSlot must be used within FixedContainerProvider, falling back to safe defaults @ chrome-extension://fmkadmapgofadopljbjfkapdkoienihi/build/installHook.js:0
[ 2408785ms] [WARNING] useFixedContainerSlot must be used within FixedContainerProvider, falling back to safe defaults @ chrome-extension://fmkadmapgofadopljbjfkapdkoienihi/build/installHook.js:0
[ 2408791ms] [WARNING] useFixedContainerSlot must be used within FixedContainerProvider, falling back to safe defaults @ chrome-extension://fmkadmapgofadopljbjfkapdkoienihi/build/installHook.js:0
[ 2408809ms] [WARNING] useFixedContainerSlot must be used within FixedContainerProvider, falling back to safe defaults @ chrome-extension://fmkadmapgofadopljbjfkapdkoienihi/build/installHook.js:0
[ 2408810ms] [WARNING] useFixedContainerSlot must be used within FixedContainerProvider, falling back to safe defaults @ chrome-extension://fmkadmapgofadopljbjfkapdkoienihi/build/installHook.js:0
[ 2408812ms] [WARNING] useFixedContainerSlot must be used within FixedContainerProvider, falling back to safe defaults @ chrome-extension://fmkadmapgofadopljbjfkapdkoienihi/build/installHook.js:0
[ 2408911ms] [LOG] [INFO] [Zhida: Talk] zhida:stream:Answer {message: Object, currentTime: 2026-07-20 21:58:47.625} @ https://unpkg.zhimg.com/@cfe/sentry-script@1.3.1/dist/init.js:0
[ 2408912ms] [WARNING] useFixedContainerSlot must be used within FixedContainerProvider, falling back to safe defaults @ chrome-extension://fmkadmapgofadopljbjfkapdkoienihi/build/installHook.js:0
[ 2408917ms] [WARNING] useFixedContainerSlot must be used within FixedContainerProvider, falling back to safe defaults @ chrome-extension://fmkadmapgofadopljbjfkapdkoienihi/build/installHook.js:0
[ 2408920ms] [WARNING] useFixedContainerSlot must be used within FixedContainerProvider, falling back to safe defaults @ chrome-extension://fmkadmapgofadopljbjfkapdkoienihi/build/installHook.js:0
[ 2408926ms] [WARNING] useFixedContainerSlot must be used within FixedContainerProvider, falling back to safe defaults @ chrome-extension://fmkadmapgofadopljbjfkapdkoienihi/build/installHook.js:0
[ 2408928ms] [WARNING] useFixedContainerSlot must be used within FixedContainerProvider, falling back to safe defaults @ chrome-extension://fmkadmapgofadopljbjfkapdkoienihi/build/installHook.js:0
[ 2408929ms] [WARNING] useFixedContainerSlot must be used within FixedContainerProvider, falling back to safe defaults @ chrome-extension://fmkadmapgofadopljbjfkapdkoienihi/build/installHook.js:0
[ 2408959ms] [LOG] [INFO] [Zhida: Talk] zhida:stream:Answer {message: Object, currentTime: 2026-07-20 21:58:47.674} @ https://unpkg.zhimg.com/@cfe/sentry-script@1.3.1/dist/init.js:0
[ 2408961ms] [WARNING] useFixedContainerSlot must be used within FixedContainerProvider, falling back to safe defaults @ chrome-extension://fmkadmapgofadopljbjfkapdkoienihi/build/installHook.js:0
[ 2408964ms] [WARNING] useFixedContainerSlot must be used within FixedContainerProvider, falling back to safe defaults @ chrome-extension://fmkadmapgofadopljbjfkapdkoienihi/build/installHook.js:0
[ 2408968ms] [WARNING] useFixedContainerSlot must be used within FixedContainerProvider, falling back to safe defaults @ chrome-extension://fmkadmapgofadopljbjfkapdkoienihi/build/installHook.js:0
[ 2408974ms] [WARNING] useFixedContainerSlot must be used within FixedContainerProvider, falling back to safe defaults @ chrome-extension://fmkadmapgofadopljbjfkapdkoienihi/build/installHook.js:0
[ 2408975ms] [WARNING] useFixedContainerSlot must be used within FixedContainerProvider, falling back to safe defaults @ chrome-extension://fmkadmapgofadopljbjfkapdkoienihi/build/installHook.js:0
[ 2408977ms] [WARNING] useFixedContainerSlot must be used within FixedContainerProvider, falling back to safe defaults @ chrome-extension://fmkadmapgofadopljbjfkapdkoienihi/build/installHook.js:0
[ 2409069ms] [LOG] [INFO] [Zhida: Talk] zhida:stream:Answer {message: Object, currentTime: 2026-07-20 21:58:47.783} @ https://unpkg.zhimg.com/@cfe/sentry-script@1.3.1/dist/init.js:0
[ 2409070ms] [WARNING] useFixedContainerSlot must be used within FixedContainerProvider, falling back to safe defaults @ chrome-extension://fmkadmapgofadopljbjfkapdkoienihi/build/installHook.js:0
[ 2409074ms] [WARNING] useFixedContainerSlot must be used within FixedContainerProvider, falling back to safe defaults @ chrome-extension://fmkadmapgofadopljbjfkapdkoienihi/build/installHook.js:0
[ 2409078ms] [WARNING] useFixedContainerSlot must be used within FixedContainerProvider, falling back to safe defaults @ chrome-extension://fmkadmapgofadopljbjfkapdkoienihi/build/installHook.js:0
[ 2409084ms] [WARNING] useFixedContainerSlot must be used within FixedContainerProvider, falling back to safe defaults @ chrome-extension://fmkadmapgofadopljbjfkapdkoienihi/build/installHook.js:0
[ 2409085ms] [WARNING] useFixedContainerSlot must be used within FixedContainerProvider, falling back to safe defaults @ chrome-extension://fmkadmapgofadopljbjfkapdkoienihi/build/installHook.js:0
[ 2409087ms] [WARNING] useFixedContainerSlot must be used within FixedContainerProvider, falling back to safe defaults @ chrome-extension://fmkadmapgofadopljbjfkapdkoienihi/build/installHook.js:0
[ 2409197ms] [WARNING] useFixedContainerSlot must be used within FixedContainerProvider, falling back to safe defaults @ chrome-extension://fmkadmapgofadopljbjfkapdkoienihi/build/installHook.js:0
[ 2409198ms] [WARNING] useFixedContainerSlot must be used within FixedContainerProvider, falling back to safe defaults @ chrome-extension://fmkadmapgofadopljbjfkapdkoienihi/build/installHook.js:0
[ 2409199ms] [WARNING] useFixedContainerSlot must be used within FixedContainerProvider, falling back to safe defaults @ chrome-extension://fmkadmapgofadopljbjfkapdkoienihi/build/installHook.js:0
[ 2409282ms] [LOG] [INFO] [Zhida: Talk] zhida:stream:Answer {message: Object, currentTime: 2026-07-20 21:58:47.996} @ https://unpkg.zhimg.com/@cfe/sentry-script@1.3.1/dist/init.js:0
[ 2409283ms] [WARNING] useFixedContainerSlot must be used within FixedContainerProvider, falling back to safe defaults @ chrome-extension://fmkadmapgofadopljbjfkapdkoienihi/build/installHook.js:0
[ 2409287ms] [WARNING] useFixedContainerSlot must be used within FixedContainerProvider, falling back to safe defaults @ chrome-extension://fmkadmapgofadopljbjfkapdkoienihi/build/installHook.js:0
[ 2409291ms] [WARNING] useFixedContainerSlot must be used within FixedContainerProvider, falling back to safe defaults @ chrome-extension://fmkadmapgofadopljbjfkapdkoienihi/build/installHook.js:0
[ 2409296ms] [WARNING] useFixedContainerSlot must be used within FixedContainerProvider, falling back to safe defaults @ chrome-extension://fmkadmapgofadopljbjfkapdkoienihi/build/installHook.js:0
[ 2409297ms] [WARNING] useFixedContainerSlot must be used within FixedContainerProvider, falling back to safe defaults @ chrome-extension://fmkadmapgofadopljbjfkapdkoienihi/build/installHook.js:0
[ 2409299ms] [WARNING] useFixedContainerSlot must be used within FixedContainerProvider, falling back to safe defaults @ chrome-extension://fmkadmapgofadopljbjfkapdkoienihi/build/installHook.js:0
[ 2409300ms] [LOG] [INFO] [Zhida: Talk] zhida:stream:Answer {message: Object, currentTime: 2026-07-20 21:58:48.015} @ https://unpkg.zhimg.com/@cfe/sentry-script@1.3.1/dist/init.js:0
[ 2409301ms] [WARNING] useFixedContainerSlot must be used within FixedContainerProvider, falling back to safe defaults @ chrome-extension://fmkadmapgofadopljbjfkapdkoienihi/build/installHook.js:0
[ 2409304ms] [WARNING] useFixedContainerSlot must be used within FixedContainerProvider, falling back to safe defaults @ chrome-extension://fmkadmapgofadopljbjfkapdkoienihi/build/installHook.js:0
[ 2409308ms] [WARNING] useFixedContainerSlot must be used within FixedContainerProvider, falling back to safe defaults @ chrome-extension://fmkadmapgofadopljbjfkapdkoienihi/build/installHook.js:0
[ 2409313ms] [WARNING] useFixedContainerSlot must be used within FixedContainerProvider, falling back to safe defaults @ chrome-extension://fmkadmapgofadopljbjfkapdkoienihi/build/installHook.js:0
[ 2409314ms] [WARNING] useFixedContainerSlot must be used within FixedContainerProvider, falling back to safe defaults @ chrome-extension://fmkadmapgofadopljbjfkapdkoienihi/build/installHook.js:0
[ 2409315ms] [WARNING] useFixedContainerSlot must be used within FixedContainerProvider, falling back to safe defaults @ chrome-extension://fmkadmapgofadopljbjfkapdkoienihi/build/installHook.js:0
[ 2409319ms] [WARNING] useFixedContainerSlot must be used within FixedContainerProvider, falling back to safe defaults @ chrome-extension://fmkadmapgofadopljbjfkapdkoienihi/build/installHook.js:0
[ 2409324ms] [WARNING] useFixedContainerSlot must be used within FixedContainerProvider, falling back to safe defaults @ chrome-extension://fmkadmapgofadopljbjfkapdkoienihi/build/installHook.js:0
[ 2409325ms] [WARNING] useFixedContainerSlot must be used within FixedContainerProvider, falling back to safe defaults @ chrome-extension://fmkadmapgofadopljbjfkapdkoienihi/build/installHook.js:0
[ 2409326ms] [WARNING] useFixedContainerSlot must be used within FixedContainerProvider, falling back to safe defaults @ chrome-extension://fmkadmapgofadopljbjfkapdkoienihi/build/installHook.js:0
[ 2409445ms] [LOG] [INFO] [Zhida: Talk] zhida:stream:Answer {message: Object, currentTime: 2026-07-20 21:58:48.160} @ https://unpkg.zhimg.com/@cfe/sentry-script@1.3.1/dist/init.js:0
[ 2409446ms] [WARNING] useFixedContainerSlot must be used within FixedContainerProvider, falling back to safe defaults @ chrome-extension://fmkadmapgofadopljbjfkapdkoienihi/build/installHook.js:0
[ 2409450ms] [WARNING] useFixedContainerSlot must be used within FixedContainerProvider, falling back to safe defaults @ chrome-extension://fmkadmapgofadopljbjfkapdkoienihi/build/installHook.js:0
[ 2409454ms] [WARNING] useFixedContainerSlot must be used within FixedContainerProvider, falling back to safe defaults @ chrome-extension://fmkadmapgofadopljbjfkapdkoienihi/build/installHook.js:0
[ 2409459ms] [WARNING] useFixedContainerSlot must be used within FixedContainerProvider, falling back to safe defaults @ chrome-extension://fmkadmapgofadopljbjfkapdkoienihi/build/installHook.js:0
[ 2409460ms] [WARNING] useFixedContainerSlot must be used within FixedContainerProvider, falling back to safe defaults @ chrome-extension://fmkadmapgofadopljbjfkapdkoienihi/build/installHook.js:0
[ 2409462ms] [WARNING] useFixedContainerSlot must be used within FixedContainerProvider, falling back to safe defaults @ chrome-extension://fmkadmapgofadopljbjfkapdkoienihi/build/installHook.js:0
[ 2409541ms] [WARNING] useFixedContainerSlot must be used within FixedContainerProvider, falling back to safe defaults @ chrome-extension://fmkadmapgofadopljbjfkapdkoienihi/build/installHook.js:0
[ 2409542ms] [WARNING] useFixedContainerSlot must be used within FixedContainerProvider, falling back to safe defaults @ chrome-extension://fmkadmapgofadopljbjfkapdkoienihi/build/installHook.js:0
[ 2409543ms] [WARNING] useFixedContainerSlot must be used within FixedContainerProvider, falling back to safe defaults @ chrome-extension://fmkadmapgofadopljbjfkapdkoienihi/build/installHook.js:0
[ 2409551ms] [LOG] [INFO] [Zhida: Talk] zhida:stream:Answer {message: Object, currentTime: 2026-07-20 21:58:48.265} @ https://unpkg.zhimg.com/@cfe/sentry-script@1.3.1/dist/init.js:0
[ 2409552ms] [WARNING] useFixedContainerSlot must be used within FixedContainerProvider, falling back to safe defaults @ chrome-extension://fmkadmapgofadopljbjfkapdkoienihi/build/installHook.js:0
[ 2409556ms] [WARNING] useFixedContainerSlot must be used within FixedContainerProvider, falling back to safe defaults @ chrome-extension://fmkadmapgofadopljbjfkapdkoienihi/build/installHook.js:0
[ 2409559ms] [WARNING] useFixedContainerSlot must be used within FixedContainerProvider, falling back to safe defaults @ chrome-extension://fmkadmapgofadopljbjfkapdkoienihi/build/installHook.js:0
[ 2409564ms] [WARNING] useFixedContainerSlot must be used within FixedContainerProvider, falling back to safe defaults @ chrome-extension://fmkadmapgofadopljbjfkapdkoienihi/build/installHook.js:0
[ 2409565ms] [WARNING] useFixedContainerSlot must be used within FixedContainerProvider, falling back to safe defaults @ chrome-extension://fmkadmapgofadopljbjfkapdkoienihi/build/installHook.js:0
[ 2409567ms] [WARNING] useFixedContainerSlot must be used within FixedContainerProvider, falling back to safe defaults @ chrome-extension://fmkadmapgofadopljbjfkapdkoienihi/build/installHook.js:0
[ 2409656ms] [LOG] [INFO] [Zhida: Talk] zhida:stream:Answer {message: Object, currentTime: 2026-07-20 21:58:48.370} @ https://unpkg.zhimg.com/@cfe/sentry-script@1.3.1/dist/init.js:0
[ 2409657ms] [WARNING] useFixedContainerSlot must be used within FixedContainerProvider, falling back to safe defaults @ chrome-extension://fmkadmapgofadopljbjfkapdkoienihi/build/installHook.js:0
[ 2409661ms] [WARNING] useFixedContainerSlot must be used within FixedContainerProvider, falling back to safe defaults @ chrome-extension://fmkadmapgofadopljbjfkapdkoienihi/build/installHook.js:0
[ 2409665ms] [WARNING] useFixedContainerSlot must be used within FixedContainerProvider, falling back to safe defaults @ chrome-extension://fmkadmapgofadopljbjfkapdkoienihi/build/installHook.js:0
[ 2409670ms] [WARNING] useFixedContainerSlot must be used within FixedContainerProvider, falling back to safe defaults @ chrome-extension://fmkadmapgofadopljbjfkapdkoienihi/build/installHook.js:0
[ 2409671ms] [WARNING] useFixedContainerSlot must be used within FixedContainerProvider, falling back to safe defaults @ chrome-extension://fmkadmapgofadopljbjfkapdkoienihi/build/installHook.js:0
[ 2409673ms] [WARNING] useFixedContainerSlot must be used within FixedContainerProvider, falling back to safe defaults @ chrome-extension://fmkadmapgofadopljbjfkapdkoienihi/build/installHook.js:0
[ 2409766ms] [LOG] [INFO] [Zhida: Talk] zhida:stream:Answer {message: Object, currentTime: 2026-07-20 21:58:48.481} @ https://unpkg.zhimg.com/@cfe/sentry-script@1.3.1/dist/init.js:0
[ 2409767ms] [WARNING] useFixedContainerSlot must be used within FixedContainerProvider, falling back to safe defaults @ chrome-extension://fmkadmapgofadopljbjfkapdkoienihi/build/installHook.js:0
[ 2409771ms] [WARNING] useFixedContainerSlot must be used within FixedContainerProvider, falling back to safe defaults @ chrome-extension://fmkadmapgofadopljbjfkapdkoienihi/build/installHook.js:0
[ 2409775ms] [WARNING] useFixedContainerSlot must be used within FixedContainerProvider, falling back to safe defaults @ chrome-extension://fmkadmapgofadopljbjfkapdkoienihi/build/installHook.js:0
[ 2409780ms] [WARNING] useFixedContainerSlot must be used within FixedContainerProvider, falling back to safe defaults @ chrome-extension://fmkadmapgofadopljbjfkapdkoienihi/build/installHook.js:0
[ 2409782ms] [WARNING] useFixedContainerSlot must be used within FixedContainerProvider, falling back to safe defaults @ chrome-extension://fmkadmapgofadopljbjfkapdkoienihi/build/installHook.js:0
[ 2409783ms] [WARNING] useFixedContainerSlot must be used within FixedContainerProvider, falling back to safe defaults @ chrome-extension://fmkadmapgofadopljbjfkapdkoienihi/build/installHook.js:0
[ 2409791ms] [WARNING] useFixedContainerSlot must be used within FixedContainerProvider, falling back to safe defaults @ chrome-extension://fmkadmapgofadopljbjfkapdkoienihi/build/installHook.js:0
[ 2409792ms] [WARNING] useFixedContainerSlot must be used within FixedContainerProvider, falling back to safe defaults @ chrome-extension://fmkadmapgofadopljbjfkapdkoienihi/build/installHook.js:0
[ 2409793ms] [WARNING] useFixedContainerSlot must be used within FixedContainerProvider, falling back to safe defaults @ chrome-extension://fmkadmapgofadopljbjfkapdkoienihi/build/installHook.js:0
[ 2409818ms] [LOG] [INFO] [Zhida: Talk] zhida:stream:Answer {message: Object, currentTime: 2026-07-20 21:58:48.532} @ https://unpkg.zhimg.com/@cfe/sentry-script@1.3.1/dist/init.js:0
[ 2409819ms] [WARNING] useFixedContainerSlot must be used within FixedContainerProvider, falling back to safe defaults @ chrome-extension://fmkadmapgofadopljbjfkapdkoienihi/build/installHook.js:0
[ 2409822ms] [WARNING] useFixedContainerSlot must be used within FixedContainerProvider, falling back to safe defaults @ chrome-extension://fmkadmapgofadopljbjfkapdkoienihi/build/installHook.js:0
[ 2409826ms] [WARNING] useFixedContainerSlot must be used within FixedContainerProvider, falling back to safe defaults @ chrome-extension://fmkadmapgofadopljbjfkapdkoienihi/build/installHook.js:0
[ 2409831ms] [WARNING] useFixedContainerSlot must be used within FixedContainerProvider, falling back to safe defaults @ chrome-extension://fmkadmapgofadopljbjfkapdkoienihi/build/installHook.js:0
[ 2409832ms] [WARNING] useFixedContainerSlot must be used within FixedContainerProvider, falling back to safe defaults @ chrome-extension://fmkadmapgofadopljbjfkapdkoienihi/build/installHook.js:0
[ 2409834ms] [WARNING] useFixedContainerSlot must be used within FixedContainerProvider, falling back to safe defaults @ chrome-extension://fmkadmapgofadopljbjfkapdkoienihi/build/installHook.js:0
[ 2409838ms] [WARNING] useFixedContainerSlot must be used within FixedContainerProvider, falling back to safe defaults @ chrome-extension://fmkadmapgofadopljbjfkapdkoienihi/build/installHook.js:0
[ 2409977ms] [LOG] [INFO] [Zhida: Talk] zhida:stream:Answer {message: Object, currentTime: 2026-07-20 21:58:48.691} @ https://unpkg.zhimg.com/@cfe/sentry-script@1.3.1/dist/init.js:0
[ 2409978ms] [WARNING] useFixedContainerSlot must be used within FixedContainerProvider, falling back to safe defaults @ chrome-extension://fmkadmapgofadopljbjfkapdkoienihi/build/installHook.js:0
[ 2409982ms] [WARNING] useFixedContainerSlot must be used within FixedContainerProvider, falling back to safe defaults @ chrome-extension://fmkadmapgofadopljbjfkapdkoienihi/build/installHook.js:0
[ 2409986ms] [WARNING] useFixedContainerSlot must be used within FixedContainerProvider, falling back to safe defaults @ chrome-extension://fmkadmapgofadopljbjfkapdkoienihi/build/installHook.js:0
[ 2409991ms] [WARNING] useFixedContainerSlot must be used within FixedContainerProvider, falling back to safe defaults @ chrome-extension://fmkadmapgofadopljbjfkapdkoienihi/build/installHook.js:0
[ 2409992ms] [WARNING] useFixedContainerSlot must be used within FixedContainerProvider, falling back to safe defaults @ chrome-extension://fmkadmapgofadopljbjfkapdkoienihi/build/installHook.js:0
[ 2409994ms] [WARNING] useFixedContainerSlot must be used within FixedContainerProvider, falling back to safe defaults @ chrome-extension://fmkadmapgofadopljbjfkapdkoienihi/build/installHook.js:0
[ 2410095ms] [WARNING] useFixedContainerSlot must be used within FixedContainerProvider, falling back to safe defaults @ chrome-extension://fmkadmapgofadopljbjfkapdkoienihi/build/installHook.js:0
[ 2410097ms] [WARNING] useFixedContainerSlot must be used within FixedContainerProvider, falling back to safe defaults @ chrome-extension://fmkadmapgofadopljbjfkapdkoienihi/build/installHook.js:0
[ 2410098ms] [WARNING] useFixedContainerSlot must be used within FixedContainerProvider, falling back to safe defaults @ chrome-extension://fmkadmapgofadopljbjfkapdkoienihi/build/installHook.js:0
[ 2410125ms] [WARNING] useFixedContainerSlot must be used within FixedContainerProvider, falling back to safe defaults @ chrome-extension://fmkadmapgofadopljbjfkapdkoienihi/build/installHook.js:0
[ 2410126ms] [WARNING] useFixedContainerSlot must be used within FixedContainerProvider, falling back to safe defaults @ chrome-extension://fmkadmapgofadopljbjfkapdkoienihi/build/installHook.js:0
[ 2410127ms] [WARNING] useFixedContainerSlot must be used within FixedContainerProvider, falling back to safe defaults @ chrome-extension://fmkadmapgofadopljbjfkapdkoienihi/build/installHook.js:0
[ 2410403ms] [WARNING] useFixedContainerSlot must be used within FixedContainerProvider, falling back to safe defaults @ chrome-extension://fmkadmapgofadopljbjfkapdkoienihi/build/installHook.js:0
[ 2410424ms] [LOG] [INFO] [Zhida: Talk] zhida:stream:Answer {message: Object, currentTime: 2026-07-20 21:58:49.139} @ https://unpkg.zhimg.com/@cfe/sentry-script@1.3.1/dist/init.js:0
[ 2410425ms] [WARNING] useFixedContainerSlot must be used within FixedContainerProvider, falling back to safe defaults @ chrome-extension://fmkadmapgofadopljbjfkapdkoienihi/build/installHook.js:0
[ 2410429ms] [WARNING] useFixedContainerSlot must be used within FixedContainerProvider, falling back to safe defaults @ chrome-extension://fmkadmapgofadopljbjfkapdkoienihi/build/installHook.js:0
[ 2410433ms] [WARNING] useFixedContainerSlot must be used within FixedContainerProvider, falling back to safe defaults @ chrome-extension://fmkadmapgofadopljbjfkapdkoienihi/build/installHook.js:0
[ 2410438ms] [WARNING] useFixedContainerSlot must be used within FixedContainerProvider, falling back to safe defaults @ chrome-extension://fmkadmapgofadopljbjfkapdkoienihi/build/installHook.js:0
[ 2410440ms] [WARNING] useFixedContainerSlot must be used within FixedContainerProvider, falling back to safe defaults @ chrome-extension://fmkadmapgofadopljbjfkapdkoienihi/build/installHook.js:0
[ 2410441ms] [WARNING] useFixedContainerSlot must be used within FixedContainerProvider, falling back to safe defaults @ chrome-extension://fmkadmapgofadopljbjfkapdkoienihi/build/installHook.js:0
[ 2410442ms] [LOG] [INFO] [Zhida: Talk] zhida:stream:Answer {message: Object, currentTime: 2026-07-20 21:58:49.157} @ https://unpkg.zhimg.com/@cfe/sentry-script@1.3.1/dist/init.js:0
[ 2410443ms] [WARNING] useFixedContainerSlot must be used within FixedContainerProvider, falling back to safe defaults @ chrome-extension://fmkadmapgofadopljbjfkapdkoienihi/build/installHook.js:0
[ 2410446ms] [WARNING] useFixedContainerSlot must be used within FixedContainerProvider, falling back to safe defaults @ chrome-extension://fmkadmapgofadopljbjfkapdkoienihi/build/installHook.js:0
[ 2410450ms] [WARNING] useFixedContainerSlot must be used within FixedContainerProvider, falling back to safe defaults @ chrome-extension://fmkadmapgofadopljbjfkapdkoienihi/build/installHook.js:0
[ 2410455ms] [WARNING] useFixedContainerSlot must be used within FixedContainerProvider, falling back to safe defaults @ chrome-extension://fmkadmapgofadopljbjfkapdkoienihi/build/installHook.js:0
[ 2410456ms] [WARNING] useFixedContainerSlot must be used within FixedContainerProvider, falling back to safe defaults @ chrome-extension://fmkadmapgofadopljbjfkapdkoienihi/build/installHook.js:0
[ 2410458ms] [WARNING] useFixedContainerSlot must be used within FixedContainerProvider, falling back to safe defaults @ chrome-extension://fmkadmapgofadopljbjfkapdkoienihi/build/installHook.js:0
[ 2410461ms] [LOG] [INFO] [Zhida: Talk] zhida:stream:Answer {message: Object, currentTime: 2026-07-20 21:58:49.176} @ https://unpkg.zhimg.com/@cfe/sentry-script@1.3.1/dist/init.js:0
[ 2410462ms] [WARNING] useFixedContainerSlot must be used within FixedContainerProvider, falling back to safe defaults @ chrome-extension://fmkadmapgofadopljbjfkapdkoienihi/build/installHook.js:0
[ 2410466ms] [WARNING] useFixedContainerSlot must be used within FixedContainerProvider, falling back to safe defaults @ chrome-extension://fmkadmapgofadopljbjfkapdkoienihi/build/installHook.js:0
[ 2410469ms] [WARNING] useFixedContainerSlot must be used within FixedContainerProvider, falling back to safe defaults @ chrome-extension://fmkadmapgofadopljbjfkapdkoienihi/build/installHook.js:0
[ 2410474ms] [WARNING] useFixedContainerSlot must be used within FixedContainerProvider, falling back to safe defaults @ chrome-extension://fmkadmapgofadopljbjfkapdkoienihi/build/installHook.js:0
[ 2410476ms] [WARNING] useFixedContainerSlot must be used within FixedContainerProvider, falling back to safe defaults @ chrome-extension://fmkadmapgofadopljbjfkapdkoienihi/build/installHook.js:0
[ 2410477ms] [WARNING] useFixedContainerSlot must be used within FixedContainerProvider, falling back to safe defaults @ chrome-extension://fmkadmapgofadopljbjfkapdkoienihi/build/installHook.js:0
[ 2410514ms] [LOG] [INFO] [Zhida: Talk] zhida:stream:Answer {message: Object, currentTime: 2026-07-20 21:58:49.229} @ https://unpkg.zhimg.com/@cfe/sentry-script@1.3.1/dist/init.js:0
[ 2410515ms] [WARNING] useFixedContainerSlot must be used within FixedContainerProvider, falling back to safe defaults @ chrome-extension://fmkadmapgofadopljbjfkapdkoienihi/build/installHook.js:0
[ 2410519ms] [WARNING] useFixedContainerSlot must be used within FixedContainerProvider, falling back to safe defaults @ chrome-extension://fmkadmapgofadopljbjfkapdkoienihi/build/installHook.js:0
[ 2410523ms] [WARNING] useFixedContainerSlot must be used within FixedContainerProvider, falling back to safe defaults @ chrome-extension://fmkadmapgofadopljbjfkapdkoienihi/build/installHook.js:0
[ 2410528ms] [WARNING] useFixedContainerSlot must be used within FixedContainerProvider, falling back to safe defaults @ chrome-extension://fmkadmapgofadopljbjfkapdkoienihi/build/installHook.js:0
[ 2410530ms] [WARNING] useFixedContainerSlot must be used within FixedContainerProvider, falling back to safe defaults @ chrome-extension://fmkadmapgofadopljbjfkapdkoienihi/build/installHook.js:0
[ 2410531ms] [WARNING] useFixedContainerSlot must be used within FixedContainerProvider, falling back to safe defaults @ chrome-extension://fmkadmapgofadopljbjfkapdkoienihi/build/installHook.js:0
[ 2410533ms] [WARNING] useFixedContainerSlot must be used within FixedContainerProvider, falling back to safe defaults @ chrome-extension://fmkadmapgofadopljbjfkapdkoienihi/build/installHook.js:0
[ 2410534ms] [WARNING] useFixedContainerSlot must be used within FixedContainerProvider, falling back to safe defaults @ chrome-extension://fmkadmapgofadopljbjfkapdkoienihi/build/installHook.js:0
[ 2410535ms] [WARNING] useFixedContainerSlot must be used within FixedContainerProvider, falling back to safe defaults @ chrome-extension://fmkadmapgofadopljbjfkapdkoienihi/build/installHook.js:0
[ 2410597ms] [WARNING] useFixedContainerSlot must be used within FixedContainerProvider, falling back to safe defaults @ chrome-extension://fmkadmapgofadopljbjfkapdkoienihi/build/installHook.js:0
[ 2410598ms] [WARNING] useFixedContainerSlot must be used within FixedContainerProvider, falling back to safe defaults @ chrome-extension://fmkadmapgofadopljbjfkapdkoienihi/build/installHook.js:0
[ 2410599ms] [WARNING] useFixedContainerSlot must be used within FixedContainerProvider, falling back to safe defaults @ chrome-extension://fmkadmapgofadopljbjfkapdkoienihi/build/installHook.js:0
[ 2410692ms] [LOG] [INFO] [Zhida: Talk] zhida:stream:Answer {message: Object, currentTime: 2026-07-20 21:58:49.407} @ https://unpkg.zhimg.com/@cfe/sentry-script@1.3.1/dist/init.js:0
[ 2410693ms] [WARNING] useFixedContainerSlot must be used within FixedContainerProvider, falling back to safe defaults @ chrome-extension://fmkadmapgofadopljbjfkapdkoienihi/build/installHook.js:0
[ 2410698ms] [WARNING] useFixedContainerSlot must be used within FixedContainerProvider, falling back to safe defaults @ chrome-extension://fmkadmapgofadopljbjfkapdkoienihi/build/installHook.js:0
[ 2410701ms] [WARNING] useFixedContainerSlot must be used within FixedContainerProvider, falling back to safe defaults @ chrome-extension://fmkadmapgofadopljbjfkapdkoienihi/build/installHook.js:0
[ 2410706ms] [WARNING] useFixedContainerSlot must be used within FixedContainerProvider, falling back to safe defaults @ chrome-extension://fmkadmapgofadopljbjfkapdkoienihi/build/installHook.js:0
[ 2410708ms] [WARNING] useFixedContainerSlot must be used within FixedContainerProvider, falling back to safe defaults @ chrome-extension://fmkadmapgofadopljbjfkapdkoienihi/build/installHook.js:0
[ 2410709ms] [WARNING] useFixedContainerSlot must be used within FixedContainerProvider, falling back to safe defaults @ chrome-extension://fmkadmapgofadopljbjfkapdkoienihi/build/installHook.js:0
[ 2410713ms] [LOG] [INFO] [Zhida: Talk] zhida:stream:Answer {message: Object, currentTime: 2026-07-20 21:58:49.428} @ https://unpkg.zhimg.com/@cfe/sentry-script@1.3.1/dist/init.js:0
[ 2410714ms] [WARNING] useFixedContainerSlot must be used within FixedContainerProvider, falling back to safe defaults @ chrome-extension://fmkadmapgofadopljbjfkapdkoienihi/build/installHook.js:0
[ 2410718ms] [WARNING] useFixedContainerSlot must be used within FixedContainerProvider, falling back to safe defaults @ chrome-extension://fmkadmapgofadopljbjfkapdkoienihi/build/installHook.js:0
[ 2410722ms] [WARNING] useFixedContainerSlot must be used within FixedContainerProvider, falling back to safe defaults @ chrome-extension://fmkadmapgofadopljbjfkapdkoienihi/build/installHook.js:0
[ 2410726ms] [WARNING] useFixedContainerSlot must be used within FixedContainerProvider, falling back to safe defaults @ chrome-extension://fmkadmapgofadopljbjfkapdkoienihi/build/installHook.js:0
[ 2410728ms] [WARNING] useFixedContainerSlot must be used within FixedContainerProvider, falling back to safe defaults @ chrome-extension://fmkadmapgofadopljbjfkapdkoienihi/build/installHook.js:0
[ 2410729ms] [WARNING] useFixedContainerSlot must be used within FixedContainerProvider, falling back to safe defaults @ chrome-extension://fmkadmapgofadopljbjfkapdkoienihi/build/installHook.js:0
[ 2410731ms] [LOG] [INFO] [Zhida: Talk] zhida:stream:Answer {message: Object, currentTime: 2026-07-20 21:58:49.445} @ https://unpkg.zhimg.com/@cfe/sentry-script@1.3.1/dist/init.js:0
[ 2410731ms] [WARNING] useFixedContainerSlot must be used within FixedContainerProvider, falling back to safe defaults @ chrome-extension://fmkadmapgofadopljbjfkapdkoienihi/build/installHook.js:0
[ 2410735ms] [WARNING] useFixedContainerSlot must be used within FixedContainerProvider, falling back to safe defaults @ chrome-extension://fmkadmapgofadopljbjfkapdkoienihi/build/installHook.js:0
[ 2410738ms] [WARNING] useFixedContainerSlot must be used within FixedContainerProvider, falling back to safe defaults @ chrome-extension://fmkadmapgofadopljbjfkapdkoienihi/build/installHook.js:0
[ 2410743ms] [WARNING] useFixedContainerSlot must be used within FixedContainerProvider, falling back to safe defaults @ chrome-extension://fmkadmapgofadopljbjfkapdkoienihi/build/installHook.js:0
[ 2410745ms] [WARNING] useFixedContainerSlot must be used within FixedContainerProvider, falling back to safe defaults @ chrome-extension://fmkadmapgofadopljbjfkapdkoienihi/build/installHook.js:0
[ 2410746ms] [WARNING] useFixedContainerSlot must be used within FixedContainerProvider, falling back to safe defaults @ chrome-extension://fmkadmapgofadopljbjfkapdkoienihi/build/installHook.js:0
[ 2410810ms] [LOG] [INFO] [Zhida: Talk] zhida:stream:Answer {message: Object, currentTime: 2026-07-20 21:58:49.525} @ https://unpkg.zhimg.com/@cfe/sentry-script@1.3.1/dist/init.js:0
[ 2410812ms] [WARNING] useFixedContainerSlot must be used within FixedContainerProvider, falling back to safe defaults @ chrome-extension://fmkadmapgofadopljbjfkapdkoienihi/build/installHook.js:0
[ 2410816ms] [WARNING] useFixedContainerSlot must be used within FixedContainerProvider, falling back to safe defaults @ chrome-extension://fmkadmapgofadopljbjfkapdkoienihi/build/installHook.js:0
[ 2410820ms] [WARNING] useFixedContainerSlot must be used within FixedContainerProvider, falling back to safe defaults @ chrome-extension://fmkadmapgofadopljbjfkapdkoienihi/build/installHook.js:0
[ 2410825ms] [WARNING] useFixedContainerSlot must be used within FixedContainerProvider, falling back to safe defaults @ chrome-extension://fmkadmapgofadopljbjfkapdkoienihi/build/installHook.js:0
[ 2410827ms] [WARNING] useFixedContainerSlot must be used within FixedContainerProvider, falling back to safe defaults @ chrome-extension://fmkadmapgofadopljbjfkapdkoienihi/build/installHook.js:0
[ 2410828ms] [WARNING] useFixedContainerSlot must be used within FixedContainerProvider, falling back to safe defaults @ chrome-extension://fmkadmapgofadopljbjfkapdkoienihi/build/installHook.js:0
[ 2410830ms] [LOG] [INFO] [Zhida: Talk] zhida:stream:Answer {message: Object, currentTime: 2026-07-20 21:58:49.544} @ https://unpkg.zhimg.com/@cfe/sentry-script@1.3.1/dist/init.js:0
[ 2410830ms] [WARNING] useFixedContainerSlot must be used within FixedContainerProvider, falling back to safe defaults @ chrome-extension://fmkadmapgofadopljbjfkapdkoienihi/build/installHook.js:0
[ 2410834ms] [WARNING] useFixedContainerSlot must be used within FixedContainerProvider, falling back to safe defaults @ chrome-extension://fmkadmapgofadopljbjfkapdkoienihi/build/installHook.js:0
[ 2410841ms] [WARNING] useFixedContainerSlot must be used within FixedContainerProvider, falling back to safe defaults @ chrome-extension://fmkadmapgofadopljbjfkapdkoienihi/build/installHook.js:0
[ 2410847ms] [WARNING] useFixedContainerSlot must be used within FixedContainerProvider, falling back to safe defaults @ chrome-extension://fmkadmapgofadopljbjfkapdkoienihi/build/installHook.js:0
[ 2410848ms] [WARNING] useFixedContainerSlot must be used within FixedContainerProvider, falling back to safe defaults @ chrome-extension://fmkadmapgofadopljbjfkapdkoienihi/build/installHook.js:0
[ 2410850ms] [WARNING] useFixedContainerSlot must be used within FixedContainerProvider, falling back to safe defaults @ chrome-extension://fmkadmapgofadopljbjfkapdkoienihi/build/installHook.js:0
[ 2410853ms] [WARNING] useFixedContainerSlot must be used within FixedContainerProvider, falling back to safe defaults @ chrome-extension://fmkadmapgofadopljbjfkapdkoienihi/build/installHook.js:0
[ 2410854ms] [WARNING] useFixedContainerSlot must be used within FixedContainerProvider, falling back to safe defaults @ chrome-extension://fmkadmapgofadopljbjfkapdkoienihi/build/installHook.js:0
[ 2410855ms] [WARNING] useFixedContainerSlot must be used within FixedContainerProvider, falling back to safe defaults @ chrome-extension://fmkadmapgofadopljbjfkapdkoienihi/build/installHook.js:0
[ 2410967ms] [LOG] [INFO] [Zhida: Talk] zhida:stream:Answer {message: Object, currentTime: 2026-07-20 21:58:49.682} @ https://unpkg.zhimg.com/@cfe/sentry-script@1.3.1/dist/init.js:0
[ 2410968ms] [WARNING] useFixedContainerSlot must be used within FixedContainerProvider, falling back to safe defaults @ chrome-extension://fmkadmapgofadopljbjfkapdkoienihi/build/installHook.js:0
[ 2410973ms] [WARNING] useFixedContainerSlot must be used within FixedContainerProvider, falling back to safe defaults @ chrome-extension://fmkadmapgofadopljbjfkapdkoienihi/build/installHook.js:0
[ 2410976ms] [WARNING] useFixedContainerSlot must be used within FixedContainerProvider, falling back to safe defaults @ chrome-extension://fmkadmapgofadopljbjfkapdkoienihi/build/installHook.js:0
[ 2410981ms] [WARNING] useFixedContainerSlot must be used within FixedContainerProvider, falling back to safe defaults @ chrome-extension://fmkadmapgofadopljbjfkapdkoienihi/build/installHook.js:0
[ 2410983ms] [WARNING] useFixedContainerSlot must be used within FixedContainerProvider, falling back to safe defaults @ chrome-extension://fmkadmapgofadopljbjfkapdkoienihi/build/installHook.js:0
[ 2410984ms] [WARNING] useFixedContainerSlot must be used within FixedContainerProvider, falling back to safe defaults @ chrome-extension://fmkadmapgofadopljbjfkapdkoienihi/build/installHook.js:0
[ 2410987ms] [WARNING] useFixedContainerSlot must be used within FixedContainerProvider, falling back to safe defaults @ chrome-extension://fmkadmapgofadopljbjfkapdkoienihi/build/installHook.js:0
[ 2411002ms] [LOG] [INFO] [Zhida: Talk] zhida:stream:Answer {message: Object, currentTime: 2026-07-20 21:58:49.716} @ https://unpkg.zhimg.com/@cfe/sentry-script@1.3.1/dist/init.js:0
[ 2411003ms] [WARNING] useFixedContainerSlot must be used within FixedContainerProvider, falling back to safe defaults @ chrome-extension://fmkadmapgofadopljbjfkapdkoienihi/build/installHook.js:0
[ 2411007ms] [WARNING] useFixedContainerSlot must be used within FixedContainerProvider, falling back to safe defaults @ chrome-extension://fmkadmapgofadopljbjfkapdkoienihi/build/installHook.js:0
[ 2411011ms] [WARNING] useFixedContainerSlot must be used within FixedContainerProvider, falling back to safe defaults @ chrome-extension://fmkadmapgofadopljbjfkapdkoienihi/build/installHook.js:0
[ 2411016ms] [WARNING] useFixedContainerSlot must be used within FixedContainerProvider, falling back to safe defaults @ chrome-extension://fmkadmapgofadopljbjfkapdkoienihi/build/installHook.js:0
[ 2411017ms] [WARNING] useFixedContainerSlot must be used within FixedContainerProvider, falling back to safe defaults @ chrome-extension://fmkadmapgofadopljbjfkapdkoienihi/build/installHook.js:0
[ 2411018ms] [WARNING] useFixedContainerSlot must be used within FixedContainerProvider, falling back to safe defaults @ chrome-extension://fmkadmapgofadopljbjfkapdkoienihi/build/installHook.js:0
[ 2411027ms] [WARNING] useFixedContainerSlot must be used within FixedContainerProvider, falling back to safe defaults @ chrome-extension://fmkadmapgofadopljbjfkapdkoienihi/build/installHook.js:0
[ 2411028ms] [WARNING] useFixedContainerSlot must be used within FixedContainerProvider, falling back to safe defaults @ chrome-extension://fmkadmapgofadopljbjfkapdkoienihi/build/installHook.js:0
[ 2411029ms] [WARNING] useFixedContainerSlot must be used within FixedContainerProvider, falling back to safe defaults @ chrome-extension://fmkadmapgofadopljbjfkapdkoienihi/build/installHook.js:0
[ 2411264ms] [LOG] [INFO] [Zhida: Talk] zhida:stream:Answer {message: Object, currentTime: 2026-07-20 21:58:49.978} @ https://unpkg.zhimg.com/@cfe/sentry-script@1.3.1/dist/init.js:0
[ 2411265ms] [WARNING] useFixedContainerSlot must be used within FixedContainerProvider, falling back to safe defaults @ chrome-extension://fmkadmapgofadopljbjfkapdkoienihi/build/installHook.js:0
[ 2411269ms] [WARNING] useFixedContainerSlot must be used within FixedContainerProvider, falling back to safe defaults @ chrome-extension://fmkadmapgofadopljbjfkapdkoienihi/build/installHook.js:0
[ 2411273ms] [WARNING] useFixedContainerSlot must be used within FixedContainerProvider, falling back to safe defaults @ chrome-extension://fmkadmapgofadopljbjfkapdkoienihi/build/installHook.js:0
[ 2411278ms] [WARNING] useFixedContainerSlot must be used within FixedContainerProvider, falling back to safe defaults @ chrome-extension://fmkadmapgofadopljbjfkapdkoienihi/build/installHook.js:0
[ 2411280ms] [WARNING] useFixedContainerSlot must be used within FixedContainerProvider, falling back to safe defaults @ chrome-extension://fmkadmapgofadopljbjfkapdkoienihi/build/installHook.js:0
[ 2411281ms] [WARNING] useFixedContainerSlot must be used within FixedContainerProvider, falling back to safe defaults @ chrome-extension://fmkadmapgofadopljbjfkapdkoienihi/build/installHook.js:0
[ 2411282ms] [LOG] [INFO] [Zhida: Talk] zhida:stream:Answer {message: Object, currentTime: 2026-07-20 21:58:49.997} @ https://unpkg.zhimg.com/@cfe/sentry-script@1.3.1/dist/init.js:0
[ 2411283ms] [WARNING] useFixedContainerSlot must be used within FixedContainerProvider, falling back to safe defaults @ chrome-extension://fmkadmapgofadopljbjfkapdkoienihi/build/installHook.js:0
[ 2411287ms] [WARNING] useFixedContainerSlot must be used within FixedContainerProvider, falling back to safe defaults @ chrome-extension://fmkadmapgofadopljbjfkapdkoienihi/build/installHook.js:0
[ 2411290ms] [WARNING] useFixedContainerSlot must be used within FixedContainerProvider, falling back to safe defaults @ chrome-extension://fmkadmapgofadopljbjfkapdkoienihi/build/installHook.js:0
[ 2411295ms] [WARNING] useFixedContainerSlot must be used within FixedContainerProvider, falling back to safe defaults @ chrome-extension://fmkadmapgofadopljbjfkapdkoienihi/build/installHook.js:0
[ 2411297ms] [WARNING] useFixedContainerSlot must be used within FixedContainerProvider, falling back to safe defaults @ chrome-extension://fmkadmapgofadopljbjfkapdkoienihi/build/installHook.js:0
[ 2411298ms] [WARNING] useFixedContainerSlot must be used within FixedContainerProvider, falling back to safe defaults @ chrome-extension://fmkadmapgofadopljbjfkapdkoienihi/build/installHook.js:0
[ 2411314ms] [WARNING] useFixedContainerSlot must be used within FixedContainerProvider, falling back to safe defaults @ chrome-extension://fmkadmapgofadopljbjfkapdkoienihi/build/installHook.js:0
[ 2411315ms] [WARNING] useFixedContainerSlot must be used within FixedContainerProvider, falling back to safe defaults @ chrome-extension://fmkadmapgofadopljbjfkapdkoienihi/build/installHook.js:0
[ 2411316ms] [WARNING] useFixedContainerSlot must be used within FixedContainerProvider, falling back to safe defaults @ chrome-extension://fmkadmapgofadopljbjfkapdkoienihi/build/installHook.js:0
[ 2411318ms] [LOG] [INFO] [Zhida: Talk] zhida:stream:Answer {message: Object, currentTime: 2026-07-20 21:58:50.032} @ https://unpkg.zhimg.com/@cfe/sentry-script@1.3.1/dist/init.js:0
[ 2411319ms] [WARNING] useFixedContainerSlot must be used within FixedContainerProvider, falling back to safe defaults @ chrome-extension://fmkadmapgofadopljbjfkapdkoienihi/build/installHook.js:0
[ 2411323ms] [WARNING] useFixedContainerSlot must be used within FixedContainerProvider, falling back to safe defaults @ chrome-extension://fmkadmapgofadopljbjfkapdkoienihi/build/installHook.js:0
[ 2411326ms] [WARNING] useFixedContainerSlot must be used within FixedContainerProvider, falling back to safe defaults @ chrome-extension://fmkadmapgofadopljbjfkapdkoienihi/build/installHook.js:0
[ 2411331ms] [WARNING] useFixedContainerSlot must be used within FixedContainerProvider, falling back to safe defaults @ chrome-extension://fmkadmapgofadopljbjfkapdkoienihi/build/installHook.js:0
[ 2411333ms] [WARNING] useFixedContainerSlot must be used within FixedContainerProvider, falling back to safe defaults @ chrome-extension://fmkadmapgofadopljbjfkapdkoienihi/build/installHook.js:0
[ 2411334ms] [WARNING] useFixedContainerSlot must be used within FixedContainerProvider, falling back to safe defaults @ chrome-extension://fmkadmapgofadopljbjfkapdkoienihi/build/installHook.js:0
[ 2411356ms] [WARNING] useFixedContainerSlot must be used within FixedContainerProvider, falling back to safe defaults @ chrome-extension://fmkadmapgofadopljbjfkapdkoienihi/build/installHook.js:0
[ 2411357ms] [WARNING] useFixedContainerSlot must be used within FixedContainerProvider, falling back to safe defaults @ chrome-extension://fmkadmapgofadopljbjfkapdkoienihi/build/installHook.js:0
[ 2411358ms] [WARNING] useFixedContainerSlot must be used within FixedContainerProvider, falling back to safe defaults @ chrome-extension://fmkadmapgofadopljbjfkapdkoienihi/build/installHook.js:0
[ 2411374ms] [LOG] [INFO] [Zhida: Talk] zhida:stream:Answer {message: Object, currentTime: 2026-07-20 21:58:50.088} @ https://unpkg.zhimg.com/@cfe/sentry-script@1.3.1/dist/init.js:0
[ 2411375ms] [WARNING] useFixedContainerSlot must be used within FixedContainerProvider, falling back to safe defaults @ chrome-extension://fmkadmapgofadopljbjfkapdkoienihi/build/installHook.js:0
[ 2411379ms] [WARNING] useFixedContainerSlot must be used within FixedContainerProvider, falling back to safe defaults @ chrome-extension://fmkadmapgofadopljbjfkapdkoienihi/build/installHook.js:0
[ 2411383ms] [WARNING] useFixedContainerSlot must be used within FixedContainerProvider, falling back to safe defaults @ chrome-extension://fmkadmapgofadopljbjfkapdkoienihi/build/installHook.js:0
[ 2411388ms] [WARNING] useFixedContainerSlot must be used within FixedContainerProvider, falling back to safe defaults @ chrome-extension://fmkadmapgofadopljbjfkapdkoienihi/build/installHook.js:0
[ 2411389ms] [WARNING] useFixedContainerSlot must be used within FixedContainerProvider, falling back to safe defaults @ chrome-extension://fmkadmapgofadopljbjfkapdkoienihi/build/installHook.js:0
[ 2411391ms] [WARNING] useFixedContainerSlot must be used within FixedContainerProvider, falling back to safe defaults @ chrome-extension://fmkadmapgofadopljbjfkapdkoienihi/build/installHook.js:0
[ 2411393ms] [WARNING] useFixedContainerSlot must be used within FixedContainerProvider, falling back to safe defaults @ chrome-extension://fmkadmapgofadopljbjfkapdkoienihi/build/installHook.js:0
[ 2411394ms] [WARNING] useFixedContainerSlot must be used within FixedContainerProvider, falling back to safe defaults @ chrome-extension://fmkadmapgofadopljbjfkapdkoienihi/build/installHook.js:0
[ 2411396ms] [WARNING] useFixedContainerSlot must be used within FixedContainerProvider, falling back to safe defaults @ chrome-extension://fmkadmapgofadopljbjfkapdkoienihi/build/installHook.js:0
[ 2411424ms] [LOG] [INFO] [Zhida: Talk] zhida:stream:Answer {message: Object, currentTime: 2026-07-20 21:58:50.139} @ https://unpkg.zhimg.com/@cfe/sentry-script@1.3.1/dist/init.js:0
[ 2411425ms] [WARNING] useFixedContainerSlot must be used within FixedContainerProvider, falling back to safe defaults @ chrome-extension://fmkadmapgofadopljbjfkapdkoienihi/build/installHook.js:0
[ 2411429ms] [WARNING] useFixedContainerSlot must be used within FixedContainerProvider, falling back to safe defaults @ chrome-extension://fmkadmapgofadopljbjfkapdkoienihi/build/installHook.js:0
[ 2411433ms] [WARNING] useFixedContainerSlot must be used within FixedContainerProvider, falling back to safe defaults @ chrome-extension://fmkadmapgofadopljbjfkapdkoienihi/build/installHook.js:0
[ 2411438ms] [WARNING] useFixedContainerSlot must be used within FixedContainerProvider, falling back to safe defaults @ chrome-extension://fmkadmapgofadopljbjfkapdkoienihi/build/installHook.js:0
[ 2411439ms] [WARNING] useFixedContainerSlot must be used within FixedContainerProvider, falling back to safe defaults @ chrome-extension://fmkadmapgofadopljbjfkapdkoienihi/build/installHook.js:0
[ 2411441ms] [WARNING] useFixedContainerSlot must be used within FixedContainerProvider, falling back to safe defaults @ chrome-extension://fmkadmapgofadopljbjfkapdkoienihi/build/installHook.js:0
[ 2411477ms] [LOG] [INFO] [Zhida: Talk] zhida:stream:Answer {message: Object, currentTime: 2026-07-20 21:58:50.192} @ https://unpkg.zhimg.com/@cfe/sentry-script@1.3.1/dist/init.js:0
[ 2411479ms] [WARNING] useFixedContainerSlot must be used within FixedContainerProvider, falling back to safe defaults @ chrome-extension://fmkadmapgofadopljbjfkapdkoienihi/build/installHook.js:0
[ 2411483ms] [WARNING] useFixedContainerSlot must be used within FixedContainerProvider, falling back to safe defaults @ chrome-extension://fmkadmapgofadopljbjfkapdkoienihi/build/installHook.js:0
[ 2411486ms] [WARNING] useFixedContainerSlot must be used within FixedContainerProvider, falling back to safe defaults @ chrome-extension://fmkadmapgofadopljbjfkapdkoienihi/build/installHook.js:0
[ 2411491ms] [WARNING] useFixedContainerSlot must be used within FixedContainerProvider, falling back to safe defaults @ chrome-extension://fmkadmapgofadopljbjfkapdkoienihi/build/installHook.js:0
[ 2411493ms] [WARNING] useFixedContainerSlot must be used within FixedContainerProvider, falling back to safe defaults @ chrome-extension://fmkadmapgofadopljbjfkapdkoienihi/build/installHook.js:0
[ 2411494ms] [WARNING] useFixedContainerSlot must be used within FixedContainerProvider, falling back to safe defaults @ chrome-extension://fmkadmapgofadopljbjfkapdkoienihi/build/installHook.js:0
[ 2411500ms] [WARNING] useFixedContainerSlot must be used within FixedContainerProvider, falling back to safe defaults @ chrome-extension://fmkadmapgofadopljbjfkapdkoienihi/build/installHook.js:0
[ 2411666ms] [LOG] [INFO] [Zhida: Talk] zhida:stream:Answer {message: Object, currentTime: 2026-07-20 21:58:50.380} @ https://unpkg.zhimg.com/@cfe/sentry-script@1.3.1/dist/init.js:0
[ 2411667ms] [WARNING] useFixedContainerSlot must be used within FixedContainerProvider, falling back to safe defaults @ chrome-extension://fmkadmapgofadopljbjfkapdkoienihi/build/installHook.js:0
[ 2411671ms] [WARNING] useFixedContainerSlot must be used within FixedContainerProvider, falling back to safe defaults @ chrome-extension://fmkadmapgofadopljbjfkapdkoienihi/build/installHook.js:0
[ 2411675ms] [WARNING] useFixedContainerSlot must be used within FixedContainerProvider, falling back to safe defaults @ chrome-extension://fmkadmapgofadopljbjfkapdkoienihi/build/installHook.js:0
[ 2411680ms] [WARNING] useFixedContainerSlot must be used within FixedContainerProvider, falling back to safe defaults @ chrome-extension://fmkadmapgofadopljbjfkapdkoienihi/build/installHook.js:0
[ 2411682ms] [WARNING] useFixedContainerSlot must be used within FixedContainerProvider, falling back to safe defaults @ chrome-extension://fmkadmapgofadopljbjfkapdkoienihi/build/installHook.js:0
[ 2411683ms] [WARNING] useFixedContainerSlot must be used within FixedContainerProvider, falling back to safe defaults @ chrome-extension://fmkadmapgofadopljbjfkapdkoienihi/build/installHook.js:0
[ 2411690ms] [LOG] [INFO] [Zhida: Talk] zhida:stream:Answer {message: Object, currentTime: 2026-07-20 21:58:50.404} @ https://unpkg.zhimg.com/@cfe/sentry-script@1.3.1/dist/init.js:0
[ 2411691ms] [WARNING] useFixedContainerSlot must be used within FixedContainerProvider, falling back to safe defaults @ chrome-extension://fmkadmapgofadopljbjfkapdkoienihi/build/installHook.js:0
[ 2411694ms] [WARNING] useFixedContainerSlot must be used within FixedContainerProvider, falling back to safe defaults @ chrome-extension://fmkadmapgofadopljbjfkapdkoienihi/build/installHook.js:0
[ 2411698ms] [WARNING] useFixedContainerSlot must be used within FixedContainerProvider, falling back to safe defaults @ chrome-extension://fmkadmapgofadopljbjfkapdkoienihi/build/installHook.js:0
[ 2411703ms] [WARNING] useFixedContainerSlot must be used within FixedContainerProvider, falling back to safe defaults @ chrome-extension://fmkadmapgofadopljbjfkapdkoienihi/build/installHook.js:0
[ 2411705ms] [WARNING] useFixedContainerSlot must be used within FixedContainerProvider, falling back to safe defaults @ chrome-extension://fmkadmapgofadopljbjfkapdkoienihi/build/installHook.js:0
[ 2411706ms] [WARNING] useFixedContainerSlot must be used within FixedContainerProvider, falling back to safe defaults @ chrome-extension://fmkadmapgofadopljbjfkapdkoienihi/build/installHook.js:0
[ 2411724ms] [WARNING] useFixedContainerSlot must be used within FixedContainerProvider, falling back to safe defaults @ chrome-extension://fmkadmapgofadopljbjfkapdkoienihi/build/installHook.js:0
[ 2411725ms] [WARNING] useFixedContainerSlot must be used within FixedContainerProvider, falling back to safe defaults @ chrome-extension://fmkadmapgofadopljbjfkapdkoienihi/build/installHook.js:0
[ 2411726ms] [WARNING] useFixedContainerSlot must be used within FixedContainerProvider, falling back to safe defaults @ chrome-extension://fmkadmapgofadopljbjfkapdkoienihi/build/installHook.js:0
[ 2411745ms] [LOG] [INFO] [Zhida: Talk] zhida:stream:Answer {message: Object, currentTime: 2026-07-20 21:58:50.460} @ https://unpkg.zhimg.com/@cfe/sentry-script@1.3.1/dist/init.js:0
[ 2411746ms] [WARNING] useFixedContainerSlot must be used within FixedContainerProvider, falling back to safe defaults @ chrome-extension://fmkadmapgofadopljbjfkapdkoienihi/build/installHook.js:0
[ 2411750ms] [WARNING] useFixedContainerSlot must be used within FixedContainerProvider, falling back to safe defaults @ chrome-extension://fmkadmapgofadopljbjfkapdkoienihi/build/installHook.js:0
[ 2411754ms] [WARNING] useFixedContainerSlot must be used within FixedContainerProvider, falling back to safe defaults @ chrome-extension://fmkadmapgofadopljbjfkapdkoienihi/build/installHook.js:0
[ 2411759ms] [WARNING] useFixedContainerSlot must be used within FixedContainerProvider, falling back to safe defaults @ chrome-extension://fmkadmapgofadopljbjfkapdkoienihi/build/installHook.js:0
[ 2411760ms] [WARNING] useFixedContainerSlot must be used within FixedContainerProvider, falling back to safe defaults @ chrome-extension://fmkadmapgofadopljbjfkapdkoienihi/build/installHook.js:0
[ 2411762ms] [WARNING] useFixedContainerSlot must be used within FixedContainerProvider, falling back to safe defaults @ chrome-extension://fmkadmapgofadopljbjfkapdkoienihi/build/installHook.js:0
[ 2411905ms] [LOG] [INFO] [Zhida: Talk] zhida:stream:Answer {message: Object, currentTime: 2026-07-20 21:58:50.619} @ https://unpkg.zhimg.com/@cfe/sentry-script@1.3.1/dist/init.js:0
[ 2411906ms] [WARNING] useFixedContainerSlot must be used within FixedContainerProvider, falling back to safe defaults @ chrome-extension://fmkadmapgofadopljbjfkapdkoienihi/build/installHook.js:0
[ 2411910ms] [WARNING] useFixedContainerSlot must be used within FixedContainerProvider, falling back to safe defaults @ chrome-extension://fmkadmapgofadopljbjfkapdkoienihi/build/installHook.js:0
[ 2411913ms] [WARNING] useFixedContainerSlot must be used within FixedContainerProvider, falling back to safe defaults @ chrome-extension://fmkadmapgofadopljbjfkapdkoienihi/build/installHook.js:0
[ 2411919ms] [WARNING] useFixedContainerSlot must be used within FixedContainerProvider, falling back to safe defaults @ chrome-extension://fmkadmapgofadopljbjfkapdkoienihi/build/installHook.js:0
[ 2411920ms] [WARNING] useFixedContainerSlot must be used within FixedContainerProvider, falling back to safe defaults @ chrome-extension://fmkadmapgofadopljbjfkapdkoienihi/build/installHook.js:0
[ 2411922ms] [WARNING] useFixedContainerSlot must be used within FixedContainerProvider, falling back to safe defaults @ chrome-extension://fmkadmapgofadopljbjfkapdkoienihi/build/installHook.js:0
[ 2411923ms] [LOG] [INFO] [Zhida: Talk] zhida:stream:Answer {message: Object, currentTime: 2026-07-20 21:58:50.637} @ https://unpkg.zhimg.com/@cfe/sentry-script@1.3.1/dist/init.js:0
[ 2411924ms] [WARNING] useFixedContainerSlot must be used within FixedContainerProvider, falling back to safe defaults @ chrome-extension://fmkadmapgofadopljbjfkapdkoienihi/build/installHook.js:0
[ 2411927ms] [WARNING] useFixedContainerSlot must be used within FixedContainerProvider, falling back to safe defaults @ chrome-extension://fmkadmapgofadopljbjfkapdkoienihi/build/installHook.js:0
[ 2411931ms] [WARNING] useFixedContainerSlot must be used within FixedContainerProvider, falling back to safe defaults @ chrome-extension://fmkadmapgofadopljbjfkapdkoienihi/build/installHook.js:0
[ 2411936ms] [WARNING] useFixedContainerSlot must be used within FixedContainerProvider, falling back to safe defaults @ chrome-extension://fmkadmapgofadopljbjfkapdkoienihi/build/installHook.js:0
[ 2411937ms] [WARNING] useFixedContainerSlot must be used within FixedContainerProvider, falling back to safe defaults @ chrome-extension://fmkadmapgofadopljbjfkapdkoienihi/build/installHook.js:0
[ 2411939ms] [WARNING] useFixedContainerSlot must be used within FixedContainerProvider, falling back to safe defaults @ chrome-extension://fmkadmapgofadopljbjfkapdkoienihi/build/installHook.js:0
[ 2411946ms] [WARNING] useFixedContainerSlot must be used within FixedContainerProvider, falling back to safe defaults @ chrome-extension://fmkadmapgofadopljbjfkapdkoienihi/build/installHook.js:0
[ 2411947ms] [WARNING] useFixedContainerSlot must be used within FixedContainerProvider, falling back to safe defaults @ chrome-extension://fmkadmapgofadopljbjfkapdkoienihi/build/installHook.js:0
[ 2411948ms] [WARNING] useFixedContainerSlot must be used within FixedContainerProvider, falling back to safe defaults @ chrome-extension://fmkadmapgofadopljbjfkapdkoienihi/build/installHook.js:0
[ 2412005ms] [WARNING] useFixedContainerSlot must be used within FixedContainerProvider, falling back to safe defaults @ chrome-extension://fmkadmapgofadopljbjfkapdkoienihi/build/installHook.js:0
[ 2412014ms] [LOG] [INFO] [Zhida: Talk] zhida:stream:Answer {message: Object, currentTime: 2026-07-20 21:58:50.729} @ https://unpkg.zhimg.com/@cfe/sentry-script@1.3.1/dist/init.js:0
[ 2412015ms] [WARNING] useFixedContainerSlot must be used within FixedContainerProvider, falling back to safe defaults @ chrome-extension://fmkadmapgofadopljbjfkapdkoienihi/build/installHook.js:0
[ 2412019ms] [WARNING] useFixedContainerSlot must be used within FixedContainerProvider, falling back to safe defaults @ chrome-extension://fmkadmapgofadopljbjfkapdkoienihi/build/installHook.js:0
[ 2412023ms] [WARNING] useFixedContainerSlot must be used within FixedContainerProvider, falling back to safe defaults @ chrome-extension://fmkadmapgofadopljbjfkapdkoienihi/build/installHook.js:0
[ 2412028ms] [WARNING] useFixedContainerSlot must be used within FixedContainerProvider, falling back to safe defaults @ chrome-extension://fmkadmapgofadopljbjfkapdkoienihi/build/installHook.js:0
[ 2412029ms] [WARNING] useFixedContainerSlot must be used within FixedContainerProvider, falling back to safe defaults @ chrome-extension://fmkadmapgofadopljbjfkapdkoienihi/build/installHook.js:0
[ 2412031ms] [WARNING] useFixedContainerSlot must be used within FixedContainerProvider, falling back to safe defaults @ chrome-extension://fmkadmapgofadopljbjfkapdkoienihi/build/installHook.js:0
[ 2412046ms] [WARNING] useFixedContainerSlot must be used within FixedContainerProvider, falling back to safe defaults @ chrome-extension://fmkadmapgofadopljbjfkapdkoienihi/build/installHook.js:0
[ 2412047ms] [WARNING] useFixedContainerSlot must be used within FixedContainerProvider, falling back to safe defaults @ chrome-extension://fmkadmapgofadopljbjfkapdkoienihi/build/installHook.js:0
[ 2412048ms] [WARNING] useFixedContainerSlot must be used within FixedContainerProvider, falling back to safe defaults @ chrome-extension://fmkadmapgofadopljbjfkapdkoienihi/build/installHook.js:0
[ 2412064ms] [WARNING] useFixedContainerSlot must be used within FixedContainerProvider, falling back to safe defaults @ chrome-extension://fmkadmapgofadopljbjfkapdkoienihi/build/installHook.js:0
[ 2412065ms] [WARNING] useFixedContainerSlot must be used within FixedContainerProvider, falling back to safe defaults @ chrome-extension://fmkadmapgofadopljbjfkapdkoienihi/build/installHook.js:0
[ 2412067ms] [WARNING] useFixedContainerSlot must be used within FixedContainerProvider, falling back to safe defaults @ chrome-extension://fmkadmapgofadopljbjfkapdkoienihi/build/installHook.js:0
[ 2412068ms] [LOG] [INFO] [Zhida: Talk] zhida:stream:Answer {message: Object, currentTime: 2026-07-20 21:58:50.783} @ https://unpkg.zhimg.com/@cfe/sentry-script@1.3.1/dist/init.js:0
[ 2412069ms] [WARNING] useFixedContainerSlot must be used within FixedContainerProvider, falling back to safe defaults @ chrome-extension://fmkadmapgofadopljbjfkapdkoienihi/build/installHook.js:0
[ 2412073ms] [WARNING] useFixedContainerSlot must be used within FixedContainerProvider, falling back to safe defaults @ chrome-extension://fmkadmapgofadopljbjfkapdkoienihi/build/installHook.js:0
[ 2412077ms] [WARNING] useFixedContainerSlot must be used within FixedContainerProvider, falling back to safe defaults @ chrome-extension://fmkadmapgofadopljbjfkapdkoienihi/build/installHook.js:0
[ 2412082ms] [WARNING] useFixedContainerSlot must be used within FixedContainerProvider, falling back to safe defaults @ chrome-extension://fmkadmapgofadopljbjfkapdkoienihi/build/installHook.js:0
[ 2412083ms] [WARNING] useFixedContainerSlot must be used within FixedContainerProvider, falling back to safe defaults @ chrome-extension://fmkadmapgofadopljbjfkapdkoienihi/build/installHook.js:0
[ 2412085ms] [WARNING] useFixedContainerSlot must be used within FixedContainerProvider, falling back to safe defaults @ chrome-extension://fmkadmapgofadopljbjfkapdkoienihi/build/installHook.js:0
[ 2412394ms] [WARNING] useFixedContainerSlot must be used within FixedContainerProvider, falling back to safe defaults @ chrome-extension://fmkadmapgofadopljbjfkapdkoienihi/build/installHook.js:0
[ 2412396ms] [WARNING] useFixedContainerSlot must be used within FixedContainerProvider, falling back to safe defaults @ chrome-extension://fmkadmapgofadopljbjfkapdkoienihi/build/installHook.js:0
[ 2412397ms] [WARNING] useFixedContainerSlot must be used within FixedContainerProvider, falling back to safe defaults @ chrome-extension://fmkadmapgofadopljbjfkapdkoienihi/build/installHook.js:0
[ 2412507ms] [WARNING] useFixedContainerSlot must be used within FixedContainerProvider, falling back to safe defaults @ chrome-extension://fmkadmapgofadopljbjfkapdkoienihi/build/installHook.js:0
[ 2412544ms] [LOG] [INFO] [Zhida: Talk] zhida:stream:Answer {message: Object, currentTime: 2026-07-20 21:58:51.259} @ https://unpkg.zhimg.com/@cfe/sentry-script@1.3.1/dist/init.js:0
[ 2412545ms] [WARNING] useFixedContainerSlot must be used within FixedContainerProvider, falling back to safe defaults @ chrome-extension://fmkadmapgofadopljbjfkapdkoienihi/build/installHook.js:0
[ 2412549ms] [WARNING] useFixedContainerSlot must be used within FixedContainerProvider, falling back to safe defaults @ chrome-extension://fmkadmapgofadopljbjfkapdkoienihi/build/installHook.js:0
[ 2412554ms] [WARNING] useFixedContainerSlot must be used within FixedContainerProvider, falling back to safe defaults @ chrome-extension://fmkadmapgofadopljbjfkapdkoienihi/build/installHook.js:0
[ 2412560ms] [WARNING] useFixedContainerSlot must be used within FixedContainerProvider, falling back to safe defaults @ chrome-extension://fmkadmapgofadopljbjfkapdkoienihi/build/installHook.js:0
[ 2412562ms] [WARNING] useFixedContainerSlot must be used within FixedContainerProvider, falling back to safe defaults @ chrome-extension://fmkadmapgofadopljbjfkapdkoienihi/build/installHook.js:0
[ 2412563ms] [WARNING] useFixedContainerSlot must be used within FixedContainerProvider, falling back to safe defaults @ chrome-extension://fmkadmapgofadopljbjfkapdkoienihi/build/installHook.js:0
[ 2412565ms] [LOG] [INFO] [Zhida: Talk] zhida:stream:Answer {message: Object, currentTime: 2026-07-20 21:58:51.279} @ https://unpkg.zhimg.com/@cfe/sentry-script@1.3.1/dist/init.js:0
[ 2412566ms] [WARNING] useFixedContainerSlot must be used within FixedContainerProvider, falling back to safe defaults @ chrome-extension://fmkadmapgofadopljbjfkapdkoienihi/build/installHook.js:0
[ 2412569ms] [WARNING] useFixedContainerSlot must be used within FixedContainerProvider, falling back to safe defaults @ chrome-extension://fmkadmapgofadopljbjfkapdkoienihi/build/installHook.js:0
[ 2412573ms] [WARNING] useFixedContainerSlot must be used within FixedContainerProvider, falling back to safe defaults @ chrome-extension://fmkadmapgofadopljbjfkapdkoienihi/build/installHook.js:0
[ 2412578ms] [WARNING] useFixedContainerSlot must be used within FixedContainerProvider, falling back to safe defaults @ chrome-extension://fmkadmapgofadopljbjfkapdkoienihi/build/installHook.js:0
[ 2412580ms] [WARNING] useFixedContainerSlot must be used within FixedContainerProvider, falling back to safe defaults @ chrome-extension://fmkadmapgofadopljbjfkapdkoienihi/build/installHook.js:0
[ 2412581ms] [WARNING] useFixedContainerSlot must be used within FixedContainerProvider, falling back to safe defaults @ chrome-extension://fmkadmapgofadopljbjfkapdkoienihi/build/installHook.js:0
[ 2412654ms] [LOG] [INFO] [Zhida: Talk] zhida:stream:Answer {message: Object, currentTime: 2026-07-20 21:58:51.369} @ https://unpkg.zhimg.com/@cfe/sentry-script@1.3.1/dist/init.js:0
[ 2412655ms] [WARNING] useFixedContainerSlot must be used within FixedContainerProvider, falling back to safe defaults @ chrome-extension://fmkadmapgofadopljbjfkapdkoienihi/build/installHook.js:0
[ 2412659ms] [WARNING] useFixedContainerSlot must be used within FixedContainerProvider, falling back to safe defaults @ chrome-extension://fmkadmapgofadopljbjfkapdkoienihi/build/installHook.js:0
[ 2412663ms] [WARNING] useFixedContainerSlot must be used within FixedContainerProvider, falling back to safe defaults @ chrome-extension://fmkadmapgofadopljbjfkapdkoienihi/build/installHook.js:0
[ 2412668ms] [WARNING] useFixedContainerSlot must be used within FixedContainerProvider, falling back to safe defaults @ chrome-extension://fmkadmapgofadopljbjfkapdkoienihi/build/installHook.js:0
[ 2412670ms] [WARNING] useFixedContainerSlot must be used within FixedContainerProvider, falling back to safe defaults @ chrome-extension://fmkadmapgofadopljbjfkapdkoienihi/build/installHook.js:0
[ 2412671ms] [WARNING] useFixedContainerSlot must be used within FixedContainerProvider, falling back to safe defaults @ chrome-extension://fmkadmapgofadopljbjfkapdkoienihi/build/installHook.js:0
[ 2412704ms] [LOG] [INFO] [Zhida: Talk] zhida:stream:Answer {message: Object, currentTime: 2026-07-20 21:58:51.419} @ https://unpkg.zhimg.com/@cfe/sentry-script@1.3.1/dist/init.js:0
[ 2412705ms] [WARNING] useFixedContainerSlot must be used within FixedContainerProvider, falling back to safe defaults @ chrome-extension://fmkadmapgofadopljbjfkapdkoienihi/build/installHook.js:0
[ 2412709ms] [WARNING] useFixedContainerSlot must be used within FixedContainerProvider, falling back to safe defaults @ chrome-extension://fmkadmapgofadopljbjfkapdkoienihi/build/installHook.js:0
[ 2412712ms] [WARNING] useFixedContainerSlot must be used within FixedContainerProvider, falling back to safe defaults @ chrome-extension://fmkadmapgofadopljbjfkapdkoienihi/build/installHook.js:0
[ 2412718ms] [WARNING] useFixedContainerSlot must be used within FixedContainerProvider, falling back to safe defaults @ chrome-extension://fmkadmapgofadopljbjfkapdkoienihi/build/installHook.js:0
[ 2412719ms] [WARNING] useFixedContainerSlot must be used within FixedContainerProvider, falling back to safe defaults @ chrome-extension://fmkadmapgofadopljbjfkapdkoienihi/build/installHook.js:0
[ 2412721ms] [WARNING] useFixedContainerSlot must be used within FixedContainerProvider, falling back to safe defaults @ chrome-extension://fmkadmapgofadopljbjfkapdkoienihi/build/installHook.js:0
[ 2412735ms] [WARNING] useFixedContainerSlot must be used within FixedContainerProvider, falling back to safe defaults @ chrome-extension://fmkadmapgofadopljbjfkapdkoienihi/build/installHook.js:0
[ 2412736ms] [WARNING] useFixedContainerSlot must be used within FixedContainerProvider, falling back to safe defaults @ chrome-extension://fmkadmapgofadopljbjfkapdkoienihi/build/installHook.js:0
[ 2412737ms] [WARNING] useFixedContainerSlot must be used within FixedContainerProvider, falling back to safe defaults @ chrome-extension://fmkadmapgofadopljbjfkapdkoienihi/build/installHook.js:0
[ 2412757ms] [WARNING] useFixedContainerSlot must be used within FixedContainerProvider, falling back to safe defaults @ chrome-extension://fmkadmapgofadopljbjfkapdkoienihi/build/installHook.js:0
[ 2412758ms] [WARNING] useFixedContainerSlot must be used within FixedContainerProvider, falling back to safe defaults @ chrome-extension://fmkadmapgofadopljbjfkapdkoienihi/build/installHook.js:0
[ 2412759ms] [WARNING] useFixedContainerSlot must be used within FixedContainerProvider, falling back to safe defaults @ chrome-extension://fmkadmapgofadopljbjfkapdkoienihi/build/installHook.js:0
[ 2412775ms] [WARNING] useFixedContainerSlot must be used within FixedContainerProvider, falling back to safe defaults @ chrome-extension://fmkadmapgofadopljbjfkapdkoienihi/build/installHook.js:0
[ 2412776ms] [WARNING] useFixedContainerSlot must be used within FixedContainerProvider, falling back to safe defaults @ chrome-extension://fmkadmapgofadopljbjfkapdkoienihi/build/installHook.js:0
[ 2412778ms] [WARNING] useFixedContainerSlot must be used within FixedContainerProvider, falling back to safe defaults @ chrome-extension://fmkadmapgofadopljbjfkapdkoienihi/build/installHook.js:0
[ 2412816ms] [LOG] [INFO] [Zhida: Talk] zhida:stream:Answer {message: Object, currentTime: 2026-07-20 21:58:51.531} @ https://unpkg.zhimg.com/@cfe/sentry-script@1.3.1/dist/init.js:0
[ 2412817ms] [WARNING] useFixedContainerSlot must be used within FixedContainerProvider, falling back to safe defaults @ chrome-extension://fmkadmapgofadopljbjfkapdkoienihi/build/installHook.js:0
[ 2412822ms] [WARNING] useFixedContainerSlot must be used within FixedContainerProvider, falling back to safe defaults @ chrome-extension://fmkadmapgofadopljbjfkapdkoienihi/build/installHook.js:0
[ 2412825ms] [WARNING] useFixedContainerSlot must be used within FixedContainerProvider, falling back to safe defaults @ chrome-extension://fmkadmapgofadopljbjfkapdkoienihi/build/installHook.js:0
[ 2412831ms] [WARNING] useFixedContainerSlot must be used within FixedContainerProvider, falling back to safe defaults @ chrome-extension://fmkadmapgofadopljbjfkapdkoienihi/build/installHook.js:0
[ 2412832ms] [WARNING] useFixedContainerSlot must be used within FixedContainerProvider, falling back to safe defaults @ chrome-extension://fmkadmapgofadopljbjfkapdkoienihi/build/installHook.js:0
[ 2412834ms] [WARNING] useFixedContainerSlot must be used within FixedContainerProvider, falling back to safe defaults @ chrome-extension://fmkadmapgofadopljbjfkapdkoienihi/build/installHook.js:0
[ 2412866ms] [LOG] [INFO] [Zhida: Talk] zhida:stream:Answer {message: Object, currentTime: 2026-07-20 21:58:51.580} @ https://unpkg.zhimg.com/@cfe/sentry-script@1.3.1/dist/init.js:0
[ 2412867ms] [WARNING] useFixedContainerSlot must be used within FixedContainerProvider, falling back to safe defaults @ chrome-extension://fmkadmapgofadopljbjfkapdkoienihi/build/installHook.js:0
[ 2412871ms] [WARNING] useFixedContainerSlot must be used within FixedContainerProvider, falling back to safe defaults @ chrome-extension://fmkadmapgofadopljbjfkapdkoienihi/build/installHook.js:0
[ 2412874ms] [WARNING] useFixedContainerSlot must be used within FixedContainerProvider, falling back to safe defaults @ chrome-extension://fmkadmapgofadopljbjfkapdkoienihi/build/installHook.js:0
[ 2412880ms] [WARNING] useFixedContainerSlot must be used within FixedContainerProvider, falling back to safe defaults @ chrome-extension://fmkadmapgofadopljbjfkapdkoienihi/build/installHook.js:0
[ 2412881ms] [WARNING] useFixedContainerSlot must be used within FixedContainerProvider, falling back to safe defaults @ chrome-extension://fmkadmapgofadopljbjfkapdkoienihi/build/installHook.js:0
[ 2412883ms] [WARNING] useFixedContainerSlot must be used within FixedContainerProvider, falling back to safe defaults @ chrome-extension://fmkadmapgofadopljbjfkapdkoienihi/build/installHook.js:0
[ 2413008ms] [WARNING] useFixedContainerSlot must be used within FixedContainerProvider, falling back to safe defaults @ chrome-extension://fmkadmapgofadopljbjfkapdkoienihi/build/installHook.js:0
[ 2413030ms] [LOG] [INFO] [Zhida: Talk] zhida:stream:Answer {message: Object, currentTime: 2026-07-20 21:58:51.744} @ https://unpkg.zhimg.com/@cfe/sentry-script@1.3.1/dist/init.js:0
[ 2413030ms] [WARNING] useFixedContainerSlot must be used within FixedContainerProvider, falling back to safe defaults @ chrome-extension://fmkadmapgofadopljbjfkapdkoienihi/build/installHook.js:0
[ 2413034ms] [WARNING] useFixedContainerSlot must be used within FixedContainerProvider, falling back to safe defaults @ chrome-extension://fmkadmapgofadopljbjfkapdkoienihi/build/installHook.js:0
[ 2413038ms] [WARNING] useFixedContainerSlot must be used within FixedContainerProvider, falling back to safe defaults @ chrome-extension://fmkadmapgofadopljbjfkapdkoienihi/build/installHook.js:0
[ 2413044ms] [WARNING] useFixedContainerSlot must be used within FixedContainerProvider, falling back to safe defaults @ chrome-extension://fmkadmapgofadopljbjfkapdkoienihi/build/installHook.js:0
[ 2413045ms] [WARNING] useFixedContainerSlot must be used within FixedContainerProvider, falling back to safe defaults @ chrome-extension://fmkadmapgofadopljbjfkapdkoienihi/build/installHook.js:0
[ 2413047ms] [WARNING] useFixedContainerSlot must be used within FixedContainerProvider, falling back to safe defaults @ chrome-extension://fmkadmapgofadopljbjfkapdkoienihi/build/installHook.js:0
[ 2413065ms] [WARNING] useFixedContainerSlot must be used within FixedContainerProvider, falling back to safe defaults @ chrome-extension://fmkadmapgofadopljbjfkapdkoienihi/build/installHook.js:0
[ 2413067ms] [WARNING] useFixedContainerSlot must be used within FixedContainerProvider, falling back to safe defaults @ chrome-extension://fmkadmapgofadopljbjfkapdkoienihi/build/installHook.js:0
[ 2413068ms] [WARNING] useFixedContainerSlot must be used within FixedContainerProvider, falling back to safe defaults @ chrome-extension://fmkadmapgofadopljbjfkapdkoienihi/build/installHook.js:0
[ 2413080ms] [LOG] [INFO] [Zhida: Talk] zhida:stream:Answer {message: Object, currentTime: 2026-07-20 21:58:51.794} @ https://unpkg.zhimg.com/@cfe/sentry-script@1.3.1/dist/init.js:0
[ 2413080ms] [WARNING] useFixedContainerSlot must be used within FixedContainerProvider, falling back to safe defaults @ chrome-extension://fmkadmapgofadopljbjfkapdkoienihi/build/installHook.js:0
[ 2413084ms] [WARNING] useFixedContainerSlot must be used within FixedContainerProvider, falling back to safe defaults @ chrome-extension://fmkadmapgofadopljbjfkapdkoienihi/build/installHook.js:0
[ 2413088ms] [WARNING] useFixedContainerSlot must be used within FixedContainerProvider, falling back to safe defaults @ chrome-extension://fmkadmapgofadopljbjfkapdkoienihi/build/installHook.js:0
[ 2413093ms] [WARNING] useFixedContainerSlot must be used within FixedContainerProvider, falling back to safe defaults @ chrome-extension://fmkadmapgofadopljbjfkapdkoienihi/build/installHook.js:0
[ 2413095ms] [WARNING] useFixedContainerSlot must be used within FixedContainerProvider, falling back to safe defaults @ chrome-extension://fmkadmapgofadopljbjfkapdkoienihi/build/installHook.js:0
[ 2413096ms] [WARNING] useFixedContainerSlot must be used within FixedContainerProvider, falling back to safe defaults @ chrome-extension://fmkadmapgofadopljbjfkapdkoienihi/build/installHook.js:0
[ 2413187ms] [LOG] [INFO] [Zhida: Talk] zhida:stream:Answer {message: Object, currentTime: 2026-07-20 21:58:51.901} @ https://unpkg.zhimg.com/@cfe/sentry-script@1.3.1/dist/init.js:0
[ 2413188ms] [WARNING] useFixedContainerSlot must be used within FixedContainerProvider, falling back to safe defaults @ chrome-extension://fmkadmapgofadopljbjfkapdkoienihi/build/installHook.js:0
[ 2413192ms] [WARNING] useFixedContainerSlot must be used within FixedContainerProvider, falling back to safe defaults @ chrome-extension://fmkadmapgofadopljbjfkapdkoienihi/build/installHook.js:0
[ 2413196ms] [WARNING] useFixedContainerSlot must be used within FixedContainerProvider, falling back to safe defaults @ chrome-extension://fmkadmapgofadopljbjfkapdkoienihi/build/installHook.js:0
[ 2413201ms] [WARNING] useFixedContainerSlot must be used within FixedContainerProvider, falling back to safe defaults @ chrome-extension://fmkadmapgofadopljbjfkapdkoienihi/build/installHook.js:0
[ 2413203ms] [WARNING] useFixedContainerSlot must be used within FixedContainerProvider, falling back to safe defaults @ chrome-extension://fmkadmapgofadopljbjfkapdkoienihi/build/installHook.js:0
[ 2413204ms] [WARNING] useFixedContainerSlot must be used within FixedContainerProvider, falling back to safe defaults @ chrome-extension://fmkadmapgofadopljbjfkapdkoienihi/build/installHook.js:0
[ 2413240ms] [LOG] [INFO] [Zhida: Talk] zhida:stream:Answer {message: Object, currentTime: 2026-07-20 21:58:51.954} @ https://unpkg.zhimg.com/@cfe/sentry-script@1.3.1/dist/init.js:0
[ 2413241ms] [WARNING] useFixedContainerSlot must be used within FixedContainerProvider, falling back to safe defaults @ chrome-extension://fmkadmapgofadopljbjfkapdkoienihi/build/installHook.js:0
[ 2413245ms] [WARNING] useFixedContainerSlot must be used within FixedContainerProvider, falling back to safe defaults @ chrome-extension://fmkadmapgofadopljbjfkapdkoienihi/build/installHook.js:0
[ 2413249ms] [WARNING] useFixedContainerSlot must be used within FixedContainerProvider, falling back to safe defaults @ chrome-extension://fmkadmapgofadopljbjfkapdkoienihi/build/installHook.js:0
[ 2413254ms] [WARNING] useFixedContainerSlot must be used within FixedContainerProvider, falling back to safe defaults @ chrome-extension://fmkadmapgofadopljbjfkapdkoienihi/build/installHook.js:0
[ 2413256ms] [WARNING] useFixedContainerSlot must be used within FixedContainerProvider, falling back to safe defaults @ chrome-extension://fmkadmapgofadopljbjfkapdkoienihi/build/installHook.js:0
[ 2413257ms] [WARNING] useFixedContainerSlot must be used within FixedContainerProvider, falling back to safe defaults @ chrome-extension://fmkadmapgofadopljbjfkapdkoienihi/build/installHook.js:0
[ 2413294ms] [LOG] [INFO] [Zhida: Talk] zhida:stream:Answer {message: Object, currentTime: 2026-07-20 21:58:52.008} @ https://unpkg.zhimg.com/@cfe/sentry-script@1.3.1/dist/init.js:0
[ 2413295ms] [WARNING] useFixedContainerSlot must be used within FixedContainerProvider, falling back to safe defaults @ chrome-extension://fmkadmapgofadopljbjfkapdkoienihi/build/installHook.js:0
[ 2413299ms] [WARNING] useFixedContainerSlot must be used within FixedContainerProvider, falling back to safe defaults @ chrome-extension://fmkadmapgofadopljbjfkapdkoienihi/build/installHook.js:0
[ 2413302ms] [WARNING] useFixedContainerSlot must be used within FixedContainerProvider, falling back to safe defaults @ chrome-extension://fmkadmapgofadopljbjfkapdkoienihi/build/installHook.js:0
[ 2413308ms] [WARNING] useFixedContainerSlot must be used within FixedContainerProvider, falling back to safe defaults @ chrome-extension://fmkadmapgofadopljbjfkapdkoienihi/build/installHook.js:0
[ 2413309ms] [WARNING] useFixedContainerSlot must be used within FixedContainerProvider, falling back to safe defaults @ chrome-extension://fmkadmapgofadopljbjfkapdkoienihi/build/installHook.js:0
[ 2413311ms] [WARNING] useFixedContainerSlot must be used within FixedContainerProvider, falling back to safe defaults @ chrome-extension://fmkadmapgofadopljbjfkapdkoienihi/build/installHook.js:0
[ 2413318ms] [WARNING] useFixedContainerSlot must be used within FixedContainerProvider, falling back to safe defaults @ chrome-extension://fmkadmapgofadopljbjfkapdkoienihi/build/installHook.js:0
[ 2413319ms] [WARNING] useFixedContainerSlot must be used within FixedContainerProvider, falling back to safe defaults @ chrome-extension://fmkadmapgofadopljbjfkapdkoienihi/build/installHook.js:0
[ 2413320ms] [WARNING] useFixedContainerSlot must be used within FixedContainerProvider, falling back to safe defaults @ chrome-extension://fmkadmapgofadopljbjfkapdkoienihi/build/installHook.js:0
[ 2413336ms] [WARNING] useFixedContainerSlot must be used within FixedContainerProvider, falling back to safe defaults @ chrome-extension://fmkadmapgofadopljbjfkapdkoienihi/build/installHook.js:0
[ 2413337ms] [WARNING] useFixedContainerSlot must be used within FixedContainerProvider, falling back to safe defaults @ chrome-extension://fmkadmapgofadopljbjfkapdkoienihi/build/installHook.js:0
[ 2413338ms] [WARNING] useFixedContainerSlot must be used within FixedContainerProvider, falling back to safe defaults @ chrome-extension://fmkadmapgofadopljbjfkapdkoienihi/build/installHook.js:0
[ 2413404ms] [LOG] [INFO] [Zhida: Talk] zhida:stream:Answer {message: Object, currentTime: 2026-07-20 21:58:52.119} @ https://unpkg.zhimg.com/@cfe/sentry-script@1.3.1/dist/init.js:0
[ 2413405ms] [WARNING] useFixedContainerSlot must be used within FixedContainerProvider, falling back to safe defaults @ chrome-extension://fmkadmapgofadopljbjfkapdkoienihi/build/installHook.js:0
[ 2413409ms] [WARNING] useFixedContainerSlot must be used within FixedContainerProvider, falling back to safe defaults @ chrome-extension://fmkadmapgofadopljbjfkapdkoienihi/build/installHook.js:0
[ 2413413ms] [WARNING] useFixedContainerSlot must be used within FixedContainerProvider, falling back to safe defaults @ chrome-extension://fmkadmapgofadopljbjfkapdkoienihi/build/installHook.js:0
[ 2413418ms] [WARNING] useFixedContainerSlot must be used within FixedContainerProvider, falling back to safe defaults @ chrome-extension://fmkadmapgofadopljbjfkapdkoienihi/build/installHook.js:0
[ 2413419ms] [WARNING] useFixedContainerSlot must be used within FixedContainerProvider, falling back to safe defaults @ chrome-extension://fmkadmapgofadopljbjfkapdkoienihi/build/installHook.js:0
[ 2413421ms] [WARNING] useFixedContainerSlot must be used within FixedContainerProvider, falling back to safe defaults @ chrome-extension://fmkadmapgofadopljbjfkapdkoienihi/build/installHook.js:0
[ 2413429ms] [WARNING] useFixedContainerSlot must be used within FixedContainerProvider, falling back to safe defaults @ chrome-extension://fmkadmapgofadopljbjfkapdkoienihi/build/installHook.js:0
[ 2413430ms] [WARNING] useFixedContainerSlot must be used within FixedContainerProvider, falling back to safe defaults @ chrome-extension://fmkadmapgofadopljbjfkapdkoienihi/build/installHook.js:0
[ 2413431ms] [WARNING] useFixedContainerSlot must be used within FixedContainerProvider, falling back to safe defaults @ chrome-extension://fmkadmapgofadopljbjfkapdkoienihi/build/installHook.js:0
[ 2413535ms] [WARNING] useFixedContainerSlot must be used within FixedContainerProvider, falling back to safe defaults @ chrome-extension://fmkadmapgofadopljbjfkapdkoienihi/build/installHook.js:0
[ 2413595ms] [WARNING] useFixedContainerSlot must be used within FixedContainerProvider, falling back to safe defaults @ chrome-extension://fmkadmapgofadopljbjfkapdkoienihi/build/installHook.js:0
[ 2413597ms] [WARNING] useFixedContainerSlot must be used within FixedContainerProvider, falling back to safe defaults @ chrome-extension://fmkadmapgofadopljbjfkapdkoienihi/build/installHook.js:0
[ 2413598ms] [WARNING] useFixedContainerSlot must be used within FixedContainerProvider, falling back to safe defaults @ chrome-extension://fmkadmapgofadopljbjfkapdkoienihi/build/installHook.js:0
[ 2413624ms] [LOG] [INFO] [Zhida: Talk] zhida:stream:Answer {message: Object, currentTime: 2026-07-20 21:58:52.339} @ https://unpkg.zhimg.com/@cfe/sentry-script@1.3.1/dist/init.js:0
[ 2413625ms] [WARNING] useFixedContainerSlot must be used within FixedContainerProvider, falling back to safe defaults @ chrome-extension://fmkadmapgofadopljbjfkapdkoienihi/build/installHook.js:0
[ 2413630ms] [WARNING] useFixedContainerSlot must be used within FixedContainerProvider, falling back to safe defaults @ chrome-extension://fmkadmapgofadopljbjfkapdkoienihi/build/installHook.js:0
[ 2413633ms] [WARNING] useFixedContainerSlot must be used within FixedContainerProvider, falling back to safe defaults @ chrome-extension://fmkadmapgofadopljbjfkapdkoienihi/build/installHook.js:0
[ 2413638ms] [WARNING] useFixedContainerSlot must be used within FixedContainerProvider, falling back to safe defaults @ chrome-extension://fmkadmapgofadopljbjfkapdkoienihi/build/installHook.js:0
[ 2413639ms] [WARNING] useFixedContainerSlot must be used within FixedContainerProvider, falling back to safe defaults @ chrome-extension://fmkadmapgofadopljbjfkapdkoienihi/build/installHook.js:0
[ 2413641ms] [WARNING] useFixedContainerSlot must be used within FixedContainerProvider, falling back to safe defaults @ chrome-extension://fmkadmapgofadopljbjfkapdkoienihi/build/installHook.js:0
[ 2413728ms] [LOG] [INFO] [Zhida: Talk] zhida:stream:Answer {message: Object, currentTime: 2026-07-20 21:58:52.442} @ https://unpkg.zhimg.com/@cfe/sentry-script@1.3.1/dist/init.js:0
[ 2413729ms] [WARNING] useFixedContainerSlot must be used within FixedContainerProvider, falling back to safe defaults @ chrome-extension://fmkadmapgofadopljbjfkapdkoienihi/build/installHook.js:0
[ 2413733ms] [WARNING] useFixedContainerSlot must be used within FixedContainerProvider, falling back to safe defaults @ chrome-extension://fmkadmapgofadopljbjfkapdkoienihi/build/installHook.js:0
[ 2413737ms] [WARNING] useFixedContainerSlot must be used within FixedContainerProvider, falling back to safe defaults @ chrome-extension://fmkadmapgofadopljbjfkapdkoienihi/build/installHook.js:0
[ 2413741ms] [WARNING] useFixedContainerSlot must be used within FixedContainerProvider, falling back to safe defaults @ chrome-extension://fmkadmapgofadopljbjfkapdkoienihi/build/installHook.js:0
[ 2413743ms] [WARNING] useFixedContainerSlot must be used within FixedContainerProvider, falling back to safe defaults @ chrome-extension://fmkadmapgofadopljbjfkapdkoienihi/build/installHook.js:0
[ 2413744ms] [WARNING] useFixedContainerSlot must be used within FixedContainerProvider, falling back to safe defaults @ chrome-extension://fmkadmapgofadopljbjfkapdkoienihi/build/installHook.js:0
[ 2413788ms] [LOG] [INFO] [Zhida: Talk] zhida:stream:Answer {message: Object, currentTime: 2026-07-20 21:58:52.502} @ https://unpkg.zhimg.com/@cfe/sentry-script@1.3.1/dist/init.js:0
[ 2413789ms] [WARNING] useFixedContainerSlot must be used within FixedContainerProvider, falling back to safe defaults @ chrome-extension://fmkadmapgofadopljbjfkapdkoienihi/build/installHook.js:0
[ 2413793ms] [WARNING] useFixedContainerSlot must be used within FixedContainerProvider, falling back to safe defaults @ chrome-extension://fmkadmapgofadopljbjfkapdkoienihi/build/installHook.js:0
[ 2413797ms] [WARNING] useFixedContainerSlot must be used within FixedContainerProvider, falling back to safe defaults @ chrome-extension://fmkadmapgofadopljbjfkapdkoienihi/build/installHook.js:0
[ 2413802ms] [WARNING] useFixedContainerSlot must be used within FixedContainerProvider, falling back to safe defaults @ chrome-extension://fmkadmapgofadopljbjfkapdkoienihi/build/installHook.js:0
[ 2413803ms] [WARNING] useFixedContainerSlot must be used within FixedContainerProvider, falling back to safe defaults @ chrome-extension://fmkadmapgofadopljbjfkapdkoienihi/build/installHook.js:0
[ 2413805ms] [WARNING] useFixedContainerSlot must be used within FixedContainerProvider, falling back to safe defaults @ chrome-extension://fmkadmapgofadopljbjfkapdkoienihi/build/installHook.js:0
[ 2413812ms] [WARNING] useFixedContainerSlot must be used within FixedContainerProvider, falling back to safe defaults @ chrome-extension://fmkadmapgofadopljbjfkapdkoienihi/build/installHook.js:0
[ 2413813ms] [WARNING] useFixedContainerSlot must be used within FixedContainerProvider, falling back to safe defaults @ chrome-extension://fmkadmapgofadopljbjfkapdkoienihi/build/installHook.js:0
[ 2413815ms] [WARNING] useFixedContainerSlot must be used within FixedContainerProvider, falling back to safe defaults @ chrome-extension://fmkadmapgofadopljbjfkapdkoienihi/build/installHook.js:0
[ 2413887ms] [LOG] [INFO] [Zhida: Talk] zhida:stream:Answer {message: Object, currentTime: 2026-07-20 21:58:52.601} @ https://unpkg.zhimg.com/@cfe/sentry-script@1.3.1/dist/init.js:0
[ 2413888ms] [WARNING] useFixedContainerSlot must be used within FixedContainerProvider, falling back to safe defaults @ chrome-extension://fmkadmapgofadopljbjfkapdkoienihi/build/installHook.js:0
[ 2413892ms] [WARNING] useFixedContainerSlot must be used within FixedContainerProvider, falling back to safe defaults @ chrome-extension://fmkadmapgofadopljbjfkapdkoienihi/build/installHook.js:0
[ 2413896ms] [WARNING] useFixedContainerSlot must be used within FixedContainerProvider, falling back to safe defaults @ chrome-extension://fmkadmapgofadopljbjfkapdkoienihi/build/installHook.js:0
[ 2413900ms] [WARNING] useFixedContainerSlot must be used within FixedContainerProvider, falling back to safe defaults @ chrome-extension://fmkadmapgofadopljbjfkapdkoienihi/build/installHook.js:0
[ 2413902ms] [WARNING] useFixedContainerSlot must be used within FixedContainerProvider, falling back to safe defaults @ chrome-extension://fmkadmapgofadopljbjfkapdkoienihi/build/installHook.js:0
[ 2413903ms] [WARNING] useFixedContainerSlot must be used within FixedContainerProvider, falling back to safe defaults @ chrome-extension://fmkadmapgofadopljbjfkapdkoienihi/build/installHook.js:0
[ 2413924ms] [WARNING] useFixedContainerSlot must be used within FixedContainerProvider, falling back to safe defaults @ chrome-extension://fmkadmapgofadopljbjfkapdkoienihi/build/installHook.js:0
[ 2413925ms] [WARNING] useFixedContainerSlot must be used within FixedContainerProvider, falling back to safe defaults @ chrome-extension://fmkadmapgofadopljbjfkapdkoienihi/build/installHook.js:0
[ 2413926ms] [WARNING] useFixedContainerSlot must be used within FixedContainerProvider, falling back to safe defaults @ chrome-extension://fmkadmapgofadopljbjfkapdkoienihi/build/installHook.js:0
[ 2413943ms] [LOG] [INFO] [Zhida: Talk] zhida:stream:Answer {message: Object, currentTime: 2026-07-20 21:58:52.657} @ https://unpkg.zhimg.com/@cfe/sentry-script@1.3.1/dist/init.js:0
[ 2413944ms] [WARNING] useFixedContainerSlot must be used within FixedContainerProvider, falling back to safe defaults @ chrome-extension://fmkadmapgofadopljbjfkapdkoienihi/build/installHook.js:0
[ 2413948ms] [WARNING] useFixedContainerSlot must be used within FixedContainerProvider, falling back to safe defaults @ chrome-extension://fmkadmapgofadopljbjfkapdkoienihi/build/installHook.js:0
[ 2413951ms] [WARNING] useFixedContainerSlot must be used within FixedContainerProvider, falling back to safe defaults @ chrome-extension://fmkadmapgofadopljbjfkapdkoienihi/build/installHook.js:0
[ 2413956ms] [WARNING] useFixedContainerSlot must be used within FixedContainerProvider, falling back to safe defaults @ chrome-extension://fmkadmapgofadopljbjfkapdkoienihi/build/installHook.js:0
[ 2413958ms] [WARNING] useFixedContainerSlot must be used within FixedContainerProvider, falling back to safe defaults @ chrome-extension://fmkadmapgofadopljbjfkapdkoienihi/build/installHook.js:0
[ 2413959ms] [WARNING] useFixedContainerSlot must be used within FixedContainerProvider, falling back to safe defaults @ chrome-extension://fmkadmapgofadopljbjfkapdkoienihi/build/installHook.js:0
[ 2414037ms] [WARNING] useFixedContainerSlot must be used within FixedContainerProvider, falling back to safe defaults @ chrome-extension://fmkadmapgofadopljbjfkapdkoienihi/build/installHook.js:0
[ 2414097ms] [LOG] [INFO] [Zhida: Talk] zhida:stream:Answer {message: Object, currentTime: 2026-07-20 21:58:52.812} @ https://unpkg.zhimg.com/@cfe/sentry-script@1.3.1/dist/init.js:0
[ 2414098ms] [WARNING] useFixedContainerSlot must be used within FixedContainerProvider, falling back to safe defaults @ chrome-extension://fmkadmapgofadopljbjfkapdkoienihi/build/installHook.js:0
[ 2414103ms] [WARNING] useFixedContainerSlot must be used within FixedContainerProvider, falling back to safe defaults @ chrome-extension://fmkadmapgofadopljbjfkapdkoienihi/build/installHook.js:0
[ 2414106ms] [WARNING] useFixedContainerSlot must be used within FixedContainerProvider, falling back to safe defaults @ chrome-extension://fmkadmapgofadopljbjfkapdkoienihi/build/installHook.js:0
[ 2414111ms] [WARNING] useFixedContainerSlot must be used within FixedContainerProvider, falling back to safe defaults @ chrome-extension://fmkadmapgofadopljbjfkapdkoienihi/build/installHook.js:0
[ 2414113ms] [WARNING] useFixedContainerSlot must be used within FixedContainerProvider, falling back to safe defaults @ chrome-extension://fmkadmapgofadopljbjfkapdkoienihi/build/installHook.js:0
[ 2414114ms] [WARNING] useFixedContainerSlot must be used within FixedContainerProvider, falling back to safe defaults @ chrome-extension://fmkadmapgofadopljbjfkapdkoienihi/build/installHook.js:0
[ 2414207ms] [LOG] [INFO] [Zhida: Talk] zhida:stream:Answer {message: Object, currentTime: 2026-07-20 21:58:52.922} @ https://unpkg.zhimg.com/@cfe/sentry-script@1.3.1/dist/init.js:0
[ 2414208ms] [WARNING] useFixedContainerSlot must be used within FixedContainerProvider, falling back to safe defaults @ chrome-extension://fmkadmapgofadopljbjfkapdkoienihi/build/installHook.js:0
[ 2414212ms] [WARNING] useFixedContainerSlot must be used within FixedContainerProvider, falling back to safe defaults @ chrome-extension://fmkadmapgofadopljbjfkapdkoienihi/build/installHook.js:0
[ 2414216ms] [WARNING] useFixedContainerSlot must be used within FixedContainerProvider, falling back to safe defaults @ chrome-extension://fmkadmapgofadopljbjfkapdkoienihi/build/installHook.js:0
[ 2414221ms] [WARNING] useFixedContainerSlot must be used within FixedContainerProvider, falling back to safe defaults @ chrome-extension://fmkadmapgofadopljbjfkapdkoienihi/build/installHook.js:0
[ 2414223ms] [WARNING] useFixedContainerSlot must be used within FixedContainerProvider, falling back to safe defaults @ chrome-extension://fmkadmapgofadopljbjfkapdkoienihi/build/installHook.js:0
[ 2414224ms] [WARNING] useFixedContainerSlot must be used within FixedContainerProvider, falling back to safe defaults @ chrome-extension://fmkadmapgofadopljbjfkapdkoienihi/build/installHook.js:0
[ 2414234ms] [WARNING] useFixedContainerSlot must be used within FixedContainerProvider, falling back to safe defaults @ chrome-extension://fmkadmapgofadopljbjfkapdkoienihi/build/installHook.js:0
[ 2414235ms] [WARNING] useFixedContainerSlot must be used within FixedContainerProvider, falling back to safe defaults @ chrome-extension://fmkadmapgofadopljbjfkapdkoienihi/build/installHook.js:0
[ 2414236ms] [WARNING] useFixedContainerSlot must be used within FixedContainerProvider, falling back to safe defaults @ chrome-extension://fmkadmapgofadopljbjfkapdkoienihi/build/installHook.js:0
[ 2414367ms] [WARNING] useFixedContainerSlot must be used within FixedContainerProvider, falling back to safe defaults @ chrome-extension://fmkadmapgofadopljbjfkapdkoienihi/build/installHook.js:0
[ 2414369ms] [WARNING] useFixedContainerSlot must be used within FixedContainerProvider, falling back to safe defaults @ chrome-extension://fmkadmapgofadopljbjfkapdkoienihi/build/installHook.js:0
[ 2414370ms] [WARNING] useFixedContainerSlot must be used within FixedContainerProvider, falling back to safe defaults @ chrome-extension://fmkadmapgofadopljbjfkapdkoienihi/build/installHook.js:0
[ 2414414ms] [WARNING] useFixedContainerSlot must be used within FixedContainerProvider, falling back to safe defaults @ chrome-extension://fmkadmapgofadopljbjfkapdkoienihi/build/installHook.js:0
[ 2414416ms] [WARNING] useFixedContainerSlot must be used within FixedContainerProvider, falling back to safe defaults @ chrome-extension://fmkadmapgofadopljbjfkapdkoienihi/build/installHook.js:0
[ 2414417ms] [WARNING] useFixedContainerSlot must be used within FixedContainerProvider, falling back to safe defaults @ chrome-extension://fmkadmapgofadopljbjfkapdkoienihi/build/installHook.js:0
[ 2414537ms] [WARNING] useFixedContainerSlot must be used within FixedContainerProvider, falling back to safe defaults @ chrome-extension://fmkadmapgofadopljbjfkapdkoienihi/build/installHook.js:0
[ 2414934ms] [WARNING] useFixedContainerSlot must be used within FixedContainerProvider, falling back to safe defaults @ chrome-extension://fmkadmapgofadopljbjfkapdkoienihi/build/installHook.js:0
[ 2414936ms] [WARNING] useFixedContainerSlot must be used within FixedContainerProvider, falling back to safe defaults @ chrome-extension://fmkadmapgofadopljbjfkapdkoienihi/build/installHook.js:0
[ 2414937ms] [WARNING] useFixedContainerSlot must be used within FixedContainerProvider, falling back to safe defaults @ chrome-extension://fmkadmapgofadopljbjfkapdkoienihi/build/installHook.js:0
[ 2415047ms] [WARNING] useFixedContainerSlot must be used within FixedContainerProvider, falling back to safe defaults @ chrome-extension://fmkadmapgofadopljbjfkapdkoienihi/build/installHook.js:0
[ 2415486ms] [WARNING] useFixedContainerSlot must be used within FixedContainerProvider, falling back to safe defaults @ chrome-extension://fmkadmapgofadopljbjfkapdkoienihi/build/installHook.js:0
[ 2415487ms] [WARNING] useFixedContainerSlot must be used within FixedContainerProvider, falling back to safe defaults @ chrome-extension://fmkadmapgofadopljbjfkapdkoienihi/build/installHook.js:0
[ 2415488ms] [WARNING] useFixedContainerSlot must be used within FixedContainerProvider, falling back to safe defaults @ chrome-extension://fmkadmapgofadopljbjfkapdkoienihi/build/installHook.js:0
[ 2415547ms] [WARNING] useFixedContainerSlot must be used within FixedContainerProvider, falling back to safe defaults @ chrome-extension://fmkadmapgofadopljbjfkapdkoienihi/build/installHook.js:0
[ 2415607ms] [WARNING] useFixedContainerSlot must be used within FixedContainerProvider, falling back to safe defaults @ chrome-extension://fmkadmapgofadopljbjfkapdkoienihi/build/installHook.js:0
[ 2415608ms] [WARNING] useFixedContainerSlot must be used within FixedContainerProvider, falling back to safe defaults @ chrome-extension://fmkadmapgofadopljbjfkapdkoienihi/build/installHook.js:0
[ 2415609ms] [WARNING] useFixedContainerSlot must be used within FixedContainerProvider, falling back to safe defaults @ chrome-extension://fmkadmapgofadopljbjfkapdkoienihi/build/installHook.js:0
[ 2415690ms] [WARNING] useFixedContainerSlot must be used within FixedContainerProvider, falling back to safe defaults @ chrome-extension://fmkadmapgofadopljbjfkapdkoienihi/build/installHook.js:0
[ 2415691ms] [WARNING] useFixedContainerSlot must be used within FixedContainerProvider, falling back to safe defaults @ chrome-extension://fmkadmapgofadopljbjfkapdkoienihi/build/installHook.js:0
[ 2415692ms] [WARNING] useFixedContainerSlot must be used within FixedContainerProvider, falling back to safe defaults @ chrome-extension://fmkadmapgofadopljbjfkapdkoienihi/build/installHook.js:0
[ 2416096ms] [WARNING] useFixedContainerSlot must be used within FixedContainerProvider, falling back to safe defaults @ chrome-extension://fmkadmapgofadopljbjfkapdkoienihi/build/installHook.js:0
[ 2416935ms] [WARNING] useFixedContainerSlot must be used within FixedContainerProvider, falling back to safe defaults @ chrome-extension://fmkadmapgofadopljbjfkapdkoienihi/build/installHook.js:0
[ 2416936ms] [WARNING] useFixedContainerSlot must be used within FixedContainerProvider, falling back to safe defaults @ chrome-extension://fmkadmapgofadopljbjfkapdkoienihi/build/installHook.js:0
[ 2416937ms] [WARNING] useFixedContainerSlot must be used within FixedContainerProvider, falling back to safe defaults @ chrome-extension://fmkadmapgofadopljbjfkapdkoienihi/build/installHook.js:0
[ 2416943ms] [WARNING] useFixedContainerSlot must be used within FixedContainerProvider, falling back to safe defaults @ chrome-extension://fmkadmapgofadopljbjfkapdkoienihi/build/installHook.js:0
[ 2417447ms] [WARNING] useFixedContainerSlot must be used within FixedContainerProvider, falling back to safe defaults @ chrome-extension://fmkadmapgofadopljbjfkapdkoienihi/build/installHook.js:0
[ 2417563ms] [LOG] [INFO] [Zhida: Talk] zhida:stream:RecommendQueries {message: Object, currentTime: 2026-07-20 21:58:56.277} @ https://unpkg.zhimg.com/@cfe/sentry-script@1.3.1/dist/init.js:0
[ 2417564ms] [WARNING] useFixedContainerSlot must be used within FixedContainerProvider, falling back to safe defaults @ chrome-extension://fmkadmapgofadopljbjfkapdkoienihi/build/installHook.js:0
[ 2417568ms] [WARNING] useFixedContainerSlot must be used within FixedContainerProvider, falling back to safe defaults @ chrome-extension://fmkadmapgofadopljbjfkapdkoienihi/build/installHook.js:0
[ 2417572ms] [WARNING] useFixedContainerSlot must be used within FixedContainerProvider, falling back to safe defaults @ chrome-extension://fmkadmapgofadopljbjfkapdkoienihi/build/installHook.js:0
[ 2417576ms] [WARNING] useFixedContainerSlot must be used within FixedContainerProvider, falling back to safe defaults @ chrome-extension://fmkadmapgofadopljbjfkapdkoienihi/build/installHook.js:0
[ 2417578ms] [WARNING] useFixedContainerSlot must be used within FixedContainerProvider, falling back to safe defaults @ chrome-extension://fmkadmapgofadopljbjfkapdkoienihi/build/installHook.js:0
[ 2417579ms] [WARNING] useFixedContainerSlot must be used within FixedContainerProvider, falling back to safe defaults @ chrome-extension://fmkadmapgofadopljbjfkapdkoienihi/build/installHook.js:0
[ 2417594ms] [WARNING] useFixedContainerSlot must be used within FixedContainerProvider, falling back to safe defaults @ chrome-extension://fmkadmapgofadopljbjfkapdkoienihi/build/installHook.js:0
[ 2417596ms] [WARNING] useFixedContainerSlot must be used within FixedContainerProvider, falling back to safe defaults @ chrome-extension://fmkadmapgofadopljbjfkapdkoienihi/build/installHook.js:0
[ 2417597ms] [WARNING] useFixedContainerSlot must be used within FixedContainerProvider, falling back to safe defaults @ chrome-extension://fmkadmapgofadopljbjfkapdkoienihi/build/installHook.js:0
[ 2417603ms] [WARNING] useFixedContainerSlot must be used within FixedContainerProvider, falling back to safe defaults @ chrome-extension://fmkadmapgofadopljbjfkapdkoienihi/build/installHook.js:0
[ 2417615ms] [LOG] [INFO] [Zhida: Talk] zhida:stream:End {message: Object, currentTime: 2026-07-20 21:58:56.329} @ https://unpkg.zhimg.com/@cfe/sentry-script@1.3.1/dist/init.js:0
[ 2417616ms] [WARNING] useFixedContainerSlot must be used within FixedContainerProvider, falling back to safe defaults @ chrome-extension://fmkadmapgofadopljbjfkapdkoienihi/build/installHook.js:0
[ 2417620ms] [WARNING] useFixedContainerSlot must be used within FixedContainerProvider, falling back to safe defaults @ chrome-extension://fmkadmapgofadopljbjfkapdkoienihi/build/installHook.js:0
[ 2417623ms] [WARNING] useFixedContainerSlot must be used within FixedContainerProvider, falling back to safe defaults @ chrome-extension://fmkadmapgofadopljbjfkapdkoienihi/build/installHook.js:0
[ 2417631ms] [WARNING] useFixedContainerSlot must be used within FixedContainerProvider, falling back to safe defaults @ chrome-extension://fmkadmapgofadopljbjfkapdkoienihi/build/installHook.js:0
[ 2417637ms] [WARNING] useFixedContainerSlot must be used within FixedContainerProvider, falling back to safe defaults @ chrome-extension://fmkadmapgofadopljbjfkapdkoienihi/build/installHook.js:0
[ 2417638ms] [WARNING] useFixedContainerSlot must be used within FixedContainerProvider, falling back to safe defaults @ chrome-extension://fmkadmapgofadopljbjfkapdkoienihi/build/installHook.js:0
[ 2417640ms] [WARNING] useFixedContainerSlot must be used within FixedContainerProvider, falling back to safe defaults @ chrome-extension://fmkadmapgofadopljbjfkapdkoienihi/build/installHook.js:0
[ 2417643ms] [WARNING] useFixedContainerSlot must be used within FixedContainerProvider, falling back to safe defaults @ chrome-extension://fmkadmapgofadopljbjfkapdkoienihi/build/installHook.js:0
[ 2417647ms] [WARNING] useFixedContainerSlot must be used within FixedContainerProvider, falling back to safe defaults @ chrome-extension://fmkadmapgofadopljbjfkapdkoienihi/build/installHook.js:0
[ 2417650ms] [WARNING] useFixedContainerSlot must be used within FixedContainerProvider, falling back to safe defaults @ chrome-extension://fmkadmapgofadopljbjfkapdkoienihi/build/installHook.js:0
[ 2417654ms] [WARNING] useFixedContainerSlot must be used within FixedContainerProvider, falling back to safe defaults @ chrome-extension://fmkadmapgofadopljbjfkapdkoienihi/build/installHook.js:0
[ 2417662ms] [WARNING] useFixedContainerSlot must be used within FixedContainerProvider, falling back to safe defaults @ chrome-extension://fmkadmapgofadopljbjfkapdkoienihi/build/installHook.js:0
[ 2417681ms] [WARNING] useFixedContainerSlot must be used within FixedContainerProvider, falling back to safe defaults @ chrome-extension://fmkadmapgofadopljbjfkapdkoienihi/build/installHook.js:0
[ 2417682ms] [WARNING] useFixedContainerSlot must be used within FixedContainerProvider, falling back to safe defaults @ chrome-extension://fmkadmapgofadopljbjfkapdkoienihi/build/installHook.js:0
[ 2417684ms] [WARNING] useFixedContainerSlot must be used within FixedContainerProvider, falling back to safe defaults @ chrome-extension://fmkadmapgofadopljbjfkapdkoienihi/build/installHook.js:0
[ 2418105ms] [WARNING] useFixedContainerSlot must be used within FixedContainerProvider, falling back to safe defaults @ chrome-extension://fmkadmapgofadopljbjfkapdkoienihi/build/installHook.js:0
[ 3098258ms] [ERROR] WebSocket connection to 'wss://mqtt-web.zhihu.com/mqtt?client_info=OS%3DWeb&user_group=zhihu_web' failed:  @ https://static.zhihu.com/heifetz/chunks/lib-74f62c79.f945c58fd5a13abc809e.js:10
